Player,Player Link,Position,Age,2024-25,2025-26,2026-27,2027-28,2028-29,Player Key,Team,Team Link
Aaron Gordon,https://www.spotrac.com/nba/player/_/id/15356,PF,29,$22841455,$22841455,$31978037,$34536280,$37094523,aaron-gordon,Denver Nuggets,https://www.spotrac.com/nba/denver-nuggets/yearly
Aaron Holiday,https://www.spotrac.com/nba/player/_/id/26989,PG,28,$4668000,$4901400,UFA,,,aaron-holiday,Houston Rockets,https://www.spotrac.com/nba/houston-rockets/yearly
Aaron Nesmith,https://www.spotrac.com/nba/player/_/id/70656,SF,25,$11000000,$11000000,$11000000,UFA,,aaron-nesmith,Indiana Pacers,https://www.spotrac.com/nba/indiana-pacers/yearly
Aaron Wiggins,https://www.spotrac.com/nba/player/_/id/74162,SG,26,$10514017,$9672897,$8831776,$7990655,$7990655,aaron-wiggins,Oklahoma City Thunder,https://www.spotrac.com/nba/oklahoma-city-thunder/yearly
Adam Flagler,https://www.spotrac.com/nba/player/_/id/86081,G,25,Two-Way,RFA,,,,adam-flagler,Oklahoma City Thunder,https://www.spotrac.com/nba/oklahoma-city-thunder/yearly
Adama Sanogo,https://www.spotrac.com/nba/player/_/id/84939,PF,22,Two-Way,RFA,,,,adama-sanogo,Chicago Bulls,https://www.spotrac.com/nba/chicago-bulls/yearly
Adem Bona,https://www.spotrac.com/nba/player/_/id/91790,C,21,$1157153,$1955377,$2296271,$2486995,UFA,adem-bona,Philadelphia 76ers,https://www.spotrac.com/nba/philadelphia-76ers/yearly
AJ Green,https://www.spotrac.com/nba/player/_/id/78250,SG,25,$2120693,$2301587,UFA,,,aj-green,Milwaukee Bucks,https://www.spotrac.com/nba/milwaukee-bucks/yearly
AJ Johnson,https://www.spotrac.com/nba/player/_/id/92952,PG,20,$2795294,$3090480,$3237120,$5493394,RFA,aj-johnson,Milwaukee Bucks,https://www.spotrac.com/nba/milwaukee-bucks/yearly
Ajay Mitchell,https://www.spotrac.com/nba/player/_/id/92958,PG,22,Two-Way,RFA,,,,ajay-mitchell,Oklahoma City Thunder,https://www.spotrac.com/nba/oklahoma-city-thunder/yearly
Al Horford,https://www.spotrac.com/nba/player/_/id/2199,C,38,$9500000,UFA,,,,al-horford,Boston Celtics,https://www.spotrac.com/nba/boston-celtics/yearly
Alec Burks,https://www.spotrac.com/nba/player/_/id/8063,SG,33,$2087519,UFA,,,,alec-burks,Miami Heat,https://www.spotrac.com/nba/miami-heat/yearly
Alex Caruso,https://www.spotrac.com/nba/player/_/id/21076,SG,30,$9890000,UFA,,,,alex-caruso,Oklahoma City Thunder,https://www.spotrac.com/nba/oklahoma-city-thunder/yearly
Alex Ducas,https://www.spotrac.com/nba/player/_/id/94882,G,24,Two-Way,RFA,,,,alex-ducas,Oklahoma City Thunder,https://www.spotrac.com/nba/oklahoma-city-thunder/yearly
Alex Len,https://www.spotrac.com/nba/player/_/id/13318,C,31,$2087519,UFA,,,,alex-len,Sacramento Kings,https://www.spotrac.com/nba/sacramento-kings/yearly
Alex Sarr,https://www.spotrac.com/nba/player/_/id/91734,PF,19,$11245680,$11808240,$12370680,$15611798,RFA,alex-sarr,Washington Wizards,https://www.spotrac.com/nba/washington-wizards/yearly
Alondes Williams,https://www.spotrac.com/nba/player/_/id/78284,G,25,Two-Way,Two-Way,RFA,,,alondes-williams,Detroit Pistons,https://www.spotrac.com/nba/detroit-pistons/yearly
Alperen Sengun,https://www.spotrac.com/nba/player/_/id/74123,C,22,$5424654,$33944954,$35642202,$37339450,$39036697,alperen-sengun,Houston Rockets,https://www.spotrac.com/nba/houston-rockets/yearly
Amen Thompson,https://www.spotrac.com/nba/player/_/id/82199,PG,22,$9249960,$9690600,$12258609,RFA,,amen-thompson,Houston Rockets,https://www.spotrac.com/nba/houston-rockets/yearly
Amir Coffey,https://www.spotrac.com/nba/player/_/id/32198,SG,27,$3938271,UFA,,,,amir-coffey,LA Clippers,https://www.spotrac.com/nba/la-clippers/yearly
Andre Drummond,https://www.spotrac.com/nba/player/_/id/10817,C,31,$5000000,$5000000,UFA,,,andre-drummond,Philadelphia 76ers,https://www.spotrac.com/nba/philadelphia-76ers/yearly
Andre Jackson Jr.,https://www.spotrac.com/nba/player/_/id/82321,SG,23,$1891857,$2221677,$2406205,UFA,,andre-jackson,Milwaukee Bucks,https://www.spotrac.com/nba/milwaukee-bucks/yearly
Andrew Nembhard,https://www.spotrac.com/nba/player/_/id/78137,PG,25,$2019699,$18102000,$19550160,$20998320,UFA,andrew-nembhard,Indiana Pacers,https://www.spotrac.com/nba/indiana-pacers/yearly
Andrew Wiggins,https://www.spotrac.com/nba/player/_/id/15353,SF,29,$26276786,$28223215,$30169644,UFA,,andrew-wiggins,Golden State Warriors,https://www.spotrac.com/nba/golden-state-warriors/yearly
Anfernee Simons,https://www.spotrac.com/nba/player/_/id/26990,SG,25,$25892857,$27678571,UFA,,,anfernee-simons,Portland Trail Blazers,https://www.spotrac.com/nba/portland-trail-blazers/yearly
Anthony Black,https://www.spotrac.com/nba/player/_/id/82203,SG,21,$7607760,$7970280,$10106316,RFA,,anthony-black,Orlando Magic,https://www.spotrac.com/nba/orlando-magic/yearly
Anthony Davis,https://www.spotrac.com/nba/player/_/id/10809,C,31,$43219440,$54126380,$58456490,$62786601,UFA,anthony-davis,Los Angeles Lakers,https://www.spotrac.com/nba/los-angeles-lakers/yearly
Anthony Edwards,https://www.spotrac.com/nba/player/_/id/70643,SG,23,$42176400,$45550512,$48924624,$52298736,$55672848,anthony-edwards,Minnesota Timberwolves,https://www.spotrac.com/nba/minnesota-timberwolves/yearly
Anthony Gill,https://www.spotrac.com/nba/player/_/id/70741,PF,32,$2087519,$2546675,UFA,,,anthony-gill,Washington Wizards,https://www.spotrac.com/nba/washington-wizards/yearly
Anton Watson,https://www.spotrac.com/nba/player/_/id/93961,PF,24,Two-Way,RFA,,,,anton-watson,Boston Celtics,https://www.spotrac.com/nba/boston-celtics/yearly
Antonio Reeves,https://www.spotrac.com/nba/player/_/id/93956,SG,24,$1157153,$1955377,$2296271,RFA,,antonio-reeves,New Orleans Pelicans,https://www.spotrac.com/nba/new-orleans-pelicans/yearly
Ariel Hukporti,https://www.spotrac.com/nba/player/_/id/93962,C,22,$1064049,$1955377,RFA,,,ariel-hukporti,New York Knicks,https://www.spotrac.com/nba/new-york-knicks/yearly
Armel Traore,https://www.spotrac.com/nba/player/_/id/94489,SG,22,Two-Way,RFA,,,,armel-traore,Los Angeles Lakers,https://www.spotrac.com/nba/los-angeles-lakers/yearly
Ausar Thompson,https://www.spotrac.com/nba/player/_/id/82200,SG,22,$8376000,$8775000,$11117925,RFA,,ausar-thompson,Detroit Pistons,https://www.spotrac.com/nba/detroit-pistons/yearly
Austin Reaves,https://www.spotrac.com/nba/player/_/id/74218,SG,26,$12976362,$13937574,$14898786,UFA,,austin-reaves,Los Angeles Lakers,https://www.spotrac.com/nba/los-angeles-lakers/yearly
Ayo Dosunmu,https://www.spotrac.com/nba/player/_/id/74145,PG,25,$7000000,$7518518,UFA,,,ayo-dosunmu,Chicago Bulls,https://www.spotrac.com/nba/chicago-bulls/yearly
Bam Adebayo,https://www.spotrac.com/nba/player/_/id/23609,C,27,$34848340,$37096620,$51033600,$55116288,$59198976,bam-adebayo,Miami Heat,https://www.spotrac.com/nba/miami-heat/yearly
Baylor Scheierman,https://www.spotrac.com/nba/player/_/id/91780,SG,24,$2494320,$2619000,$2744040,$4952993,RFA,baylor-scheierman,Boston Celtics,https://www.spotrac.com/nba/boston-celtics/yearly
Ben Sheppard,https://www.spotrac.com/nba/player/_/id/84440,SF,23,$2663880,$2790720,$5031669,RFA,,ben-sheppard,Indiana Pacers,https://www.spotrac.com/nba/indiana-pacers/yearly
Ben Simmons,https://www.spotrac.com/nba/player/_/id/20206,PG,28,$40338144,UFA,,,,ben-simmons,Brooklyn Nets,https://www.spotrac.com/nba/brooklyn-nets/yearly
Bennedict Mathurin,https://www.spotrac.com/nba/player/_/id/78115,SG,22,$7245720,$9187573,RFA,,,bennedict-mathurin,Indiana Pacers,https://www.spotrac.com/nba/indiana-pacers/yearly
Bilal Coulibaly,https://www.spotrac.com/nba/player/_/id/82317,SF,20,$6945240,$7275600,$9240012,RFA,,bilal-coulibaly,Washington Wizards,https://www.spotrac.com/nba/washington-wizards/yearly
Blake Wesley,https://www.spotrac.com/nba/player/_/id/78132,SG,21,$2624280,$4726328,RFA,,,blake-wesley,San Antonio Spurs,https://www.spotrac.com/nba/san-antonio-spurs/yearly
Bobby Portis,https://www.spotrac.com/nba/player/_/id/17850,PF,29,$12578286,$13445754,UFA,,,bobby-portis,Milwaukee Bucks,https://www.spotrac.com/nba/milwaukee-bucks/yearly
Bobi Klintman,https://www.spotrac.com/nba/player/_/id/91764,SF,21,$1257153,$1955377,$2296271,$2486995,UFA,bobi-klintman,Detroit Pistons,https://www.spotrac.com/nba/detroit-pistons/yearly
Bogdan Bogdanovic,https://www.spotrac.com/nba/player/_/id/15379,SG,32,$17260000,$16020000,$16020000,UFA,,bogdan-bogdanovic,Atlanta Hawks,https://www.spotrac.com/nba/atlanta-hawks/yearly
Bojan Bogdanovic,https://www.spotrac.com/nba/player/_/id/8083,SF,35,$19032850,UFA,,,,bojan-bogdanovic,Brooklyn Nets,https://www.spotrac.com/nba/brooklyn-nets/yearly
Bol Bol,https://www.spotrac.com/nba/player/_/id/31603,PF,25,$2087519,UFA,,,,bol-bol,Phoenix Suns,https://www.spotrac.com/nba/phoenix-suns/yearly
Boo Buie,https://www.spotrac.com/nba/player/_/id/95624,G,25,Two-Way,RFA,,,,boo-buie,New York Knicks,https://www.spotrac.com/nba/new-york-knicks/yearly
Bradley Beal,https://www.spotrac.com/nba/player/_/id/10811,SG,31,$50203930,$53666270,$57128610,UFA,,bradley-beal,Phoenix Suns,https://www.spotrac.com/nba/phoenix-suns/yearly
Branden Carlson,https://www.spotrac.com/nba/player/_/id/94490,C,25,$990895,RFA,,,,branden-carlson,Oklahoma City Thunder,https://www.spotrac.com/nba/oklahoma-city-thunder/yearly
Brandin Podziemski,https://www.spotrac.com/nba/player/_/id/84438,SG,21,$3519960,$3687960,$5679459,RFA,,brandin-podziemski,Golden State Warriors,https://www.spotrac.com/nba/golden-state-warriors/yearly
Brandon Boston Jr,https://www.spotrac.com/nba/player/_/id/74158,SG,23,Two-Way,RFA,,,,brandon-boston,New Orleans Pelicans,https://www.spotrac.com/nba/new-orleans-pelicans/yearly
Brandon Clarke,https://www.spotrac.com/nba/player/_/id/31578,PF,28,$12500000,$12500000,$12500000,UFA,,brandon-clarke,Memphis Grizzlies,https://www.spotrac.com/nba/memphis-grizzlies/yearly
Brandon Ingram,https://www.spotrac.com/nba/player/_/id/20207,SF,27,$36016200,UFA,,,,brandon-ingram,New Orleans Pelicans,https://www.spotrac.com/nba/new-orleans-pelicans/yearly
Brandon Miller,https://www.spotrac.com/nba/player/_/id/82197,SF,22,$11424600,$11968800,$15104626,RFA,,brandon-miller,Charlotte Hornets,https://www.spotrac.com/nba/charlotte-hornets/yearly
Brandon Williams,https://www.spotrac.com/nba/player/_/id/75136,PG,25,Two-Way,RFA,,,,brandon-williams,Dallas Mavericks,https://www.spotrac.com/nba/dallas-mavericks/yearly
Brice Sensabaugh,https://www.spotrac.com/nba/player/_/id/82213,SF,21,$2571480,$2693760,$4862237,RFA,,brice-sensabaugh,Utah Jazz,https://www.spotrac.com/nba/utah-jazz/yearly
Bronny James,https://www.spotrac.com/nba/player/_/id/92960,PG,20,$1157153,$1955377,$2296271,$2486995,UFA,bronny-james,Los Angeles Lakers,https://www.spotrac.com/nba/los-angeles-lakers/yearly
Brook Lopez,https://www.spotrac.com/nba/player/_/id/6136,C,36,$23000000,UFA,,,,brook-lopez,Milwaukee Bucks,https://www.spotrac.com/nba/milwaukee-bucks/yearly
Bruce Brown Jr.,https://www.spotrac.com/nba/player/_/id/27008,SG,28,$23000000,UFA,,,,bruce-brown,Toronto Raptors,https://www.spotrac.com/nba/toronto-raptors/yearly
Bruno Fernando,https://www.spotrac.com/nba/player/_/id/31593,C,26,$2087519,UFA,,,,bruno-fernando,Toronto Raptors,https://www.spotrac.com/nba/toronto-raptors/yearly
Bryce McGowens,https://www.spotrac.com/nba/player/_/id/78140,SG,22,Two-Way,RFA,,,,bryce-mcgowens,Portland Trail Blazers,https://www.spotrac.com/nba/portland-trail-blazers/yearly
Bub Carrington,https://www.spotrac.com/nba/player/_/id/91766,PG,19,$4454880,$4677600,$4900560,$7257730,RFA,bub-carrington,Washington Wizards,https://www.spotrac.com/nba/washington-wizards/yearly
Buddy Hield,https://www.spotrac.com/nba/player/_/id/20211,SG,32,$8780488,$9219512,$9658536,$10097560,UFA,buddy-hield,Golden State Warriors,https://www.spotrac.com/nba/golden-state-warriors/yearly
Cade Cunningham,https://www.spotrac.com/nba/player/_/id/74108,PG,23,$13940809,$38661750,$41754690,$44847630,$47940570,cade-cunningham,Detroit Pistons,https://www.spotrac.com/nba/detroit-pistons/yearly
Caleb Houstan,https://www.spotrac.com/nba/player/_/id/78142,SF,22,$2019699,$2187699,UFA,,,caleb-houstan,Orlando Magic,https://www.spotrac.com/nba/orlando-magic/yearly
Caleb Martin,https://www.spotrac.com/nba/player/_/id/32682,SF,29,$8149001,$8556451,$8963901,$9371351,UFA,caleb-martin,Philadelphia 76ers,https://www.spotrac.com/nba/philadelphia-76ers/yearly
Cam Reddish,https://www.spotrac.com/nba/player/_/id/31567,SF,25,$2463946,UFA,,,,cam-reddish,Los Angeles Lakers,https://www.spotrac.com/nba/los-angeles-lakers/yearly
Cam Spencer,https://www.spotrac.com/nba/player/_/id/93960,SG,24,Two-Way,RFA,,,,cam-spencer,Memphis Grizzlies,https://www.spotrac.com/nba/memphis-grizzlies/yearly
Cam Whitmore,https://www.spotrac.com/nba/player/_/id/82202,SF,20,$3379080,$3539760,$5458310,RFA,,cam-whitmore,Houston Rockets,https://www.spotrac.com/nba/houston-rockets/yearly
Cameron Christie,https://www.spotrac.com/nba/player/_/id/91777,SG,19,$1157153,$1955377,$2296271,$2486995,UFA,cameron-christie,LA Clippers,https://www.spotrac.com/nba/la-clippers/yearly
Cameron Johnson,https://www.spotrac.com/nba/player/_/id/31568,SF,28,$23625000,$21570652,$23625000,UFA,,cameron-johnson,Brooklyn Nets,https://www.spotrac.com/nba/brooklyn-nets/yearly
Cameron Payne,https://www.spotrac.com/nba/player/_/id/17842,PG,30,$2087519,UFA,,,,cameron-payne,New York Knicks,https://www.spotrac.com/nba/new-york-knicks/yearly
Cameron Thomas,https://www.spotrac.com/nba/player/_/id/74134,SG,23,$4041249,RFA,,,,cameron-thomas,Brooklyn Nets,https://www.spotrac.com/nba/brooklyn-nets/yearly
Caris LeVert,https://www.spotrac.com/nba/player/_/id/20225,SG,30,$16615384,UFA,,,,caris-levert,Cleveland Cavaliers,https://www.spotrac.com/nba/cleveland-cavaliers/yearly
Cason Wallace,https://www.spotrac.com/nba/player/_/id/82207,PG,21,$5555880,$5820240,$7420806,RFA,,cason-wallace,Oklahoma City Thunder,https://www.spotrac.com/nba/oklahoma-city-thunder/yearly
Charles Bassey,https://www.spotrac.com/nba/player/_/id/74160,C,24,$2087519,UFA,,,,charles-bassey,San Antonio Spurs,https://www.spotrac.com/nba/san-antonio-spurs/yearly
Chet Holmgren,https://www.spotrac.com/nba/player/_/id/78108,C,22,$10880640,$13731368,RFA,,,chet-holmgren,Oklahoma City Thunder,https://www.spotrac.com/nba/oklahoma-city-thunder/yearly
Chris Boucher,https://www.spotrac.com/nba/player/_/id/23671,PF,32,$10810000,UFA,,,,chris-boucher,Toronto Raptors,https://www.spotrac.com/nba/toronto-raptors/yearly
Chris Duarte,https://www.spotrac.com/nba/player/_/id/74120,SF,27,$5893768,RFA,,,,chris-duarte,Chicago Bulls,https://www.spotrac.com/nba/chicago-bulls/yearly
Chris Livingston,https://www.spotrac.com/nba/player/_/id/84483,SF,21,$1891857,$2221677,$2406205,UFA,,chris-livingston,Milwaukee Bucks,https://www.spotrac.com/nba/milwaukee-bucks/yearly
Chris Paul,https://www.spotrac.com/nba/player/_/id/2609,PG,39,$10460000,UFA,,,,chris-paul,San Antonio Spurs,https://www.spotrac.com/nba/san-antonio-spurs/yearly
Christian Braun,https://www.spotrac.com/nba/player/_/id/78148,SG,23,$3089640,$4921797,RFA,,,christian-braun,Denver Nuggets,https://www.spotrac.com/nba/denver-nuggets/yearly
Christian Koloko,https://www.spotrac.com/nba/player/_/id/78131,C,24,Two-Way,RFA,,,,christian-koloko,Los Angeles Lakers,https://www.spotrac.com/nba/los-angeles-lakers/yearly
Christian Wood,https://www.spotrac.com/nba/player/_/id/18218,C,29,$3036040,UFA,,,,christian-wood,Los Angeles Lakers,https://www.spotrac.com/nba/los-angeles-lakers/yearly
C.J. McCollum,https://www.spotrac.com/nba/player/_/id/13323,SG,33,$33333333,$30666666,UFA,,,cj-mccollum,New Orleans Pelicans,https://www.spotrac.com/nba/new-orleans-pelicans/yearly
Clint Capela,https://www.spotrac.com/nba/player/_/id/15377,C,30,$22265280,UFA,,,,clint-capela,Atlanta Hawks,https://www.spotrac.com/nba/atlanta-hawks/yearly
Coby White,https://www.spotrac.com/nba/player/_/id/31564,PG,24,$12000000,$12888889,UFA,,,coby-white,Chicago Bulls,https://www.spotrac.com/nba/chicago-bulls/yearly
Cody Martin,https://www.spotrac.com/nba/player/_/id/31595,SF,29,$8120000,$8680000,UFA,,,cody-martin,Charlotte Hornets,https://www.spotrac.com/nba/charlotte-hornets/yearly
Cody Williams,https://www.spotrac.com/nba/player/_/id/91752,SG,20,$5469120,$5742480,$6015600,$7669890,RFA,cody-williams,Utah Jazz,https://www.spotrac.com/nba/utah-jazz/yearly
Cody Zeller,https://www.spotrac.com/nba/player/_/id/13317,C,32,$3500000,$3675000,$3850000,UFA,,cody-zeller,Atlanta Hawks,https://www.spotrac.com/nba/atlanta-hawks/yearly
Colby Jones,https://www.spotrac.com/nba/player/_/id/82320,SG,22,$2120693,$2221677,$2406205,UFA,,colby-jones,Sacramento Kings,https://www.spotrac.com/nba/sacramento-kings/yearly
Cole Anthony,https://www.spotrac.com/nba/player/_/id/70657,PG,24,$12900000,$13100000,$13100000,UFA,,cole-anthony,Orlando Magic,https://www.spotrac.com/nba/orlando-magic/yearly
Cole Swider,https://www.spotrac.com/nba/player/_/id/78257,F,25,Two-Way,RFA,,,,cole-swider,Detroit Pistons,https://www.spotrac.com/nba/detroit-pistons/yearly
Colin Castleton,https://www.spotrac.com/nba/player/_/id/84736,PF,24,Two-Way,RFA,,,,colin-castleton,Memphis Grizzlies,https://www.spotrac.com/nba/memphis-grizzlies/yearly
Collin Gillespie,https://www.spotrac.com/nba/player/_/id/78276,PG,25,Two-Way,RFA,,,,collin-gillespie,Phoenix Suns,https://www.spotrac.com/nba/phoenix-suns/yearly
Collin Sexton,https://www.spotrac.com/nba/player/_/id/26974,PG,26,$18350000,$19175000,UFA,,,collin-sexton,Utah Jazz,https://www.spotrac.com/nba/utah-jazz/yearly
Corey Kispert,https://www.spotrac.com/nba/player/_/id/74122,SF,25,$5705888,$13975000,$13975000,$13025000,$13025000,corey-kispert,Washington Wizards,https://www.spotrac.com/nba/washington-wizards/yearly
Cory Joseph,https://www.spotrac.com/nba/player/_/id/8080,PG,33,$3303771,$3468960,UFA,,,cory-joseph,Orlando Magic,https://www.spotrac.com/nba/orlando-magic/yearly
Craig Porter Jr.,https://www.spotrac.com/nba/player/_/id/84768,G,24,$1891857,$2221677,$2406205,UFA,,craig-porter,Cleveland Cavaliers,https://www.spotrac.com/nba/cleveland-cavaliers/yearly
Daishen Nix,https://www.spotrac.com/nba/player/_/id/74357,PG,22,Two-Way,RFA,,,,daishen-nix,Minnesota Timberwolves,https://www.spotrac.com/nba/minnesota-timberwolves/yearly
Dalano Banton,https://www.spotrac.com/nba/player/_/id/74153,PG,25,$2196970,UFA,,,,dalano-banton,Portland Trail Blazers,https://www.spotrac.com/nba/portland-trail-blazers/yearly
Dalen Terry,https://www.spotrac.com/nba/player/_/id/78128,SG,22,$3510480,$5399118,RFA,,,dalen-terry,Chicago Bulls,https://www.spotrac.com/nba/chicago-bulls/yearly
Dalton Knecht,https://www.spotrac.com/nba/player/_/id/91749,SF,23,$3819120,$4010160,$4201080,$6452860,RFA,dalton-knecht,Los Angeles Lakers,https://www.spotrac.com/nba/los-angeles-lakers/yearly
Damian Lillard,https://www.spotrac.com/nba/player/_/id/10814,PG,34,$48787676,$54126380,$58456490,UFA,,damian-lillard,Milwaukee Bucks,https://www.spotrac.com/nba/milwaukee-bucks/yearly
Damion Lee,https://www.spotrac.com/nba/player/_/id/21063,SG,32,$2087519,UFA,,,,damion-lee,Phoenix Suns,https://www.spotrac.com/nba/phoenix-suns/yearly
D'Angelo Russell,https://www.spotrac.com/nba/player/_/id/17830,PG,28,$18692307,UFA,,,,dangelo-russell,Los Angeles Lakers,https://www.spotrac.com/nba/los-angeles-lakers/yearly
Daniel Gafford,https://www.spotrac.com/nba/player/_/id/31597,C,26,$13394160,$14386320,UFA,,,daniel-gafford,Dallas Mavericks,https://www.spotrac.com/nba/dallas-mavericks/yearly
Daniel Theis,https://www.spotrac.com/nba/player/_/id/23828,C,32,$2087519,UFA,,,,daniel-theis,New Orleans Pelicans,https://www.spotrac.com/nba/new-orleans-pelicans/yearly
Daniss Jenkins,https://www.spotrac.com/nba/player/_/id/94498,G,23,Two-Way,RFA,,,,daniss-jenkins,Detroit Pistons,https://www.spotrac.com/nba/detroit-pistons/yearly
Dante Exum,https://www.spotrac.com/nba/player/_/id/15357,PG,29,$3150000,UFA,,,,dante-exum,Dallas Mavericks,https://www.spotrac.com/nba/dallas-mavericks/yearly
DaQuan Jeffries,https://www.spotrac.com/nba/player/_/id/32680,SG,27,$2425404,$2743776,$3080918,UFA,,daquan-jeffries,Charlotte Hornets,https://www.spotrac.com/nba/charlotte-hornets/yearly
Dario Saric,https://www.spotrac.com/nba/player/_/id/15364,PF,30,$5168000,$5426400,UFA,,,dario-saric,Denver Nuggets,https://www.spotrac.com/nba/denver-nuggets/yearly
Dariq Whitehead,https://www.spotrac.com/nba/player/_/id/82273,SG,20,$3114240,$3262560,$5366912,RFA,,dariq-whitehead,Brooklyn Nets,https://www.spotrac.com/nba/brooklyn-nets/yearly
Darius Garland,https://www.spotrac.com/nba/player/_/id/31562,PG,25,$36725670,$39446090,$42166510,$44886930,UFA,darius-garland,Cleveland Cavaliers,https://www.spotrac.com/nba/cleveland-cavaliers/yearly
DaRon Holmes II,https://www.spotrac.com/nba/player/_/id/91791,PF,22,$3065640,$3218760,$3372120,$5547138,RFA,daron-holmes,Denver Nuggets,https://www.spotrac.com/nba/denver-nuggets/yearly
David Duke Jr.,https://www.spotrac.com/nba/player/_/id/74239,SG,25,Two-Way,RFA,,,,david-duke,San Antonio Spurs,https://www.spotrac.com/nba/san-antonio-spurs/yearly
David Jones,https://www.spotrac.com/nba/player/_/id/95272,SF,23,Two-Way,RFA,,,,david-jones,Utah Jazz,https://www.spotrac.com/nba/utah-jazz/yearly
David Roddy,https://www.spotrac.com/nba/player/_/id/78149,PF,23,$2847240,UFA,UFA,,,david-roddy,Atlanta Hawks,https://www.spotrac.com/nba/atlanta-hawks/yearly
Davion Mitchell,https://www.spotrac.com/nba/player/_/id/74116,PG,26,$6451077,RFA,,,,davion-mitchell,Toronto Raptors,https://www.spotrac.com/nba/toronto-raptors/yearly
Day'Ron Sharpe,https://www.spotrac.com/nba/player/_/id/74136,C,23,$3989122,RFA,,,,dayron-sharpe,Brooklyn Nets,https://www.spotrac.com/nba/brooklyn-nets/yearly
De'Aaron Fox,https://www.spotrac.com/nba/player/_/id/23600,PG,27,$34848340,$37096620,UFA,,,deaaron-fox,Sacramento Kings,https://www.spotrac.com/nba/sacramento-kings/yearly
Dean Wade,https://www.spotrac.com/nba/player/_/id/31963,PF,28,$6166667,$6623456,UFA,,,dean-wade,Cleveland Cavaliers,https://www.spotrac.com/nba/cleveland-cavaliers/yearly
Deandre Ayton,https://www.spotrac.com/nba/player/_/id/26967,C,26,$34005126,$35550814,UFA,,,deandre-ayton,Portland Trail Blazers,https://www.spotrac.com/nba/portland-trail-blazers/yearly
De'Andre Hunter,https://www.spotrac.com/nba/player/_/id/31561,SF,27,$21696429,$23303571,$24910714,UFA,,deandre-hunter,Atlanta Hawks,https://www.spotrac.com/nba/atlanta-hawks/yearly
DeAndre Jordan,https://www.spotrac.com/nba/player/_/id/6117,C,36,$2087519,UFA,,,,deandre-jordan,Denver Nuggets,https://www.spotrac.com/nba/denver-nuggets/yearly
De'Anthony Melton,https://www.spotrac.com/nba/player/_/id/27012,SG,26,$12822000,UFA,,,,deanthony-melton,Golden State Warriors,https://www.spotrac.com/nba/golden-state-warriors/yearly
Dejounte Murray,https://www.spotrac.com/nba/player/_/id/20234,PG,28,$29517134,$31557102,$33597070,$31619503,UFA,dejounte-murray,New Orleans Pelicans,https://www.spotrac.com/nba/new-orleans-pelicans/yearly
Delon Wright,https://www.spotrac.com/nba/player/_/id/17848,PG,32,$2087519,UFA,,,,delon-wright,Milwaukee Bucks,https://www.spotrac.com/nba/milwaukee-bucks/yearly
DeMar DeRozan,https://www.spotrac.com/nba/player/_/id/6327,SF,35,$23400000,$24750000,$25740000,UFA,,demar-derozan,Sacramento Kings,https://www.spotrac.com/nba/sacramento-kings/yearly
Deni Avdija,https://www.spotrac.com/nba/player/_/id/70651,SF,24,$15625000,$14375000,$13125000,$11875000,UFA,deni-avdija,Portland Trail Blazers,https://www.spotrac.com/nba/portland-trail-blazers/yearly
Dennis Schröder,https://www.spotrac.com/nba/player/_/id/13330,PG,31,$13025250,UFA,,,,dennis-schroder,Brooklyn Nets,https://www.spotrac.com/nba/brooklyn-nets/yearly
Dereck Lively II,https://www.spotrac.com/nba/player/_/id/82272,C,20,$5014560,$5253360,$7239131,RFA,,dereck-lively,Dallas Mavericks,https://www.spotrac.com/nba/dallas-mavericks/yearly
Derrick Jones Jr.,https://www.spotrac.com/nba/player/_/id/21067,SF,27,$9523810,$10000000,$10476190,UFA,,derrick-jones,LA Clippers,https://www.spotrac.com/nba/la-clippers/yearly
Derrick White,https://www.spotrac.com/nba/player/_/id/23624,PG,30,$20071429,$28100000,$30348000,$32596000,$34844000,derrick-white,Boston Celtics,https://www.spotrac.com/nba/boston-celtics/yearly
Desmond Bane,https://www.spotrac.com/nba/player/_/id/70672,SG,26,$34005250,$36725670,$39446090,$42166510,$44886930,desmond-bane,Memphis Grizzlies,https://www.spotrac.com/nba/memphis-grizzlies/yearly
Devin Booker,https://www.spotrac.com/nba/player/_/id/17841,SG,28,$49205800,$53142264,$57078728,$61015192,UFA,devin-booker,Phoenix Suns,https://www.spotrac.com/nba/phoenix-suns/yearly
Devin Carter,https://www.spotrac.com/nba/player/_/id/91758,PG,22,$4689000,$4923720,$5158080,$7370897,RFA,devin-carter,Sacramento Kings,https://www.spotrac.com/nba/sacramento-kings/yearly
Devin Vassell,https://www.spotrac.com/nba/player/_/id/70653,SG,24,$29347826,$27000000,$27000000,$24652174,$27000000,devin-vassell,San Antonio Spurs,https://www.spotrac.com/nba/san-antonio-spurs/yearly
Dillon Brooks,https://www.spotrac.com/nba/player/_/id/23646,SF,29,$22255493,$21124110,$19992727,UFA,,dillon-brooks,Houston Rockets,https://www.spotrac.com/nba/houston-rockets/yearly
Dillon Jones,https://www.spotrac.com/nba/player/_/id/91778,SF,23,$2622360,$2753280,$2884440,$5200646,RFA,dillon-jones,Oklahoma City Thunder,https://www.spotrac.com/nba/oklahoma-city-thunder/yearly
D.J. Carton,https://www.spotrac.com/nba/player/_/id/74252,PG,24,Two-Way,RFA,,,,dj-carton,Toronto Raptors,https://www.spotrac.com/nba/toronto-raptors/yearly
D.J. Steward,https://www.spotrac.com/nba/player/_/id/74473,PG,23,Two-Way,RFA,,,,dj-steward,Chicago Bulls,https://www.spotrac.com/nba/chicago-bulls/yearly
Domantas Sabonis,https://www.spotrac.com/nba/player/_/id/20216,PF,28,$40500000,$43636000,$46772000,$49908000,UFA,domantas-sabonis,Sacramento Kings,https://www.spotrac.com/nba/sacramento-kings/yearly
Dominick Barlow,https://www.spotrac.com/nba/player/_/id/78565,PF,21,Two-Way,RFA,,,,dominick-barlow,Atlanta Hawks,https://www.spotrac.com/nba/atlanta-hawks/yearly
Donovan Clingan,https://www.spotrac.com/nba/player/_/id/91735,C,20,$6836400,$7178400,$7519920,$9550298,RFA,donovan-clingan,Portland Trail Blazers,https://www.spotrac.com/nba/portland-trail-blazers/yearly
Donovan Mitchell,https://www.spotrac.com/nba/player/_/id/23608,SG,28,$35410310,$46394100,$50105628,$53817156,UFA,donovan-mitchell,Cleveland Cavaliers,https://www.spotrac.com/nba/cleveland-cavaliers/yearly
Donte DiVincenzo,https://www.spotrac.com/nba/player/_/id/26983,SG,28,$11445000,$11990000,$12535000,UFA,,donte-divincenzo,Minnesota Timberwolves,https://www.spotrac.com/nba/minnesota-timberwolves/yearly
Dorian Finney-Smith,https://www.spotrac.com/nba/player/_/id/20757,PF,31,$14924167,$15378480,UFA,,,dorian-finney-smith,Brooklyn Nets,https://www.spotrac.com/nba/brooklyn-nets/yearly
Doug McDermott,https://www.spotrac.com/nba/player/_/id/15363,SF,33,$2087519,UFA,,,,doug-mcdermott,Sacramento Kings,https://www.spotrac.com/nba/sacramento-kings/yearly
Draymond Green,https://www.spotrac.com/nba/player/_/id/10860,PF,34,$24107143,$25892857,$27678571,UFA,,draymond-green,Golden State Warriors,https://www.spotrac.com/nba/golden-state-warriors/yearly
Drew Eubanks,https://www.spotrac.com/nba/player/_/id/28052,C,28,$5000000,$4750000,UFA,,,drew-eubanks,Utah Jazz,https://www.spotrac.com/nba/utah-jazz/yearly
Drew Peterson,https://www.spotrac.com/nba/player/_/id/85837,F,25,Two-Way,RFA,,,,drew-peterson,Boston Celtics,https://www.spotrac.com/nba/boston-celtics/yearly
Dru Smith,https://www.spotrac.com/nba/player/_/id/74420,SG,27,Two-Way,RFA,,,,dru-smith,Miami Heat,https://www.spotrac.com/nba/miami-heat/yearly
Duncan Robinson,https://www.spotrac.com/nba/player/_/id/27658,SF,30,$19406000,$19888000,UFA,,,duncan-robinson,Miami Heat,https://www.spotrac.com/nba/miami-heat/yearly
Duop Reath,https://www.spotrac.com/nba/player/_/id/86051,C,28,$2048780,$2221677,RFA,,,duop-reath,Portland Trail Blazers,https://www.spotrac.com/nba/portland-trail-blazers/yearly
Dwight Powell,https://www.spotrac.com/nba/player/_/id/15397,C,33,$4000000,$4000000,UFA,,,dwight-powell,Dallas Mavericks,https://www.spotrac.com/nba/dallas-mavericks/yearly
Dyson Daniels,https://www.spotrac.com/nba/player/_/id/78114,PG,21,$6059520,$7707709,RFA,,,dyson-daniels,Atlanta Hawks,https://www.spotrac.com/nba/atlanta-hawks/yearly
E.J. Liddell,https://www.spotrac.com/nba/player/_/id/78129,PF,24,Two-Way,RFA,,,,ej-liddell,Chicago Bulls,https://www.spotrac.com/nba/chicago-bulls/yearly
Emoni Bates,https://www.spotrac.com/nba/player/_/id/84475,SG,21,Two-Way,RFA,,,,emoni-bates,Cleveland Cavaliers,https://www.spotrac.com/nba/cleveland-cavaliers/yearly
Enrique Freeman,https://www.spotrac.com/nba/player/_/id/93958,PF,24,Two-Way,RFA,,,,enrique-freeman,Indiana Pacers,https://www.spotrac.com/nba/indiana-pacers/yearly
Eric Gordon,https://www.spotrac.com/nba/player/_/id/6116,SG,36,$3303771,$3468960,UFA,,,eric-gordon,Philadelphia 76ers,https://www.spotrac.com/nba/philadelphia-76ers/yearly
Evan Mobley,https://www.spotrac.com/nba/player/_/id/74110,PF,23,$11227657,$38661750,$41754690,$44847630,$47940570,evan-mobley,Cleveland Cavaliers,https://www.spotrac.com/nba/cleveland-cavaliers/yearly
Franz Wagner,https://www.spotrac.com/nba/player/_/id/74115,SF,23,$7007092,$38661750,$41754690,$44847630,$47940570,franz-wagner,Orlando Magic,https://www.spotrac.com/nba/orlando-magic/yearly
Fred VanVleet,https://www.spotrac.com/nba/player/_/id/20778,PG,30,$42846615,$44886930,UFA,,,fred-vanvleet,Houston Rockets,https://www.spotrac.com/nba/houston-rockets/yearly
Gabe Vincent,https://www.spotrac.com/nba/player/_/id/28087,PG,28,$11000000,$11500000,UFA,,,gabe-vincent,Los Angeles Lakers,https://www.spotrac.com/nba/los-angeles-lakers/yearly
Garrett Temple,https://www.spotrac.com/nba/player/_/id/6492,SG,38,$2087519,UFA,,,,garrett-temple,Toronto Raptors,https://www.spotrac.com/nba/toronto-raptors/yearly
Garrison Mathews,https://www.spotrac.com/nba/player/_/id/32044,SG,28,$2230253,UFA,,,,garrison-mathews,Atlanta Hawks,https://www.spotrac.com/nba/atlanta-hawks/yearly
Gary Harris,https://www.spotrac.com/nba/player/_/id/15371,SG,30,$7500000,$7500000,UFA,,,gary-harris,Orlando Magic,https://www.spotrac.com/nba/orlando-magic/yearly
Gary Payton II,https://www.spotrac.com/nba/player/_/id/20272,PG,32,$9130000,UFA,,,,gary-payton,Golden State Warriors,https://www.spotrac.com/nba/golden-state-warriors/yearly
Gary Trent Jr.,https://www.spotrac.com/nba/player/_/id/27003,SG,26,$2087519,UFA,,,,gary-trent,Milwaukee Bucks,https://www.spotrac.com/nba/milwaukee-bucks/yearly
Georges Niang,https://www.spotrac.com/nba/player/_/id/20256,PF,31,$8500000,$8200000,UFA,,,georges-niang,Cleveland Cavaliers,https://www.spotrac.com/nba/cleveland-cavaliers/yearly
G.G. Jackson,https://www.spotrac.com/nba/player/_/id/85972,PF,20,$1891857,$2221677,$2406205,UFA,,gg-jackson,Memphis Grizzlies,https://www.spotrac.com/nba/memphis-grizzlies/yearly
Giannis Antetokounmpo,https://www.spotrac.com/nba/player/_/id/13328,PF,30,$48787676,$54126380,$58456490,$62786601,UFA,giannis-antetokounmpo,Milwaukee Bucks,https://www.spotrac.com/nba/milwaukee-bucks/yearly
Goga Bitadze,https://www.spotrac.com/nba/player/_/id/31575,C,25,$9057971,$8333333,$7608696,UFA,,goga-bitadze,Orlando Magic,https://www.spotrac.com/nba/orlando-magic/yearly
Gradey Dick,https://www.spotrac.com/nba/player/_/id/82204,SG,21,$4763760,$4990560,$7131511,RFA,,gradey-dick,Toronto Raptors,https://www.spotrac.com/nba/toronto-raptors/yearly
Grant Williams,https://www.spotrac.com/nba/player/_/id/31579,PF,26,$13025250,$13645500,$14265750,UFA,,grant-williams,Charlotte Hornets,https://www.spotrac.com/nba/charlotte-hornets/yearly
Grayson Allen,https://www.spotrac.com/nba/player/_/id/26987,SG,29,$15625000,$16875000,$18125000,$19375000,UFA,grayson-allen,Phoenix Suns,https://www.spotrac.com/nba/phoenix-suns/yearly
Guerschon Yabusele,https://www.spotrac.com/nba/player/_/id/20221,PF,29,$2087519,RFA,,,,guerschon-yabusele,Philadelphia 76ers,https://www.spotrac.com/nba/philadelphia-76ers/yearly
Gui Santos,https://www.spotrac.com/nba/player/_/id/78165,SF,22,$1891857,$2221677,RFA,,,gui-santos,Golden State Warriors,https://www.spotrac.com/nba/golden-state-warriors/yearly
Harrison Barnes,https://www.spotrac.com/nba/player/_/id/10815,PF,32,$18000000,$19000000,UFA,,,harrison-barnes,San Antonio Spurs,https://www.spotrac.com/nba/san-antonio-spurs/yearly
Harrison Ingram,https://www.spotrac.com/nba/player/_/id/91775,SF,22,Two-Way,RFA,,,,harrison-ingram,San Antonio Spurs,https://www.spotrac.com/nba/san-antonio-spurs/yearly
Haywood Highsmith,https://www.spotrac.com/nba/player/_/id/28301,F,28,$5200000,$5616000,UFA,,,haywood-highsmith,Miami Heat,https://www.spotrac.com/nba/miami-heat/yearly
Herb Jones,https://www.spotrac.com/nba/player/_/id/74142,SF,26,$12976362,$13937574,$14898786,UFA,,herb-jones,New Orleans Pelicans,https://www.spotrac.com/nba/new-orleans-pelicans/yearly
Hunter Tyson,https://www.spotrac.com/nba/player/_/id/84466,SF,24,$1891857,$2221677,$2406205,UFA,,hunter-tyson,Denver Nuggets,https://www.spotrac.com/nba/denver-nuggets/yearly
Immanuel Quickley,https://www.spotrac.com/nba/player/_/id/70667,PG,25,$32500000,$32500000,$32500000,$32500000,$32500000,immanuel-quickley,Toronto Raptors,https://www.spotrac.com/nba/toronto-raptors/yearly
Isaac Jones,https://www.spotrac.com/nba/player/_/id/94481,C,24,Two-Way,RFA,,,,isaac-jones,Sacramento Kings,https://www.spotrac.com/nba/sacramento-kings/yearly
Isaac Okoro,https://www.spotrac.com/nba/player/_/id/70647,SG,24,$10185186,$11000000,$11814814,UFA,,isaac-okoro,Cleveland Cavaliers,https://www.spotrac.com/nba/cleveland-cavaliers/yearly
Isaiah Collier,https://www.spotrac.com/nba/player/_/id/91753,PG,20,$2512680,$2638200,$2763960,$4988948,RFA,isaiah-collier,Utah Jazz,https://www.spotrac.com/nba/utah-jazz/yearly
Isaiah Crawford,https://www.spotrac.com/nba/player/_/id/94482,G,23,Two-Way,RFA,,,,isaiah-crawford,Sacramento Kings,https://www.spotrac.com/nba/sacramento-kings/yearly
Isaiah Hartenstein,https://www.spotrac.com/nba/player/_/id/23644,C,26,$30000000,$28500000,$28500000,UFA,,isaiah-hartenstein,Oklahoma City Thunder,https://www.spotrac.com/nba/oklahoma-city-thunder/yearly
Isaiah Jackson,https://www.spotrac.com/nba/player/_/id/74129,PF,23,$4435381,RFA,,,,isaiah-jackson,Indiana Pacers,https://www.spotrac.com/nba/indiana-pacers/yearly
Isaiah Joe,https://www.spotrac.com/nba/player/_/id/70691,SG,25,$12991650,$12362338,$11323006,$11323006,UFA,isaiah-joe,Oklahoma City Thunder,https://www.spotrac.com/nba/oklahoma-city-thunder/yearly
Isaiah Stewart,https://www.spotrac.com/nba/player/_/id/70658,C,23,$15000000,$15000000,$15000000,$15000000,UFA,isaiah-stewart,Detroit Pistons,https://www.spotrac.com/nba/detroit-pistons/yearly
Isaiah Wong,https://www.spotrac.com/nba/player/_/id/84481,PG,24,Two-Way,RFA,,,,isaiah-wong,Charlotte Hornets,https://www.spotrac.com/nba/charlotte-hornets/yearly
Ivica Zubac,https://www.spotrac.com/nba/player/_/id/20238,C,27,$11743210,$18102000,$19550160,$20998320,UFA,ivica-zubac,LA Clippers,https://www.spotrac.com/nba/la-clippers/yearly
Ja Morant,https://www.spotrac.com/nba/player/_/id/31559,PG,25,$36725670,$39446090,$42166510,$44886930,UFA,ja-morant,Memphis Grizzlies,https://www.spotrac.com/nba/memphis-grizzlies/yearly
Jabari Smith Jr.,https://www.spotrac.com/nba/player/_/id/78109,PF,21,$9770880,$12350392,RFA,,,jabari-smith,Houston Rockets,https://www.spotrac.com/nba/houston-rockets/yearly
Jabari Walker,https://www.spotrac.com/nba/player/_/id/78167,SF,22,$2019699,RFA,,,,jabari-walker,Portland Trail Blazers,https://www.spotrac.com/nba/portland-trail-blazers/yearly
Jack McVeigh,https://www.spotrac.com/nba/player/_/id/95281,F,28,Two-Way,RFA,,,,jack-mcveigh,Houston Rockets,https://www.spotrac.com/nba/houston-rockets/yearly
Jacob Toppin,https://www.spotrac.com/nba/player/_/id/84769,SF,24,Two-Way,RFA,,,,jacob-toppin,New York Knicks,https://www.spotrac.com/nba/new-york-knicks/yearly
Jaden Hardy,https://www.spotrac.com/nba/player/_/id/78130,SG,22,$2019699,$6000000,$6000000,$6000000,UFA,jaden-hardy,Dallas Mavericks,https://www.spotrac.com/nba/dallas-mavericks/yearly
Jaden Ivey,https://www.spotrac.com/nba/player/_/id/78111,SG,22,$7977240,$10107163,RFA,,,jaden-ivey,Detroit Pistons,https://www.spotrac.com/nba/detroit-pistons/yearly
Jaden McDaniels,https://www.spotrac.com/nba/player/_/id/70670,PF,24,$23017242,$24858621,$26700000,$28541379,$30382758,jaden-mcdaniels,Minnesota Timberwolves,https://www.spotrac.com/nba/minnesota-timberwolves/yearly
Jaden Springer,https://www.spotrac.com/nba/player/_/id/74135,PG,22,$4018363,RFA,,,,jaden-springer,Boston Celtics,https://www.spotrac.com/nba/boston-celtics/yearly
Jae Crowder,https://www.spotrac.com/nba/player/_/id/10859,SF,34,$1655619,UFA,,,,jae-crowder,Sacramento Kings,https://www.spotrac.com/nba/sacramento-kings/yearly
Jae’Sean Tate,https://www.spotrac.com/nba/player/_/id/70758,SF,29,$7565217,UFA,,,,jaesean-tate,Houston Rockets,https://www.spotrac.com/nba/houston-rockets/yearly
Jaime Jaquez Jr.,https://www.spotrac.com/nba/player/_/id/82323,SF,23,$3685800,$3861600,$5939141,RFA,,jaime-jaquez,Miami Heat,https://www.spotrac.com/nba/miami-heat/yearly
Jake LaRavia,https://www.spotrac.com/nba/player/_/id/78141,PF,23,$3352680,UFA,,,,jake-laravia,Memphis Grizzlies,https://www.spotrac.com/nba/memphis-grizzlies/yearly
Jakob Poeltl,https://www.spotrac.com/nba/player/_/id/20214,C,29,$19500000,$19500000,$19500000,UFA,,jakob-poeltl,Toronto Raptors,https://www.spotrac.com/nba/toronto-raptors/yearly
Ja'Kobe Walter,https://www.spotrac.com/nba/player/_/id/91754,SG,20,$3465000,$3638160,$3811800,$5870172,RFA,jakobe-walter,Toronto Raptors,https://www.spotrac.com/nba/toronto-raptors/yearly
Jalen Bridges,https://www.spotrac.com/nba/player/_/id/94479,SG,23,Two-Way,RFA,,,,jalen-bridges,Phoenix Suns,https://www.spotrac.com/nba/phoenix-suns/yearly
Jalen Brunson,https://www.spotrac.com/nba/player/_/id/26999,PG,28,$24960001,$34944001,$37739521,$40535041,$43330561,jalen-brunson,New York Knicks,https://www.spotrac.com/nba/new-york-knicks/yearly
Jalen Duren,https://www.spotrac.com/nba/player/_/id/78116,C,21,$4536840,$6483144,RFA,,,jalen-duren,Detroit Pistons,https://www.spotrac.com/nba/detroit-pistons/yearly
Jalen Green,https://www.spotrac.com/nba/player/_/id/74109,SG,22,$12483048,$33333333,$36000000,$36000000,UFA,jalen-green,Houston Rockets,https://www.spotrac.com/nba/houston-rockets/yearly
Jalen Hood-Schifino,https://www.spotrac.com/nba/player/_/id/82210,PG,21,$3879840,UFA,,,,jalen-hood-schifino,Los Angeles Lakers,https://www.spotrac.com/nba/los-angeles-lakers/yearly
Jalen Johnson,https://www.spotrac.com/nba/player/_/id/74127,SF,23,$4510905,$30000000,$30000000,$30000000,$30000000,jalen-johnson,Atlanta Hawks,https://www.spotrac.com/nba/atlanta-hawks/yearly
Jalen Pickett,https://www.spotrac.com/nba/player/_/id/84465,PG,25,$1891857,$2221677,$2406205,UFA,,jalen-pickett,Denver Nuggets,https://www.spotrac.com/nba/denver-nuggets/yearly
Jalen Smith,https://www.spotrac.com/nba/player/_/id/70652,PF,24,$8571429,$9000000,$9428571,UFA,,jalen-smith,Chicago Bulls,https://www.spotrac.com/nba/chicago-bulls/yearly
Jalen Suggs,https://www.spotrac.com/nba/player/_/id/74112,SG,23,$9188385,$35000000,$32400000,$29600000,$26800000,jalen-suggs,Orlando Magic,https://www.spotrac.com/nba/orlando-magic/yearly
Jalen Williams,https://www.spotrac.com/nba/player/_/id/78126,SF,23,$4775760,$6580997,RFA,,,jalen-williams,Oklahoma City Thunder,https://www.spotrac.com/nba/oklahoma-city-thunder/yearly
Jalen Wilson,https://www.spotrac.com/nba/player/_/id/84477,PF,24,$1891857,$2221677,RFA,,,jalen-wilson,Brooklyn Nets,https://www.spotrac.com/nba/brooklyn-nets/yearly
Jamal Cain,https://www.spotrac.com/nba/player/_/id/78584,SF,25,Two-Way,RFA,,,,jamal-cain,New Orleans Pelicans,https://www.spotrac.com/nba/new-orleans-pelicans/yearly
Jamal Murray,https://www.spotrac.com/nba/player/_/id/20212,PG,27,$36016200,$46394100,$50105628,$53817156,$57528684,jamal-murray,Denver Nuggets,https://www.spotrac.com/nba/denver-nuggets/yearly
Jamal Shead,https://www.spotrac.com/nba/player/_/id/93955,PG,22,$1862265,$1955377,$2296271,RFA,,jamal-shead,Toronto Raptors,https://www.spotrac.com/nba/toronto-raptors/yearly
James Harden,https://www.spotrac.com/nba/player/_/id/6312,SG,35,$33653846,$36346154,UFA,,,james-harden,LA Clippers,https://www.spotrac.com/nba/la-clippers/yearly
James Johnson,https://www.spotrac.com/nba/player/_/id/6279,PF,37,$2087519,UFA,,,,james-johnson,Indiana Pacers,https://www.spotrac.com/nba/indiana-pacers/yearly
James Wiseman,https://www.spotrac.com/nba/player/_/id/70644,C,23,$2237691,$2546675,UFA,,,james-wiseman,Indiana Pacers,https://www.spotrac.com/nba/indiana-pacers/yearly
Jamison Battle,https://www.spotrac.com/nba/player/_/id/95121,SF,23,Two-Way,RFA,,,,jamison-battle,Toronto Raptors,https://www.spotrac.com/nba/toronto-raptors/yearly
Jarace Walker,https://www.spotrac.com/nba/player/_/id/82201,PF,21,$6362520,$6665520,$8478542,RFA,,jarace-walker,Indiana Pacers,https://www.spotrac.com/nba/indiana-pacers/yearly
Jared Butler,https://www.spotrac.com/nba/player/_/id/74147,PG,24,Two-Way,RFA,,,,jared-butler,Washington Wizards,https://www.spotrac.com/nba/washington-wizards/yearly
Jared McCain,https://www.spotrac.com/nba/player/_/id/91760,PG,20,$4020360,$4221360,$4422600,$6784268,RFA,jared-mccain,Philadelphia 76ers,https://www.spotrac.com/nba/philadelphia-76ers/yearly
Jaren Jackson Jr.,https://www.spotrac.com/nba/player/_/id/26970,PF,25,$25257798,$23413395,UFA,,,jaren-jackson,Memphis Grizzlies,https://www.spotrac.com/nba/memphis-grizzlies/yearly
Jarred Vanderbilt,https://www.spotrac.com/nba/player/_/id/27007,PF,25,$10714286,$11571429,$12428571,$13285714,UFA,jarred-vanderbilt,Los Angeles Lakers,https://www.spotrac.com/nba/los-angeles-lakers/yearly
Jarrett Allen,https://www.spotrac.com/nba/player/_/id/23617,C,26,$20000000,$20000000,$28000000,$30240000,$32480000,jarrett-allen,Cleveland Cavaliers,https://www.spotrac.com/nba/cleveland-cavaliers/yearly
Javonte Green,https://www.spotrac.com/nba/player/_/id/32409,SG,31,$2087519,UFA,,,,javonte-green,New Orleans Pelicans,https://www.spotrac.com/nba/new-orleans-pelicans/yearly
Jaxson Hayes,https://www.spotrac.com/nba/player/_/id/31565,C,24,$2463946,UFA,,,,jaxson-hayes,Los Angeles Lakers,https://www.spotrac.com/nba/los-angeles-lakers/yearly
Jay Huff,https://www.spotrac.com/nba/player/_/id/74262,C,26,$2088033,$2349578,$2667944,$3005085,UFA,jay-huff,Memphis Grizzlies,https://www.spotrac.com/nba/memphis-grizzlies/yearly
Jaylen Brown,https://www.spotrac.com/nba/player/_/id/20208,SF,28,$49205800,$53142264,$57078728,$61015192,$64951656,jaylen-brown,Boston Celtics,https://www.spotrac.com/nba/boston-celtics/yearly
Jaylen Clark,https://www.spotrac.com/nba/player/_/id/84479,SG,23,Two-Way,RFA,,,,jaylen-clark,Minnesota Timberwolves,https://www.spotrac.com/nba/minnesota-timberwolves/yearly
Jaylen Martin,https://www.spotrac.com/nba/player/_/id/84733,F,21,Two-Way,RFA,,,,jaylen-martin,Brooklyn Nets,https://www.spotrac.com/nba/brooklyn-nets/yearly
Jaylen Wells,https://www.spotrac.com/nba/player/_/id/93952,SG,21,$1157153,$1955377,$2296271,$2486995,UFA,jaylen-wells,Memphis Grizzlies,https://www.spotrac.com/nba/memphis-grizzlies/yearly
Jaylin Williams,https://www.spotrac.com/nba/player/_/id/78150,C,22,$2019699,$2187699,UFA,,,jaylin-williams,Oklahoma City Thunder,https://www.spotrac.com/nba/oklahoma-city-thunder/yearly
Jaylon Tyson,https://www.spotrac.com/nba/player/_/id/91773,SG,22,$3326160,$3492480,$3658560,$5641500,RFA,jaylon-tyson,Cleveland Cavaliers,https://www.spotrac.com/nba/cleveland-cavaliers/yearly
Jayson Tatum,https://www.spotrac.com/nba/player/_/id/23598,PF,26,$34848340,$54126450,$58456566,$62786682,$67116798,jayson-tatum,Boston Celtics,https://www.spotrac.com/nba/boston-celtics/yearly
Jazian Gortman,https://www.spotrac.com/nba/player/_/id/86053,G,21,Two-Way,RFA,,,,jazian-gortman,Dallas Mavericks,https://www.spotrac.com/nba/dallas-mavericks/yearly
J.D. Davison,https://www.spotrac.com/nba/player/_/id/78163,PG,22,Two-Way,RFA,,,,jd-davison,Boston Celtics,https://www.spotrac.com/nba/boston-celtics/yearly
Jeenathan Williams,https://www.spotrac.com/nba/player/_/id/80003,SG,25,Two-Way,RFA,,,,jeenathan-williams,Houston Rockets,https://www.spotrac.com/nba/houston-rockets/yearly
Jeff Dowtin,https://www.spotrac.com/nba/player/_/id/70872,PG,27,Two-Way,RFA,,,,jeff-dowtin,Philadelphia 76ers,https://www.spotrac.com/nba/philadelphia-76ers/yearly
Jeff Green,https://www.spotrac.com/nba/player/_/id/2720,PF,38,$8000000,UFA,,,,jeff-green,Houston Rockets,https://www.spotrac.com/nba/houston-rockets/yearly
Jerami Grant,https://www.spotrac.com/nba/player/_/id/15391,PF,30,$29793104,$32000001,$34206898,$36413790,UFA,jerami-grant,Portland Trail Blazers,https://www.spotrac.com/nba/portland-trail-blazers/yearly
Jeremiah Robinson-Earl,https://www.spotrac.com/nba/player/_/id/74139,PF,24,$2196970,UFA,,,,jeremiah-robinson-earl,New Orleans Pelicans,https://www.spotrac.com/nba/new-orleans-pelicans/yearly
Jeremy Sochan,https://www.spotrac.com/nba/player/_/id/78122,PF,21,$5570040,$7096231,RFA,,,jeremy-sochan,San Antonio Spurs,https://www.spotrac.com/nba/san-antonio-spurs/yearly
Jericho Sims,https://www.spotrac.com/nba/player/_/id/74166,C,26,$2092344,UFA,,,,jericho-sims,New York Knicks,https://www.spotrac.com/nba/new-york-knicks/yearly
Jesse Edwards,https://www.spotrac.com/nba/player/_/id/94511,C,24,Two-Way,RFA,,,,jesse-edwards,Minnesota Timberwolves,https://www.spotrac.com/nba/minnesota-timberwolves/yearly
Jett Howard,https://www.spotrac.com/nba/player/_/id/82211,SG,21,$5278320,$5529720,$7337939,RFA,,jett-howard,Orlando Magic,https://www.spotrac.com/nba/orlando-magic/yearly
Jevon Carter,https://www.spotrac.com/nba/player/_/id/26998,PG,29,$6500000,$6809524,UFA,,,jevon-carter,Chicago Bulls,https://www.spotrac.com/nba/chicago-bulls/yearly
Jimmy Butler,https://www.spotrac.com/nba/player/_/id/8081,SF,35,$48798677,$52413394,UFA,,,jimmy-butler,Miami Heat,https://www.spotrac.com/nba/miami-heat/yearly
Jock Landale,https://www.spotrac.com/nba/player/_/id/74215,C,29,$8000000,$8000000,$8000000,UFA,,jock-landale,Houston Rockets,https://www.spotrac.com/nba/houston-rockets/yearly
Joe Ingles,https://www.spotrac.com/nba/player/_/id/15852,SF,37,$2087519,UFA,,,,joe-ingles,Minnesota Timberwolves,https://www.spotrac.com/nba/minnesota-timberwolves/yearly
Joel Embiid,https://www.spotrac.com/nba/player/_/id/15355,C,30,$51415938,$55224526,$59539200,$64302336,$69065472,joel-embiid,Philadelphia 76ers,https://www.spotrac.com/nba/philadelphia-76ers/yearly
John Collins,https://www.spotrac.com/nba/player/_/id/23614,PF,27,$26580000,$26580000,UFA,,,john-collins,Utah Jazz,https://www.spotrac.com/nba/utah-jazz/yearly
John Konchar,https://www.spotrac.com/nba/player/_/id/32170,SG,28,$6165000,$6165000,$6165000,UFA,,john-konchar,Memphis Grizzlies,https://www.spotrac.com/nba/memphis-grizzlies/yearly
Johnny Davis,https://www.spotrac.com/nba/player/_/id/78117,SG,22,$5291160,UFA,,,,johnny-davis,Washington Wizards,https://www.spotrac.com/nba/washington-wizards/yearly
Johnny Furphy,https://www.spotrac.com/nba/player/_/id/91768,SG,20,$1850842,$1955377,$2296271,$2486995,UFA,johnny-furphy,Indiana Pacers,https://www.spotrac.com/nba/indiana-pacers/yearly
Johnny Juzang,https://www.spotrac.com/nba/player/_/id/78583,SG,23,$3087519,$2840518,$2708000,$2789215,UFA,johnny-juzang,Utah Jazz,https://www.spotrac.com/nba/utah-jazz/yearly
Jonas Valanciunas,https://www.spotrac.com/nba/player/_/id/8055,C,32,$9900000,$10395000,$10000000,UFA,,jonas-valanciunas,Washington Wizards,https://www.spotrac.com/nba/washington-wizards/yearly
Jonathan Isaac,https://www.spotrac.com/nba/player/_/id/23601,PF,27,$25000000,$15000000,$14500000,$14500000,$15000000,jonathan-isaac,Orlando Magic,https://www.spotrac.com/nba/orlando-magic/yearly
Jonathan Kuminga,https://www.spotrac.com/nba/player/_/id/74114,PF,22,$7636307,RFA,,,,jonathan-kuminga,Golden State Warriors,https://www.spotrac.com/nba/golden-state-warriors/yearly
Jonathan Mogbo,https://www.spotrac.com/nba/player/_/id/92956,C,23,$1862265,$1955377,$2296271,RFA,,jonathan-mogbo,Toronto Raptors,https://www.spotrac.com/nba/toronto-raptors/yearly
Jordan Clarkson,https://www.spotrac.com/nba/player/_/id/15398,SG,32,$14092577,$14285714,UFA,,,jordan-clarkson,Utah Jazz,https://www.spotrac.com/nba/utah-jazz/yearly
Jordan Hawkins,https://www.spotrac.com/nba/player/_/id/82208,SG,22,$4525680,$4741320,$7021895,RFA,,jordan-hawkins,New Orleans Pelicans,https://www.spotrac.com/nba/new-orleans-pelicans/yearly
Jordan McLaughlin,https://www.spotrac.com/nba/player/_/id/27975,PG,28,$2087519,$2,,,,jordan-mclaughlin,Sacramento Kings,https://www.spotrac.com/nba/sacramento-kings/yearly
Jordan Miller,https://www.spotrac.com/nba/player/_/id/84474,SF,25,Two-Way,RFA,,,,jordan-miller,LA Clippers,https://www.spotrac.com/nba/la-clippers/yearly
Jordan Poole,https://www.spotrac.com/nba/player/_/id/31587,SG,25,$29651786,$31848215,$34044642,UFA,,jordan-poole,Washington Wizards,https://www.spotrac.com/nba/washington-wizards/yearly
Jordan Walsh,https://www.spotrac.com/nba/player/_/id/84467,SF,20,$1891857,$2221677,$2406205,UFA,,jordan-walsh,Boston Celtics,https://www.spotrac.com/nba/boston-celtics/yearly
Jose Alvarado,https://www.spotrac.com/nba/player/_/id/74331,PG,26,$1988598,$4500000,$4500000,UFA,,jose-alvarado,New Orleans Pelicans,https://www.spotrac.com/nba/new-orleans-pelicans/yearly
Josh Christopher,https://www.spotrac.com/nba/player/_/id/74131,SG,23,Two-Way,RFA,,,,josh-christopher,Miami Heat,https://www.spotrac.com/nba/miami-heat/yearly
Josh Giddey,https://www.spotrac.com/nba/player/_/id/74113,SG,22,$8352367,RFA,,,,josh-giddey,Chicago Bulls,https://www.spotrac.com/nba/chicago-bulls/yearly
Josh Green,https://www.spotrac.com/nba/player/_/id/70660,SG,24,$12654321,$13666667,$14679012,UFA,,josh-green,Charlotte Hornets,https://www.spotrac.com/nba/charlotte-hornets/yearly
Josh Hart,https://www.spotrac.com/nba/player/_/id/23625,SG,29,$18144000,$19472240,$20923760,$22375280,UFA,josh-hart,New York Knicks,https://www.spotrac.com/nba/new-york-knicks/yearly
Josh Minott,https://www.spotrac.com/nba/player/_/id/78156,SF,22,$2019699,$2187451,UFA,,,josh-minott,Minnesota Timberwolves,https://www.spotrac.com/nba/minnesota-timberwolves/yearly
Josh Okogie,https://www.spotrac.com/nba/player/_/id/26986,SG,26,$8250000,$7750000,UFA,,,josh-okogie,Phoenix Suns,https://www.spotrac.com/nba/phoenix-suns/yearly
Josh Richardson,https://www.spotrac.com/nba/player/_/id/17868,SG,31,$3051153,UFA,,,,josh-richardson,Miami Heat,https://www.spotrac.com/nba/miami-heat/yearly
Jrue Holiday,https://www.spotrac.com/nba/player/_/id/6316,PG,34,$30000000,$32400000,$34800000,$37200000,UFA,jrue-holiday,Boston Celtics,https://www.spotrac.com/nba/boston-celtics/yearly
JT Thor,https://www.spotrac.com/nba/player/_/id/74144,PF,22,Two-Way,UFA,,,,jt-thor,Cleveland Cavaliers,https://www.spotrac.com/nba/cleveland-cavaliers/yearly
Julian Champagnie,https://www.spotrac.com/nba/player/_/id/78268,SF,23,$3000000,$3000000,$3000000,UFA,,julian-champagnie,San Antonio Spurs,https://www.spotrac.com/nba/san-antonio-spurs/yearly
Julian Phillips,https://www.spotrac.com/nba/player/_/id/84444,SF,21,$1891857,$2221677,$2406205,UFA,,julian-phillips,Chicago Bulls,https://www.spotrac.com/nba/chicago-bulls/yearly
Julian Strawther,https://www.spotrac.com/nba/player/_/id/84463,SF,22,$2552520,$2674200,$4826931,RFA,,julian-strawther,Denver Nuggets,https://www.spotrac.com/nba/denver-nuggets/yearly
Julius Randle,https://www.spotrac.com/nba/player/_/id/15359,PF,30,$33073920,$30935520,UFA,,,julius-randle,Minnesota Timberwolves,https://www.spotrac.com/nba/minnesota-timberwolves/yearly
Justin Champagnie,https://www.spotrac.com/nba/player/_/id/74240,SF,23,Two-Way,RFA,,,,justin-champagnie,Washington Wizards,https://www.spotrac.com/nba/washington-wizards/yearly
Justin Edwards,https://www.spotrac.com/nba/player/_/id/91770,SG,21,Two-Way,RFA,,,,justin-edwards,Philadelphia 76ers,https://www.spotrac.com/nba/philadelphia-76ers/yearly
Justin Minaya,https://www.spotrac.com/nba/player/_/id/82122,F,25,Two-Way,RFA,,,,justin-minaya,Portland Trail Blazers,https://www.spotrac.com/nba/portland-trail-blazers/yearly
Jusuf Nurkic,https://www.spotrac.com/nba/player/_/id/15368,C,30,$18125000,$19375000,UFA,,,jusuf-nurkic,Phoenix Suns,https://www.spotrac.com/nba/phoenix-suns/yearly
Kai Jones,https://www.spotrac.com/nba/player/_/id/74126,PF,24,Two-Way,RFA,,,,kai-jones,LA Clippers,https://www.spotrac.com/nba/la-clippers/yearly
Karl-Anthony Towns,https://www.spotrac.com/nba/player/_/id/17829,C,29,$49205800,$53142264,$57078728,$61015192,UFA,karl-anthony-towns,New York Knicks,https://www.spotrac.com/nba/new-york-knicks/yearly
Karlo Matkovic,https://www.spotrac.com/nba/player/_/id/78144,PF,23,$1407153,$1955377,$2296271,RFA,,karlo-matkovic,New Orleans Pelicans,https://www.spotrac.com/nba/new-orleans-pelicans/yearly
Kawhi Leonard,https://www.spotrac.com/nba/player/_/id/8066,SF,33,$49205800,$50000000,$50300000,UFA,,kawhi-leonard,LA Clippers,https://www.spotrac.com/nba/la-clippers/yearly
Keaton Wallace,https://www.spotrac.com/nba/player/_/id/79960,G,25,Two-Way,RFA,,,,keaton-wallace,Atlanta Hawks,https://www.spotrac.com/nba/atlanta-hawks/yearly
Keegan Murray,https://www.spotrac.com/nba/player/_/id/78112,PF,24,$8809560,$11144093,RFA,,,keegan-murray,Sacramento Kings,https://www.spotrac.com/nba/sacramento-kings/yearly
Keldon Johnson,https://www.spotrac.com/nba/player/_/id/31588,SF,25,$19000000,$17500000,$17500000,UFA,,keldon-johnson,San Antonio Spurs,https://www.spotrac.com/nba/san-antonio-spurs/yearly
Kel'el Ware,https://www.spotrac.com/nba/player/_/id/91767,C,20,$4655040,$4887720,$5120400,$7849573,RFA,kelel-ware,Miami Heat,https://www.spotrac.com/nba/miami-heat/yearly
Kelly Olynyk,https://www.spotrac.com/nba/player/_/id/13326,PF,33,$12804878,$13445122,UFA,,,kelly-olynyk,Toronto Raptors,https://www.spotrac.com/nba/toronto-raptors/yearly
Kelly Oubre Jr.,https://www.spotrac.com/nba/player/_/id/17843,SF,29,$7983000,$8382150,UFA,,,kelly-oubre,Philadelphia 76ers,https://www.spotrac.com/nba/philadelphia-76ers/yearly
Kenrich Williams,https://www.spotrac.com/nba/player/_/id/27758,PF,30,$6669000,$7163000,$7163000,UFA,,kenrich-williams,Oklahoma City Thunder,https://www.spotrac.com/nba/oklahoma-city-thunder/yearly
Kentavious Caldwell-Pope,https://www.spotrac.com/nba/player/_/id/13321,SG,31,$22757000,$21621500,$21621500,UFA,,kentavious-caldwell-pope,Orlando Magic,https://www.spotrac.com/nba/orlando-magic/yearly
Kenyon Martin Jr.,https://www.spotrac.com/nba/player/_/id/70694,SF,24,$7975000,$8025000,UFA,,,kenyon-martin,Philadelphia 76ers,https://www.spotrac.com/nba/philadelphia-76ers/yearly
Keon Ellis,https://www.spotrac.com/nba/player/_/id/78267,SF,25,$2120693,$2301587,UFA,,,keon-ellis,Sacramento Kings,https://www.spotrac.com/nba/sacramento-kings/yearly
Keon Johnson,https://www.spotrac.com/nba/player/_/id/74128,SG,22,$2162606,$2349578,UFA,,,keon-johnson,Brooklyn Nets,https://www.spotrac.com/nba/brooklyn-nets/yearly
Keshad Johnson,https://www.spotrac.com/nba/player/_/id/91786,PF,23,Two-Way,RFA,,,,keshad-johnson,Miami Heat,https://www.spotrac.com/nba/miami-heat/yearly
Kessler Edwards,https://www.spotrac.com/nba/player/_/id/74151,SF,24,Two-Way,RFA,,,,kessler-edwards,Dallas Mavericks,https://www.spotrac.com/nba/dallas-mavericks/yearly
Kevin Durant,https://www.spotrac.com/nba/player/_/id/2717,SF,36,$51179021,$54708609,UFA,,,kevin-durant,Phoenix Suns,https://www.spotrac.com/nba/phoenix-suns/yearly
Kevin Huerter,https://www.spotrac.com/nba/player/_/id/26985,SG,26,$16830357,$17991071,UFA,,,kevin-huerter,Sacramento Kings,https://www.spotrac.com/nba/sacramento-kings/yearly
Kevin Love,https://www.spotrac.com/nba/player/_/id/6132,C,36,$3850000,$4150000,UFA,,,kevin-love,Miami Heat,https://www.spotrac.com/nba/miami-heat/yearly
Kevin McCullar Jr.,https://www.spotrac.com/nba/player/_/id/91763,SG,23,Two-Way,RFA,,,,kevin-mccullar,New York Knicks,https://www.spotrac.com/nba/new-york-knicks/yearly
Kevin Porter Jr.,https://www.spotrac.com/nba/player/_/id/31589,PG,24,$2237691,$2546675,UFA,,,kevin-porter,LA Clippers,https://www.spotrac.com/nba/la-clippers/yearly
Kevon Looney,https://www.spotrac.com/nba/player/_/id/17858,C,28,$8000000,UFA,,,,kevon-looney,Golden State Warriors,https://www.spotrac.com/nba/golden-state-warriors/yearly
Keyonte George,https://www.spotrac.com/nba/player/_/id/82209,SG,21,$4084200,$4278960,$6563925,RFA,,keyonte-george,Utah Jazz,https://www.spotrac.com/nba/utah-jazz/yearly
Khris Middleton,https://www.spotrac.com/nba/player/_/id/10864,SF,33,$31666667,$34012345,UFA,,,khris-middleton,Milwaukee Bucks,https://www.spotrac.com/nba/milwaukee-bucks/yearly
K.J. Simpson,https://www.spotrac.com/nba/player/_/id/91788,PG,22,Two-Way,Two-Way,RFA,,,kj-simpson,Charlotte Hornets,https://www.spotrac.com/nba/charlotte-hornets/yearly
Klay Thompson,https://www.spotrac.com/nba/player/_/id/8062,SG,34,$15873016,$16666667,$17460317,UFA,,klay-thompson,Dallas Mavericks,https://www.spotrac.com/nba/dallas-mavericks/yearly
Kobe Brown,https://www.spotrac.com/nba/player/_/id/84464,PF,25,$2533920,$2654880,$4792059,RFA,,kobe-brown,LA Clippers,https://www.spotrac.com/nba/la-clippers/yearly
Kobe Bufkin,https://www.spotrac.com/nba/player/_/id/82271,PG,21,$4299000,$4503720,$6904203,RFA,,kobe-bufkin,Atlanta Hawks,https://www.spotrac.com/nba/atlanta-hawks/yearly
Kris Dunn,https://www.spotrac.com/nba/player/_/id/20210,PG,30,$5168000,$5426400,$5684800,UFA,,kris-dunn,LA Clippers,https://www.spotrac.com/nba/la-clippers/yearly
Kris Murray,https://www.spotrac.com/nba/player/_/id/82275,PF,24,$2990040,$3132000,$5315004,RFA,,kris-murray,Portland Trail Blazers,https://www.spotrac.com/nba/portland-trail-blazers/yearly
Kristaps Porzingis,https://www.spotrac.com/nba/player/_/id/17832,PF,29,$29268293,$30731707,UFA,,,kristaps-porzingis,Boston Celtics,https://www.spotrac.com/nba/boston-celtics/yearly
Kyle Anderson,https://www.spotrac.com/nba/player/_/id/15382,PF,31,$8780488,$9219512,$9658536,UFA,,kyle-anderson,Golden State Warriors,https://www.spotrac.com/nba/golden-state-warriors/yearly
Kyle Filipowski,https://www.spotrac.com/nba/player/_/id/91757,PF,21,$3000000,$3000000,$3000000,$3000000,RFA,kyle-filipowski,Utah Jazz,https://www.spotrac.com/nba/utah-jazz/yearly
Kyle Kuzma,https://www.spotrac.com/nba/player/_/id/23622,PF,29,$23522727,$21477273,$19431818,UFA,,kyle-kuzma,Washington Wizards,https://www.spotrac.com/nba/washington-wizards/yearly
Kyle Lowry,https://www.spotrac.com/nba/player/_/id/2536,PG,38,$2087519,UFA,,,,kyle-lowry,Philadelphia 76ers,https://www.spotrac.com/nba/philadelphia-76ers/yearly
Kyrie Irving,https://www.spotrac.com/nba/player/_/id/8051,PG,32,$41000000,$43962963,UFA,,,kyrie-irving,Dallas Mavericks,https://www.spotrac.com/nba/dallas-mavericks/yearly
Kyshawn George,https://www.spotrac.com/nba/player/_/id/91765,SG,21,$2825520,$2966760,$3108000,$5435892,RFA,kyshawn-george,Washington Wizards,https://www.spotrac.com/nba/washington-wizards/yearly
LaMelo Ball,https://www.spotrac.com/nba/player/_/id/70645,PG,23,$35147000,$37958760,$40770520,$43582280,$46394040,lamelo-ball,Charlotte Hornets,https://www.spotrac.com/nba/charlotte-hornets/yearly
Larry Nance Jr.,https://www.spotrac.com/nba/player/_/id/17855,PF,32,$11205000,UFA,,,,larry-nance,Atlanta Hawks,https://www.spotrac.com/nba/atlanta-hawks/yearly
Lauri Markkanen,https://www.spotrac.com/nba/player/_/id/23602,PF,27,$42176400,$46394100,$46113154,$49824681,$53536209,lauri-markkanen,Utah Jazz,https://www.spotrac.com/nba/utah-jazz/yearly
LeBron James,https://www.spotrac.com/nba/player/_/id/2257,PF,40,$48728845,$52627153,UFA,,,lebron-james,Los Angeles Lakers,https://www.spotrac.com/nba/los-angeles-lakers/yearly
Leonard Miller,https://www.spotrac.com/nba/player/_/id/82215,SF,21,$1891857,$2221677,$2406205,UFA,,leonard-miller,Minnesota Timberwolves,https://www.spotrac.com/nba/minnesota-timberwolves/yearly
Liam Robbins,https://www.spotrac.com/nba/player/_/id/86046,C,25,Two-Way,RFA,,,,liam-robbins,Milwaukee Bucks,https://www.spotrac.com/nba/milwaukee-bucks/yearly
Lindy Waters III,https://www.spotrac.com/nba/player/_/id/75746,SF,27,$2196970,UFA,,,,lindy-waters,Golden State Warriors,https://www.spotrac.com/nba/golden-state-warriors/yearly
Lonzo Ball,https://www.spotrac.com/nba/player/_/id/23597,PG,27,$21395348,UFA,,,,lonzo-ball,Chicago Bulls,https://www.spotrac.com/nba/chicago-bulls/yearly
Luguentz Dort,https://www.spotrac.com/nba/player/_/id/33033,SG,25,$16500000,$17722222,$17722222,UFA,,luguentz-dort,Oklahoma City Thunder,https://www.spotrac.com/nba/oklahoma-city-thunder/yearly
Luka Doncic,https://www.spotrac.com/nba/player/_/id/26969,PG,25,$43031940,$45999660,$48967380,UFA,,luka-doncic,Dallas Mavericks,https://www.spotrac.com/nba/dallas-mavericks/yearly
Luka Garza,https://www.spotrac.com/nba/player/_/id/74159,C,26,$2162606,$2349578,UFA,,,luka-garza,Minnesota Timberwolves,https://www.spotrac.com/nba/minnesota-timberwolves/yearly
Luke Kennard,https://www.spotrac.com/nba/player/_/id/23607,SG,28,$9250000,UFA,,,,luke-kennard,Memphis Grizzlies,https://www.spotrac.com/nba/memphis-grizzlies/yearly
Luke Kornet,https://www.spotrac.com/nba/player/_/id/23670,C,29,$2087519,UFA,,,,luke-kornet,Boston Celtics,https://www.spotrac.com/nba/boston-celtics/yearly
Luke Travers,https://www.spotrac.com/nba/player/_/id/78166,SG,23,Two-Way,RFA,,,,luke-travers,Cleveland Cavaliers,https://www.spotrac.com/nba/cleveland-cavaliers/yearly
Mac McClung,https://www.spotrac.com/nba/player/_/id/74267,PG,26,Two-Way,RFA,,,,mac-mcclung,Orlando Magic,https://www.spotrac.com/nba/orlando-magic/yearly
Malaki Branham,https://www.spotrac.com/nba/player/_/id/78120,SG,21,$3217920,$4962033,RFA,,,malaki-branham,San Antonio Spurs,https://www.spotrac.com/nba/san-antonio-spurs/yearly
Malcolm Brogdon,https://www.spotrac.com/nba/player/_/id/20242,PG,32,$22500000,UFA,,,,malcolm-brogdon,Washington Wizards,https://www.spotrac.com/nba/washington-wizards/yearly
Malik Beasley,https://www.spotrac.com/nba/player/_/id/20224,SG,28,$6000000,UFA,,,,malik-beasley,Detroit Pistons,https://www.spotrac.com/nba/detroit-pistons/yearly
Malik Monk,https://www.spotrac.com/nba/player/_/id/23606,SG,26,$17405203,$18797619,$20190035,$21582451,UFA,malik-monk,Sacramento Kings,https://www.spotrac.com/nba/sacramento-kings/yearly
Marcus Sasser,https://www.spotrac.com/nba/player/_/id/84442,PG,24,$2755080,$2886720,$5198983,RFA,,marcus-sasser,Detroit Pistons,https://www.spotrac.com/nba/detroit-pistons/yearly
Marcus Smart,https://www.spotrac.com/nba/player/_/id/15358,PG,30,$20210285,$21586856,UFA,,,marcus-smart,Memphis Grizzlies,https://www.spotrac.com/nba/memphis-grizzlies/yearly
MarJon Beauchamp,https://www.spotrac.com/nba/player/_/id/78134,SG,24,$2733720,UFA,,,,marjon-beauchamp,Milwaukee Bucks,https://www.spotrac.com/nba/milwaukee-bucks/yearly
Mark Williams,https://www.spotrac.com/nba/player/_/id/78121,C,23,$4094280,$6276531,RFA,,,mark-williams,Charlotte Hornets,https://www.spotrac.com/nba/charlotte-hornets/yearly
Markieff Morris,https://www.spotrac.com/nba/player/_/id/8064,PF,35,$2087519,UFA,,,,markieff-morris,Dallas Mavericks,https://www.spotrac.com/nba/dallas-mavericks/yearly
Marvin Bagley III,https://www.spotrac.com/nba/player/_/id/26968,PF,25,$12500000,UFA,,,,marvin-bagley,Washington Wizards,https://www.spotrac.com/nba/washington-wizards/yearly
Mason Jones,https://www.spotrac.com/nba/player/_/id/70713,SG,26,Two-Way,RFA,,,,mason-jones,Sacramento Kings,https://www.spotrac.com/nba/sacramento-kings/yearly
Mason Plumlee,https://www.spotrac.com/nba/player/_/id/13335,C,34,$2087519,UFA,,,,mason-plumlee,Phoenix Suns,https://www.spotrac.com/nba/phoenix-suns/yearly
Matas Buzelis,https://www.spotrac.com/nba/player/_/id/91738,SF,20,$5195520,$5455560,$5715360,$7584283,RFA,matas-buzelis,Chicago Bulls,https://www.spotrac.com/nba/chicago-bulls/yearly
Matisse Thybulle,https://www.spotrac.com/nba/player/_/id/31577,SG,27,$11025000,$11550000,UFA,,,matisse-thybulle,Portland Trail Blazers,https://www.spotrac.com/nba/portland-trail-blazers/yearly
Matt Ryan,https://www.spotrac.com/nba/player/_/id/74472,SF,27,$1919558,UFA,,,,matt-ryan,New York Knicks,https://www.spotrac.com/nba/new-york-knicks/yearly
Max Christie,https://www.spotrac.com/nba/player/_/id/78136,SG,21,$7142857,$7714286,$8285714,$8857143,UFA,max-christie,Los Angeles Lakers,https://www.spotrac.com/nba/los-angeles-lakers/yearly
Max Strus,https://www.spotrac.com/nba/player/_/id/32411,SG,28,$15212068,$15936452,$16660836,UFA,,max-strus,Cleveland Cavaliers,https://www.spotrac.com/nba/cleveland-cavaliers/yearly
Maxi Kleber,https://www.spotrac.com/nba/player/_/id/24212,PF,33,$11000000,$11000000,UFA,,,maxi-kleber,Dallas Mavericks,https://www.spotrac.com/nba/dallas-mavericks/yearly
Maxwell Lewis,https://www.spotrac.com/nba/player/_/id/82318,SF,22,$1891857,$2221677,$2406205,UFA,,maxwell-lewis,Los Angeles Lakers,https://www.spotrac.com/nba/los-angeles-lakers/yearly
Micah Potter,https://www.spotrac.com/nba/player/_/id/74418,C,26,Two-Way,RFA,,,,micah-potter,Utah Jazz,https://www.spotrac.com/nba/utah-jazz/yearly
Michael Porter Jr.,https://www.spotrac.com/nba/player/_/id/26980,SF,26,$35859950,$38333050,$40806150,UFA,,michael-porter,Denver Nuggets,https://www.spotrac.com/nba/denver-nuggets/yearly
Mikal Bridges,https://www.spotrac.com/nba/player/_/id/26976,SF,28,$23300000,$24900000,UFA,,,mikal-bridges,New York Knicks,https://www.spotrac.com/nba/new-york-knicks/yearly
Mike Conley,https://www.spotrac.com/nba/player/_/id/2532,PG,37,$9975962,$10774038,UFA,,,mike-conley,Minnesota Timberwolves,https://www.spotrac.com/nba/minnesota-timberwolves/yearly
Miles Bridges,https://www.spotrac.com/nba/player/_/id/26978,SF,26,$27173913,$25000000,$22826087,UFA,,miles-bridges,Charlotte Hornets,https://www.spotrac.com/nba/charlotte-hornets/yearly
Miles McBride,https://www.spotrac.com/nba/player/_/id/74143,PG,24,$4710144,$4333333,$3956523,UFA,,miles-mcbride,New York Knicks,https://www.spotrac.com/nba/new-york-knicks/yearly
Mitchell Robinson,https://www.spotrac.com/nba/player/_/id/27002,C,26,$14318182,$12954546,UFA,,,mitchell-robinson,New York Knicks,https://www.spotrac.com/nba/new-york-knicks/yearly
Mohamed Bamba,https://www.spotrac.com/nba/player/_/id/26972,C,26,$2087519,UFA,,,,mohamed-bamba,LA Clippers,https://www.spotrac.com/nba/la-clippers/yearly
Monte Morris,https://www.spotrac.com/nba/player/_/id/23652,PG,29,$2087519,UFA,,,,monte-morris,Phoenix Suns,https://www.spotrac.com/nba/phoenix-suns/yearly
Moritz Wagner,https://www.spotrac.com/nba/player/_/id/26991,C,27,$11000000,$11000000,UFA,,,moritz-wagner,Orlando Magic,https://www.spotrac.com/nba/orlando-magic/yearly
Moses Brown,https://www.spotrac.com/nba/player/_/id/32830,C,25,$2021169,$2743776,UFA,,,moses-brown,Indiana Pacers,https://www.spotrac.com/nba/indiana-pacers/yearly
Moses Moody,https://www.spotrac.com/nba/player/_/id/74121,SG,22,$5803269,$11574075,$12500000,$13425925,UFA,moses-moody,Golden State Warriors,https://www.spotrac.com/nba/golden-state-warriors/yearly
Mouhamed Gueye,https://www.spotrac.com/nba/player/_/id/84468,PF,22,$1891857,$2221677,$2406205,UFA,,mouhamed-gueye,Atlanta Hawks,https://www.spotrac.com/nba/atlanta-hawks/yearly
Moussa Diabate,https://www.spotrac.com/nba/player/_/id/78154,PF,23,Two-Way,RFA,,,,moussa-diabate,Charlotte Hornets,https://www.spotrac.com/nba/charlotte-hornets/yearly
Myles Turner,https://www.spotrac.com/nba/player/_/id/17839,C,28,$19928500,UFA,,,,myles-turner,Indiana Pacers,https://www.spotrac.com/nba/indiana-pacers/yearly
Nah'Shon Hyland,https://www.spotrac.com/nba/player/_/id/74133,PG,24,$4158440,RFA,,,,nahshon-hyland,LA Clippers,https://www.spotrac.com/nba/la-clippers/yearly
Naji Marshall,https://www.spotrac.com/nba/player/_/id/70704,SF,27,$8571429,$9000000,$9428571,UFA,,naji-marshall,Dallas Mavericks,https://www.spotrac.com/nba/dallas-mavericks/yearly
Naz Reid,https://www.spotrac.com/nba/player/_/id/32045,C,25,$13986432,$15022464,UFA,,,naz-reid,Minnesota Timberwolves,https://www.spotrac.com/nba/minnesota-timberwolves/yearly
Neemias Queta,https://www.spotrac.com/nba/player/_/id/74146,C,25,$2162606,$2349578,$2667944,UFA,,neemias-queta,Boston Celtics,https://www.spotrac.com/nba/boston-celtics/yearly
N'Faly Dante,https://www.spotrac.com/nba/player/_/id/94513,PF,23,Two-Way,RFA,,,,nfaly-dante,Houston Rockets,https://www.spotrac.com/nba/houston-rockets/yearly
Nick Richards,https://www.spotrac.com/nba/player/_/id/70684,C,27,$5000000,$5000000,UFA,,,nick-richards,Charlotte Hornets,https://www.spotrac.com/nba/charlotte-hornets/yearly
Nick Smith Jr.,https://www.spotrac.com/nba/player/_/id/82206,PG,20,$2587200,$2710680,$4890067,RFA,,nick-smith,Charlotte Hornets,https://www.spotrac.com/nba/charlotte-hornets/yearly
Nickeil Alexander-Walker,https://www.spotrac.com/nba/player/_/id/31574,SG,26,$4312500,UFA,,,,nickeil-alexander-walker,Minnesota Timberwolves,https://www.spotrac.com/nba/minnesota-timberwolves/yearly
Nicolas Batum,https://www.spotrac.com/nba/player/_/id/6149,SF,36,$4668000,$4901400,UFA,,,nicolas-batum,LA Clippers,https://www.spotrac.com/nba/la-clippers/yearly
Nicolas Claxton,https://www.spotrac.com/nba/player/_/id/31590,C,25,$28409086,$26136360,$23863634,$21590920,UFA,nicolas-claxton,Brooklyn Nets,https://www.spotrac.com/nba/brooklyn-nets/yearly
Nikola Jokic,https://www.spotrac.com/nba/player/_/id/15393,C,29,$51415938,$55224526,$59033114,$62841702,UFA,nikola-jokic,Denver Nuggets,https://www.spotrac.com/nba/denver-nuggets/yearly
Nikola Jovic,https://www.spotrac.com/nba/player/_/id/78135,SF,21,$2464200,$4445417,RFA,,,nikola-jovic,Miami Heat,https://www.spotrac.com/nba/miami-heat/yearly
Nikola Topic,https://www.spotrac.com/nba/player/_/id/91737,PG,19,$4935960,$5182920,$5429760,$7482210,RFA,nikola-topic,Oklahoma City Thunder,https://www.spotrac.com/nba/oklahoma-city-thunder/yearly
Nikola Vucevic,https://www.spotrac.com/nba/player/_/id/8067,C,34,$20000000,$21481481,UFA,,,nikola-vucevic,Chicago Bulls,https://www.spotrac.com/nba/chicago-bulls/yearly
Noah Clowney,https://www.spotrac.com/nba/player/_/id/82214,PF,20,$3244080,$3398640,$5414034,UFA,,noah-clowney,Brooklyn Nets,https://www.spotrac.com/nba/brooklyn-nets/yearly
Norman Powell,https://www.spotrac.com/nba/player/_/id/17874,SG,31,$19241379,$20482758,UFA,,,norman-powell,LA Clippers,https://www.spotrac.com/nba/la-clippers/yearly
Obi Toppin,https://www.spotrac.com/nba/player/_/id/70650,PF,26,$13535000,$14520000,$15480000,$16465000,UFA,obi-toppin,Indiana Pacers,https://www.spotrac.com/nba/indiana-pacers/yearly
Ochai Agbaji,https://www.spotrac.com/nba/player/_/id/78124,SF,24,$4310280,$6383525,RFA,,,ochai-agbaji,Toronto Raptors,https://www.spotrac.com/nba/toronto-raptors/yearly
OG Anunoby,https://www.spotrac.com/nba/player/_/id/23618,SF,27,$36637932,$39568966,$42500000,$45431034,$48362068,og-anunoby,New York Knicks,https://www.spotrac.com/nba/new-york-knicks/yearly
Olivier-Maxence Prosper,https://www.spotrac.com/nba/player/_/id/84439,PF,22,$2870400,$3007080,$5259383,RFA,,olivier-maxence-prosper,Dallas Mavericks,https://www.spotrac.com/nba/dallas-mavericks/yearly
Onyeka Okongwu,https://www.spotrac.com/nba/player/_/id/70648,C,24,$14000000,$15000000,$16100000,$16880000,UFA,onyeka-okongwu,Atlanta Hawks,https://www.spotrac.com/nba/atlanta-hawks/yearly
Orlando Robinson,https://www.spotrac.com/nba/player/_/id/78309,C,24,$2087519,RFA,,,,orlando-robinson,Sacramento Kings,https://www.spotrac.com/nba/sacramento-kings/yearly
Oscar Tshiebwe,https://www.spotrac.com/nba/player/_/id/84732,PF,25,Two-Way,RFA,,,,oscar-tshiebwe,Utah Jazz,https://www.spotrac.com/nba/utah-jazz/yearly
Oso Ighodaro,https://www.spotrac.com/nba/player/_/id/93953,C,22,$1157153,$1955377,$2296271,$2486995,UFA,oso-ighodaro,Phoenix Suns,https://www.spotrac.com/nba/phoenix-suns/yearly
Ousmane Dieng,https://www.spotrac.com/nba/player/_/id/78118,SF,21,$5027040,$6670882,RFA,,,ousmane-dieng,Oklahoma City Thunder,https://www.spotrac.com/nba/oklahoma-city-thunder/yearly
Pacome Dadiet,https://www.spotrac.com/nba/player/_/id/91782,SG,19,$1808080,$2847600,$2983680,$5373608,RFA,pacome-dadiet,New York Knicks,https://www.spotrac.com/nba/new-york-knicks/yearly
Paolo Banchero,https://www.spotrac.com/nba/player/_/id/78110,PF,22,$12160800,$15334769,RFA,,,paolo-banchero,Orlando Magic,https://www.spotrac.com/nba/orlando-magic/yearly
Pascal Siakam,https://www.spotrac.com/nba/player/_/id/20232,PF,30,$42176400,$45550512,$48924624,$52298736,UFA,pascal-siakam,Indiana Pacers,https://www.spotrac.com/nba/indiana-pacers/yearly
Pat Connaughton,https://www.spotrac.com/nba/player/_/id/17869,SG,32,$9423869,$9423869,UFA,,,pat-connaughton,Milwaukee Bucks,https://www.spotrac.com/nba/milwaukee-bucks/yearly
Pat Spencer,https://www.spotrac.com/nba/player/_/id/79256,G,28,Two-Way,RFA,,,,pat-spencer,Golden State Warriors,https://www.spotrac.com/nba/golden-state-warriors/yearly
Patrick Baldwin Jr.,https://www.spotrac.com/nba/player/_/id/78139,SF,22,$2448840,UFA,,,,patrick-baldwin,Washington Wizards,https://www.spotrac.com/nba/washington-wizards/yearly
Patrick Williams,https://www.spotrac.com/nba/player/_/id/70646,PF,23,$18000000,$18000000,$18000000,$18000000,$18000000,patrick-williams,Chicago Bulls,https://www.spotrac.com/nba/chicago-bulls/yearly
Patty Mills,https://www.spotrac.com/nba/player/_/id/6322,PG,36,$2087519,UFA,,,,patty-mills,Utah Jazz,https://www.spotrac.com/nba/utah-jazz/yearly
Paul George,https://www.spotrac.com/nba/player/_/id/6892,SG,34,$49205800,$51666090,$54126380,$56586670,UFA,paul-george,Philadelphia 76ers,https://www.spotrac.com/nba/philadelphia-76ers/yearly
Paul Reed,https://www.spotrac.com/nba/player/_/id/70700,C,25,$7723000,$8109150,UFA,,,paul-reed,Detroit Pistons,https://www.spotrac.com/nba/detroit-pistons/yearly
Payton Pritchard,https://www.spotrac.com/nba/player/_/id/70668,PG,27,$6696429,$7232143,$7767857,$8303571,UFA,payton-pritchard,Boston Celtics,https://www.spotrac.com/nba/boston-celtics/yearly
Pelle Larsson,https://www.spotrac.com/nba/player/_/id/91787,SG,23,$1157153,$1955378,$2296271,RFA,,pelle-larsson,Miami Heat,https://www.spotrac.com/nba/miami-heat/yearly
Pete Nance,https://www.spotrac.com/nba/player/_/id/86006,PF,24,Two-Way,RFA,,,,pete-nance,Philadelphia 76ers,https://www.spotrac.com/nba/philadelphia-76ers/yearly
Peyton Watson,https://www.spotrac.com/nba/player/_/id/78138,SG,22,$2413560,$4356476,RFA,,,peyton-watson,Denver Nuggets,https://www.spotrac.com/nba/denver-nuggets/yearly
P.J. Dozier,https://www.spotrac.com/nba/player/_/id/23668,PG,28,$2087519,UFA,,,,pj-dozier,Minnesota Timberwolves,https://www.spotrac.com/nba/minnesota-timberwolves/yearly
P.J. Hall,https://www.spotrac.com/nba/player/_/id/94515,PF,22,Two-Way,RFA,,,,pj-hall,Denver Nuggets,https://www.spotrac.com/nba/denver-nuggets/yearly
P.J. Tucker,https://www.spotrac.com/nba/player/_/id/11059,PF,39,$11539000,UFA,,,,pj-tucker,LA Clippers,https://www.spotrac.com/nba/la-clippers/yearly
PJ Washington,https://www.spotrac.com/nba/player/_/id/31569,PF,26,$15500000,$14152174,UFA,,,pj-washington,Dallas Mavericks,https://www.spotrac.com/nba/dallas-mavericks/yearly
Precious Achiuwa,https://www.spotrac.com/nba/player/_/id/70662,PF,25,$6000000,UFA,,,,precious-achiuwa,New York Knicks,https://www.spotrac.com/nba/new-york-knicks/yearly
Quentin Grimes,https://www.spotrac.com/nba/player/_/id/74132,SG,24,$4296682,RFA,,,,quentin-grimes,Dallas Mavericks,https://www.spotrac.com/nba/dallas-mavericks/yearly
Quenton Jackson,https://www.spotrac.com/nba/player/_/id/79955,G,26,Two-Way,RFA,,,,quenton-jackson,Indiana Pacers,https://www.spotrac.com/nba/indiana-pacers/yearly
Quincy Olivari,https://www.spotrac.com/nba/player/_/id/95655,G,23,Two-Way,RFA,,,,quincy-olivari,Los Angeles Lakers,https://www.spotrac.com/nba/los-angeles-lakers/yearly
Quinten Post,https://www.spotrac.com/nba/player/_/id/93959,C,24,Two-Way,RFA,,,,quinten-post,Golden State Warriors,https://www.spotrac.com/nba/golden-state-warriors/yearly
Rayan Rupert,https://www.spotrac.com/nba/player/_/id/82212,SG,20,$1891857,$2221677,RFA,,,rayan-rupert,Portland Trail Blazers,https://www.spotrac.com/nba/portland-trail-blazers/yearly
Reece Beekman,https://www.spotrac.com/nba/player/_/id/94484,PG,23,Two-Way,RFA,,,,reece-beekman,Golden State Warriors,https://www.spotrac.com/nba/golden-state-warriors/yearly
Reed Sheppard,https://www.spotrac.com/nba/player/_/id/91739,SG,20,$10098960,$10603560,$11108880,$14041625,RFA,reed-sheppard,Houston Rockets,https://www.spotrac.com/nba/houston-rockets/yearly
Reggie Jackson,https://www.spotrac.com/nba/player/_/id/8075,PG,34,$2087519,UFA,,,,reggie-jackson,Philadelphia 76ers,https://www.spotrac.com/nba/philadelphia-76ers/yearly
Richaun Holmes,https://www.spotrac.com/nba/player/_/id/17865,C,31,$12648321,$13280737,UFA,,,richaun-holmes,Washington Wizards,https://www.spotrac.com/nba/washington-wizards/yearly
Ricky Council IV,https://www.spotrac.com/nba/player/_/id/84718,G,23,$1891857,$2221677,$2406205,UFA,,ricky-council,Philadelphia 76ers,https://www.spotrac.com/nba/philadelphia-76ers/yearly
Riley Minix,https://www.spotrac.com/nba/player/_/id/95269,SF,24,Two-Way,RFA,,,,riley-minix,San Antonio Spurs,https://www.spotrac.com/nba/san-antonio-spurs/yearly
R.J. Barrett,https://www.spotrac.com/nba/player/_/id/31560,SG,24,$25794643,$27705357,$29616071,UFA,,rj-barrett,Toronto Raptors,https://www.spotrac.com/nba/toronto-raptors/yearly
Rob Dillingham,https://www.spotrac.com/nba/player/_/id/91736,PG,20,$6262920,$6576120,$6889320,$8763216,RFA,rob-dillingham,Minnesota Timberwolves,https://www.spotrac.com/nba/minnesota-timberwolves/yearly
Robert Williams III,https://www.spotrac.com/nba/player/_/id/26993,C,27,$12428571,$13285713,UFA,,,robert-williams,Portland Trail Blazers,https://www.spotrac.com/nba/portland-trail-blazers/yearly
Ron Holland II,https://www.spotrac.com/nba/player/_/id/91751,SF,19,$8245320,$8657280,$9069600,$11491183,RFA,ron-holland,Detroit Pistons,https://www.spotrac.com/nba/detroit-pistons/yearly
Royce O'Neale,https://www.spotrac.com/nba/player/_/id/24240,SF,31,$9875000,$10625000,$11375000,$12125000,UFA,royce-oneale,Phoenix Suns,https://www.spotrac.com/nba/phoenix-suns/yearly
Rudy Gobert,https://www.spotrac.com/nba/player/_/id/13340,C,32,$43827587,$35000000,$36500000,$38000000,UFA,rudy-gobert,Minnesota Timberwolves,https://www.spotrac.com/nba/minnesota-timberwolves/yearly
Rui Hachimura,https://www.spotrac.com/nba/player/_/id/31566,PF,26,$17000000,$18259259,UFA,,,rui-hachimura,Los Angeles Lakers,https://www.spotrac.com/nba/los-angeles-lakers/yearly
Russell Westbrook,https://www.spotrac.com/nba/player/_/id/6141,PG,36,$3303771,$3468960,UFA,,,russell-westbrook,Denver Nuggets,https://www.spotrac.com/nba/denver-nuggets/yearly
Ryan Dunn,https://www.spotrac.com/nba/player/_/id/91771,SF,22,$2530800,$2657760,$2784240,$5025553,RFA,ryan-dunn,Phoenix Suns,https://www.spotrac.com/nba/phoenix-suns/yearly
Ryan Rollins,https://www.spotrac.com/nba/player/_/id/78155,SG,22,Two-Way,RFA,,,,ryan-rollins,Milwaukee Bucks,https://www.spotrac.com/nba/milwaukee-bucks/yearly
Saddiq Bey,https://www.spotrac.com/nba/player/_/id/70661,SF,25,$6440678,$6118644,$6440678,UFA,,saddiq-bey,Washington Wizards,https://www.spotrac.com/nba/washington-wizards/yearly
Sam Hauser,https://www.spotrac.com/nba/player/_/id/74311,SF,27,$2092344,$10044644,$10848215,$11651785,$12455356,sam-hauser,Boston Celtics,https://www.spotrac.com/nba/boston-celtics/yearly
Sam Merrill,https://www.spotrac.com/nba/player/_/id/70702,SG,28,$2164993,UFA,,,,sam-merrill,Cleveland Cavaliers,https://www.spotrac.com/nba/cleveland-cavaliers/yearly
Sandro Mamukelashvili,https://www.spotrac.com/nba/player/_/id/74161,C,25,$2087519,UFA,,,,sandro-mamukelashvili,San Antonio Spurs,https://www.spotrac.com/nba/san-antonio-spurs/yearly
Santi Aldama,https://www.spotrac.com/nba/player/_/id/74137,C,24,$3960531,RFA,,,,santi-aldama,Memphis Grizzlies,https://www.spotrac.com/nba/memphis-grizzlies/yearly
Scoot Henderson,https://www.spotrac.com/nba/player/_/id/82198,PG,20,$10259160,$10748040,$13585523,RFA,,scoot-henderson,Portland Trail Blazers,https://www.spotrac.com/nba/portland-trail-blazers/yearly
Scottie Barnes,https://www.spotrac.com/nba/player/_/id/74111,PF,23,$10130980,$38661700,$41754636,$44847572,$47940508,scottie-barnes,Toronto Raptors,https://www.spotrac.com/nba/toronto-raptors/yearly
Scotty Pippen Jr.,https://www.spotrac.com/nba/player/_/id/78256,PG,24,$2087519,$2270735,$2461462,$2789215,UFA,scotty-pippen,Memphis Grizzlies,https://www.spotrac.com/nba/memphis-grizzlies/yearly
Seth Curry,https://www.spotrac.com/nba/player/_/id/13512,SG,34,$2087519,UFA,UFA,,,seth-curry,Charlotte Hornets,https://www.spotrac.com/nba/charlotte-hornets/yearly
Seth Lundy,https://www.spotrac.com/nba/player/_/id/84472,SG,24,Two-Way,RFA,,,,seth-lundy,Atlanta Hawks,https://www.spotrac.com/nba/atlanta-hawks/yearly
Shaedon Sharpe,https://www.spotrac.com/nba/player/_/id/78113,SG,21,$6614160,$8399983,RFA,,,shaedon-sharpe,Portland Trail Blazers,https://www.spotrac.com/nba/portland-trail-blazers/yearly
Shai Gilgeous-Alexander,https://www.spotrac.com/nba/player/_/id/26977,PG,26,$35859950,$38333050,$40806150,UFA,,shai-gilgeous-alexander,Oklahoma City Thunder,https://www.spotrac.com/nba/oklahoma-city-thunder/yearly
Shake Milton,https://www.spotrac.com/nba/player/_/id/27020,SG,28,$2875000,$3000000,$3287406,UFA,,shake-milton,Brooklyn Nets,https://www.spotrac.com/nba/brooklyn-nets/yearly
Sidy Cissoko,https://www.spotrac.com/nba/player/_/id/84471,SG,20,$1891857,$2221677,RFA,,,sidy-cissoko,San Antonio Spurs,https://www.spotrac.com/nba/san-antonio-spurs/yearly
Simone Fontecchio,https://www.spotrac.com/nba/player/_/id/78654,SF,29,$7692308,$8307692,UFA,,,simone-fontecchio,Detroit Pistons,https://www.spotrac.com/nba/detroit-pistons/yearly
Spencer Dinwiddie,https://www.spotrac.com/nba/player/_/id/15390,PG,31,$2087519,UFA,,,,spencer-dinwiddie,Dallas Mavericks,https://www.spotrac.com/nba/dallas-mavericks/yearly
Spencer Jones,https://www.spotrac.com/nba/player/_/id/95438,SF,23,Two-Way,RFA,,,,spencer-jones,Denver Nuggets,https://www.spotrac.com/nba/denver-nuggets/yearly
Stanley Umude,https://www.spotrac.com/nba/player/_/id/79976,G,25,Two-Way,RFA,,,,stanley-umude,Milwaukee Bucks,https://www.spotrac.com/nba/milwaukee-bucks/yearly
Stephen Curry,https://www.spotrac.com/nba/player/_/id/6287,PG,36,$55761216,$59606817,$62587158,UFA,,stephen-curry,Golden State Warriors,https://www.spotrac.com/nba/golden-state-warriors/yearly
Stephon Castle,https://www.spotrac.com/nba/player/_/id/91750,PG,20,$9105120,$9560520,$10015920,$12670139,RFA,stephon-castle,San Antonio Spurs,https://www.spotrac.com/nba/san-antonio-spurs/yearly
Steven Adams,https://www.spotrac.com/nba/player/_/id/13325,C,31,$12600000,UFA,,,,steven-adams,Houston Rockets,https://www.spotrac.com/nba/houston-rockets/yearly
Sviatoslav Mykhailiuk,https://www.spotrac.com/nba/player/_/id/27013,SG,27,$3500000,$3675000,$3850000,$4025000,UFA,sviatoslav-mykhailiuk,Utah Jazz,https://www.spotrac.com/nba/utah-jazz/yearly
Taj Gibson,https://www.spotrac.com/nba/player/_/id/6278,C,39,$3303771,UFA,,,,taj-gibson,Charlotte Hornets,https://www.spotrac.com/nba/charlotte-hornets/yearly
Talen Horton-Tucker,https://www.spotrac.com/nba/player/_/id/31605,SG,24,$2087519,UFA,,,,talen-horton-tucker,Chicago Bulls,https://www.spotrac.com/nba/chicago-bulls/yearly
Tari Eason,https://www.spotrac.com/nba/player/_/id/78123,PF,23,$3695160,$5675766,RFA,,,tari-eason,Houston Rockets,https://www.spotrac.com/nba/houston-rockets/yearly
Taurean Prince,https://www.spotrac.com/nba/player/_/id/20217,PF,30,$2087519,UFA,,,,taurean-prince,Milwaukee Bucks,https://www.spotrac.com/nba/milwaukee-bucks/yearly
Taylor Hendricks,https://www.spotrac.com/nba/player/_/id/82205,PF,21,$5848680,$6127080,$7805900,UFA,,taylor-hendricks,Utah Jazz,https://www.spotrac.com/nba/utah-jazz/yearly
Taze Moore,https://www.spotrac.com/nba/player/_/id/86067,SF,26,Two-Way,RFA,,,,taze-moore,Portland Trail Blazers,https://www.spotrac.com/nba/portland-trail-blazers/yearly
Terance Mann,https://www.spotrac.com/nba/player/_/id/31607,SG,28,$11423077,$15500000,$15500000,$16000000,UFA,terance-mann,LA Clippers,https://www.spotrac.com/nba/la-clippers/yearly
Terrence Shannon Jr.,https://www.spotrac.com/nba/player/_/id/91774,SG,24,$2546640,$2674080,$2801640,$5054159,RFA,terrence-shannon,Minnesota Timberwolves,https://www.spotrac.com/nba/minnesota-timberwolves/yearly
Terry Rozier,https://www.spotrac.com/nba/player/_/id/17844,PG,30,$24924126,$26643031,UFA,,,terry-rozier,Miami Heat,https://www.spotrac.com/nba/miami-heat/yearly
Thomas Bryant,https://www.spotrac.com/nba/player/_/id/23643,C,27,$2087519,UFA,,,,thomas-bryant,Miami Heat,https://www.spotrac.com/nba/miami-heat/yearly
Tidjane Salaun,https://www.spotrac.com/nba/player/_/id/91756,PF,19,$7488720,$7863240,$8237880,$10445633,RFA,tidjane-salaun,Charlotte Hornets,https://www.spotrac.com/nba/charlotte-hornets/yearly
Tim Hardaway Jr.,https://www.spotrac.com/nba/player/_/id/13337,SG,32,$16193183,UFA,,,,tim-hardaway,Detroit Pistons,https://www.spotrac.com/nba/detroit-pistons/yearly
T.J. McConnell,https://www.spotrac.com/nba/player/_/id/18252,PG,32,$9300000,$10200000,$11000000,$11800000,$11800000,tj-mcconnell,Indiana Pacers,https://www.spotrac.com/nba/indiana-pacers/yearly
Tobias Harris,https://www.spotrac.com/nba/player/_/id/8070,PF,32,$25365854,$26634146,UFA,,,tobias-harris,Detroit Pistons,https://www.spotrac.com/nba/detroit-pistons/yearly
Torrey Craig,https://www.spotrac.com/nba/player/_/id/24230,SF,34,$2845342,UFA,,,,torrey-craig,Chicago Bulls,https://www.spotrac.com/nba/chicago-bulls/yearly
Toumani Camara,https://www.spotrac.com/nba/player/_/id/84478,PF,24,$1891857,$2221677,$2406205,UFA,,toumani-camara,Portland Trail Blazers,https://www.spotrac.com/nba/portland-trail-blazers/yearly
Trae Young,https://www.spotrac.com/nba/player/_/id/26971,PG,26,$43031940,$45999660,$48967380,UFA,,trae-young,Atlanta Hawks,https://www.spotrac.com/nba/atlanta-hawks/yearly
Trayce Jackson-Davis,https://www.spotrac.com/nba/player/_/id/84443,PF,24,$1891857,$2221677,$2406205,UFA,,trayce-jackson-davis,Golden State Warriors,https://www.spotrac.com/nba/golden-state-warriors/yearly
Tre Jones,https://www.spotrac.com/nba/player/_/id/70683,PG,25,$9104167,UFA,,,,tre-jones,San Antonio Spurs,https://www.spotrac.com/nba/san-antonio-spurs/yearly
Tre Mann,https://www.spotrac.com/nba/player/_/id/74125,PG,23,$4908373,RFA,,,,tre-mann,Charlotte Hornets,https://www.spotrac.com/nba/charlotte-hornets/yearly
Trendon Watford,https://www.spotrac.com/nba/player/_/id/74232,PF,24,$2726603,UFA,,,,trendon-watford,Brooklyn Nets,https://www.spotrac.com/nba/brooklyn-nets/yearly
Trentyn Flowers,https://www.spotrac.com/nba/player/_/id/95276,F,19,Two-Way,RFA,,,,trentyn-flowers,LA Clippers,https://www.spotrac.com/nba/la-clippers/yearly
Trevelin Queen,https://www.spotrac.com/nba/player/_/id/70720,SG,27,Two-Way,RFA,,,,trevelin-queen,Orlando Magic,https://www.spotrac.com/nba/orlando-magic/yearly
Trey Alexander,https://www.spotrac.com/nba/player/_/id/94483,SG,21,Two-Way,RFA,,,,trey-alexander,Denver Nuggets,https://www.spotrac.com/nba/denver-nuggets/yearly
Trey Jemison,https://www.spotrac.com/nba/player/_/id/86044,PF,25,Two-Way,RFA,,,,trey-jemison,New Orleans Pelicans,https://www.spotrac.com/nba/new-orleans-pelicans/yearly
Trey Lyles,https://www.spotrac.com/nba/player/_/id/17840,PF,29,$8000000,UFA,,,,trey-lyles,Sacramento Kings,https://www.spotrac.com/nba/sacramento-kings/yearly
Trey Murphy III,https://www.spotrac.com/nba/player/_/id/74124,SF,24,$5159855,$25000000,$27000000,$29000000,$31000000,trey-murphy,New Orleans Pelicans,https://www.spotrac.com/nba/new-orleans-pelicans/yearly
Tristan Da Silva,https://www.spotrac.com/nba/player/_/id/91759,SF,23,$3628440,$3809520,$3991200,$6138466,RFA,tristan-da-silva,Orlando Magic,https://www.spotrac.com/nba/orlando-magic/yearly
Tristan Thompson,https://www.spotrac.com/nba/player/_/id/8054,C,33,$2087519,UFA,,,,tristan-thompson,Cleveland Cavaliers,https://www.spotrac.com/nba/cleveland-cavaliers/yearly
Tristan Vukcevic,https://www.spotrac.com/nba/player/_/id/84470,C,21,Two-Way,RFA,,,,tristan-vukcevic,Washington Wizards,https://www.spotrac.com/nba/washington-wizards/yearly
Tristen Newton,https://www.spotrac.com/nba/player/_/id/93957,PG,23,Two-Way,RFA,,,,tristen-newton,Indiana Pacers,https://www.spotrac.com/nba/indiana-pacers/yearly
Ty Jerome,https://www.spotrac.com/nba/player/_/id/31582,SG,27,$2560975,UFA,,,,ty-jerome,Cleveland Cavaliers,https://www.spotrac.com/nba/cleveland-cavaliers/yearly
Tyler Herro,https://www.spotrac.com/nba/player/_/id/31570,SG,25,$29000000,$31000000,$33000000,UFA,,tyler-herro,Miami Heat,https://www.spotrac.com/nba/miami-heat/yearly
Tyler Kolek,https://www.spotrac.com/nba/player/_/id/91769,PG,23,$2087519,$2191897,$2296271,$2486995,RFA,tyler-kolek,New York Knicks,https://www.spotrac.com/nba/new-york-knicks/yearly
Tyler Smith,https://www.spotrac.com/nba/player/_/id/91762,SF,20,$1157153,$1955377,$2296271,$2486995,UFA,tyler-smith,Milwaukee Bucks,https://www.spotrac.com/nba/milwaukee-bucks/yearly
Tyrese Haliburton,https://www.spotrac.com/nba/player/_/id/70654,PG,24,$42176400,$45550512,$48924624,$52298736,$55672848,tyrese-haliburton,Indiana Pacers,https://www.spotrac.com/nba/indiana-pacers/yearly
Tyrese Martin,https://www.spotrac.com/nba/player/_/id/78162,SF,25,Two-Way,RFA,,,,tyrese-martin,Brooklyn Nets,https://www.spotrac.com/nba/brooklyn-nets/yearly
Tyrese Maxey,https://www.spotrac.com/nba/player/_/id/70663,PG,24,$35147000,$37958760,$40770520,$43582280,$46394040,tyrese-maxey,Philadelphia 76ers,https://www.spotrac.com/nba/philadelphia-76ers/yearly
TyTy Washington Jr.,https://www.spotrac.com/nba/player/_/id/78125,PG,23,Two-Way,RFA,,,,tyty-washington,Phoenix Suns,https://www.spotrac.com/nba/phoenix-suns/yearly
Tyus Jones,https://www.spotrac.com/nba/player/_/id/17852,PG,28,$2087519,UFA,,,,tyus-jones,Phoenix Suns,https://www.spotrac.com/nba/phoenix-suns/yearly
Ulrich Chomche,https://www.spotrac.com/nba/player/_/id/91781,PF,19,Two-Way,Two-Way,RFA,,,ulrich-chomche,Toronto Raptors,https://www.spotrac.com/nba/toronto-raptors/yearly
Vasilije Micic,https://www.spotrac.com/nba/player/_/id/15404,PG,31,$7723000,$8109150,UFA,,,vasilije-micic,Charlotte Hornets,https://www.spotrac.com/nba/charlotte-hornets/yearly
Victor Wembanyama,https://www.spotrac.com/nba/player/_/id/82196,C,21,$12768960,$13376880,$16868246,RFA,,victor-wembanyama,San Antonio Spurs,https://www.spotrac.com/nba/san-antonio-spurs/yearly
Vincent Williams Jr.,https://www.spotrac.com/nba/player/_/id/78158,SF,24,$2120693,$2301587,$2489752,UFA,,vincent-williams,Memphis Grizzlies,https://www.spotrac.com/nba/memphis-grizzlies/yearly
Vit Krejci,https://www.spotrac.com/nba/player/_/id/70679,PG,24,$2162606,$2349578,$2667944,$3005085,UFA,vit-krejci,Atlanta Hawks,https://www.spotrac.com/nba/atlanta-hawks/yearly
Vlatko Cancar,https://www.spotrac.com/nba/player/_/id/23650,PF,27,$2087519,UFA,,,,vlatko-cancar,Denver Nuggets,https://www.spotrac.com/nba/denver-nuggets/yearly
Walker Kessler,https://www.spotrac.com/nba/player/_/id/78133,C,23,$2965920,$4878938,RFA,,,walker-kessler,Utah Jazz,https://www.spotrac.com/nba/utah-jazz/yearly
Wendell Carter Jr.,https://www.spotrac.com/nba/player/_/id/26973,C,25,$11950000,$10850000,$18102000,$19550160,$20998320,wendell-carter,Orlando Magic,https://www.spotrac.com/nba/orlando-magic/yearly
Wendell Moore Jr.,https://www.spotrac.com/nba/player/_/id/78145,SG,23,$2537040,UFA,,,,wendell-moore,Detroit Pistons,https://www.spotrac.com/nba/detroit-pistons/yearly
Xavier Tillman,https://www.spotrac.com/nba/player/_/id/70677,C,26,$2237691,$2546675,UFA,,,xavier-tillman,Boston Celtics,https://www.spotrac.com/nba/boston-celtics/yearly
Yongxi Cui,https://www.spotrac.com/nba/player/_/id/95593,G,21,Two-Way,Two-Way,RFA,,,yongxi-cui,Brooklyn Nets,https://www.spotrac.com/nba/brooklyn-nets/yearly
Yuki Kawamura,https://www.spotrac.com/nba/player/_/id/95565,G,23,Two-Way,RFA,,,,yuki-kawamura,Memphis Grizzlies,https://www.spotrac.com/nba/memphis-grizzlies/yearly
Yves Missi,https://www.spotrac.com/nba/player/_/id/91761,C,20,$3193200,$3353040,$3512760,$5595827,RFA,yves-missi,New Orleans Pelicans,https://www.spotrac.com/nba/new-orleans-pelicans/yearly
Zaccharie Risacher,https://www.spotrac.com/nba/player/_/id/91733,SF,19,$12569040,$13197720,$13826040,$17434637,RFA,zaccharie-risacher,Atlanta Hawks,https://www.spotrac.com/nba/atlanta-hawks/yearly
Zach Collins,https://www.spotrac.com/nba/player/_/id/23605,C,27,$16741200,$18080496,UFA,,,zach-collins,San Antonio Spurs,https://www.spotrac.com/nba/san-antonio-spurs/yearly
Zach Edey,https://www.spotrac.com/nba/player/_/id/91755,C,22,$5756880,$6045000,$6332760,$8067937,RFA,zach-edey,Memphis Grizzlies,https://www.spotrac.com/nba/memphis-grizzlies/yearly
Zach LaVine,https://www.spotrac.com/nba/player/_/id/15365,SG,29,$43031940,$45999660,$48967380,UFA,,zach-lavine,Chicago Bulls,https://www.spotrac.com/nba/chicago-bulls/yearly
Zeke Nnaji,https://www.spotrac.com/nba/player/_/id/70664,PF,24,$8888889,$8177778,$7466667,$7466667,UFA,zeke-nnaji,Denver Nuggets,https://www.spotrac.com/nba/denver-nuggets/yearly
Ziaire Williams,https://www.spotrac.com/nba/player/_/id/74117,SF,23,$6133005,RFA,,,,ziaire-williams,Brooklyn Nets,https://www.spotrac.com/nba/brooklyn-nets/yearly
Zion Williamson,https://www.spotrac.com/nba/player/_/id/31558,PF,24,$36725670,$39446090,$42166510,$44886930,UFA,zion-williamson,New Orleans Pelicans,https://www.spotrac.com/nba/new-orleans-pelicans/yearly
