Player,Player Link,Player Key,Team,Team Link,Age,Position,2024-25,2025-26,2026-27,2027-28,2028-29
Aaron Gordon,https://www.spotrac.com/nba/player/_/id/15356,aaron-gordon,Denver Nuggets,https://www.spotrac.com/nba/denver-nuggets/yearly,29,PF,$22841455,$22841455,$31978037,$34536280,$37094523
Aaron Holiday,https://www.spotrac.com/nba/player/_/id/26989,aaron-holiday,Houston Rockets,https://www.spotrac.com/nba/houston-rockets/yearly,28,PG,$4668000,$4901400,UFA,,
Aaron Nesmith,https://www.spotrac.com/nba/player/_/id/70656,aaron-nesmith,Indiana Pacers,https://www.spotrac.com/nba/indiana-pacers/yearly,25,SF,$11000000,$11000000,$11000000,UFA,
Aaron Wiggins,https://www.spotrac.com/nba/player/_/id/74162,aaron-wiggins,Oklahoma City Thunder,https://www.spotrac.com/nba/oklahoma-city-thunder/yearly,26,SG,$10514017,$9672897,$8831776,$7990655,$7990655
Adam Flagler,https://www.spotrac.com/nba/player/_/id/86081,adam-flagler,Oklahoma City Thunder,https://www.spotrac.com/nba/oklahoma-city-thunder/yearly,25,G,Two-Way,RFA,,,
Adama Sanogo,https://www.spotrac.com/nba/player/_/id/84939,adama-sanogo,Chicago Bulls,https://www.spotrac.com/nba/chicago-bulls/yearly,22,PF,Two-Way,RFA,,,
Adem Bona,https://www.spotrac.com/nba/player/_/id/91790,adem-bona,Philadelphia 76ers,https://www.spotrac.com/nba/philadelphia-76ers/yearly,21,C,$1157153,$1955377,$2296271,$2486995,UFA
AJ Green,https://www.spotrac.com/nba/player/_/id/78250,aj-green,Milwaukee Bucks,https://www.spotrac.com/nba/milwaukee-bucks/yearly,25,SG,$2120693,$2301587,UFA,,
AJ Johnson,https://www.spotrac.com/nba/player/_/id/92952,aj-johnson,Milwaukee Bucks,https://www.spotrac.com/nba/milwaukee-bucks/yearly,20,PG,$2795294,$3090480,$3237120,$5493394,RFA
Ajay Mitchell,https://www.spotrac.com/nba/player/_/id/92958,ajay-mitchell,Oklahoma City Thunder,https://www.spotrac.com/nba/oklahoma-city-thunder/yearly,22,PG,Two-Way,RFA,,,
Al Horford,https://www.spotrac.com/nba/player/_/id/2199,al-horford,Boston Celtics,https://www.spotrac.com/nba/boston-celtics/yearly,38,C,$9500000,UFA,,,
Alec Burks,https://www.spotrac.com/nba/player/_/id/8063,alec-burks,Miami Heat,https://www.spotrac.com/nba/miami-heat/yearly,33,SG,$2087519,UFA,,,
Alex Caruso,https://www.spotrac.com/nba/player/_/id/21076,alex-caruso,Oklahoma City Thunder,https://www.spotrac.com/nba/oklahoma-city-thunder/yearly,30,SG,$9890000,UFA,,,
Alex Ducas,https://www.spotrac.com/nba/player/_/id/94882,alex-ducas,Oklahoma City Thunder,https://www.spotrac.com/nba/oklahoma-city-thunder/yearly,24,G,Two-Way,RFA,,,
Alex Len,https://www.spotrac.com/nba/player/_/id/13318,alex-len,Sacramento Kings,https://www.spotrac.com/nba/sacramento-kings/yearly,31,C,$2087519,UFA,,,
Alex Sarr,https://www.spotrac.com/nba/player/_/id/91734,alex-sarr,Washington Wizards,https://www.spotrac.com/nba/washington-wizards/yearly,19,PF,$11245680,$11808240,$12370680,$15611798,RFA
Alondes Williams,https://www.spotrac.com/nba/player/_/id/78284,alondes-williams,Detroit Pistons,https://www.spotrac.com/nba/detroit-pistons/yearly,25,G,Two-Way,Two-Way,RFA,,
Alperen Sengun,https://www.spotrac.com/nba/player/_/id/74123,alperen-sengun,Houston Rockets,https://www.spotrac.com/nba/houston-rockets/yearly,22,C,$5424654,$33944954,$35642202,$37339450,$39036697
Amen Thompson,https://www.spotrac.com/nba/player/_/id/82199,amen-thompson,Houston Rockets,https://www.spotrac.com/nba/houston-rockets/yearly,22,PG,$9249960,$9690600,$12258609,RFA,
Amir Coffey,https://www.spotrac.com/nba/player/_/id/32198,amir-coffey,LA Clippers,https://www.spotrac.com/nba/la-clippers/yearly,27,SG,$3938271,UFA,,,
Andre Drummond,https://www.spotrac.com/nba/player/_/id/10817,andre-drummond,Philadelphia 76ers,https://www.spotrac.com/nba/philadelphia-76ers/yearly,31,C,$5000000,$5000000,UFA,,
Andre Jackson Jr.,https://www.spotrac.com/nba/player/_/id/82321,andre-jackson,Milwaukee Bucks,https://www.spotrac.com/nba/milwaukee-bucks/yearly,23,SG,$1891857,$2221677,$2406205,UFA,
Andrew Nembhard,https://www.spotrac.com/nba/player/_/id/78137,andrew-nembhard,Indiana Pacers,https://www.spotrac.com/nba/indiana-pacers/yearly,25,PG,$2019699,$18102000,$19550160,$20998320,UFA
Andrew Wiggins,https://www.spotrac.com/nba/player/_/id/15353,andrew-wiggins,Golden State Warriors,https://www.spotrac.com/nba/golden-state-warriors/yearly,29,SF,$26276786,$28223215,$30169644,UFA,
Anfernee Simons,https://www.spotrac.com/nba/player/_/id/26990,anfernee-simons,Portland Trail Blazers,https://www.spotrac.com/nba/portland-trail-blazers/yearly,25,SG,$25892857,$27678571,UFA,,
Anthony Black,https://www.spotrac.com/nba/player/_/id/82203,anthony-black,Orlando Magic,https://www.spotrac.com/nba/orlando-magic/yearly,21,SG,$7607760,$7970280,$10106316,RFA,
Anthony Davis,https://www.spotrac.com/nba/player/_/id/10809,anthony-davis,Los Angeles Lakers,https://www.spotrac.com/nba/los-angeles-lakers/yearly,31,C,$43219440,$54126380,$58456490,$62786601,UFA
Anthony Edwards,https://www.spotrac.com/nba/player/_/id/70643,anthony-edwards,Minnesota Timberwolves,https://www.spotrac.com/nba/minnesota-timberwolves/yearly,23,SG,$42176400,$45550512,$48924624,$52298736,$55672848
Anthony Gill,https://www.spotrac.com/nba/player/_/id/70741,anthony-gill,Washington Wizards,https://www.spotrac.com/nba/washington-wizards/yearly,32,PF,$2087519,$2546675,UFA,,
Anton Watson,https://www.spotrac.com/nba/player/_/id/93961,anton-watson,Boston Celtics,https://www.spotrac.com/nba/boston-celtics/yearly,24,PF,Two-Way,RFA,,,
Antonio Reeves,https://www.spotrac.com/nba/player/_/id/93956,antonio-reeves,New Orleans Pelicans,https://www.spotrac.com/nba/new-orleans-pelicans/yearly,24,SG,$1157153,$1955377,$2296271,RFA,
Ariel Hukporti,https://www.spotrac.com/nba/player/_/id/93962,ariel-hukporti,New York Knicks,https://www.spotrac.com/nba/new-york-knicks/yearly,22,C,$1064049,$1955377,RFA,,
Armel Traore,https://www.spotrac.com/nba/player/_/id/94489,armel-traore,Los Angeles Lakers,https://www.spotrac.com/nba/los-angeles-lakers/yearly,22,SG,Two-Way,RFA,,,
Ausar Thompson,https://www.spotrac.com/nba/player/_/id/82200,ausar-thompson,Detroit Pistons,https://www.spotrac.com/nba/detroit-pistons/yearly,22,SG,$8376000,$8775000,$11117925,RFA,
Austin Reaves,https://www.spotrac.com/nba/player/_/id/74218,austin-reaves,Los Angeles Lakers,https://www.spotrac.com/nba/los-angeles-lakers/yearly,26,SG,$12976362,$13937574,$14898786,UFA,
Ayo Dosunmu,https://www.spotrac.com/nba/player/_/id/74145,ayo-dosunmu,Chicago Bulls,https://www.spotrac.com/nba/chicago-bulls/yearly,25,PG,$7000000,$7518518,UFA,,
Bam Adebayo,https://www.spotrac.com/nba/player/_/id/23609,bam-adebayo,Miami Heat,https://www.spotrac.com/nba/miami-heat/yearly,27,C,$34848340,$37096620,$51033600,$55116288,$59198976
Baylor Scheierman,https://www.spotrac.com/nba/player/_/id/91780,baylor-scheierman,Boston Celtics,https://www.spotrac.com/nba/boston-celtics/yearly,24,SG,$2494320,$2619000,$2744040,$4952993,RFA
Ben Sheppard,https://www.spotrac.com/nba/player/_/id/84440,ben-sheppard,Indiana Pacers,https://www.spotrac.com/nba/indiana-pacers/yearly,23,SF,$2663880,$2790720,$5031669,RFA,
Ben Simmons,https://www.spotrac.com/nba/player/_/id/20206,ben-simmons,Brooklyn Nets,https://www.spotrac.com/nba/brooklyn-nets/yearly,28,PG,$40338144,UFA,,,
Bennedict Mathurin,https://www.spotrac.com/nba/player/_/id/78115,bennedict-mathurin,Indiana Pacers,https://www.spotrac.com/nba/indiana-pacers/yearly,22,SG,$7245720,$9187573,RFA,,
Bilal Coulibaly,https://www.spotrac.com/nba/player/_/id/82317,bilal-coulibaly,Washington Wizards,https://www.spotrac.com/nba/washington-wizards/yearly,20,SF,$6945240,$7275600,$9240012,RFA,
Blake Wesley,https://www.spotrac.com/nba/player/_/id/78132,blake-wesley,San Antonio Spurs,https://www.spotrac.com/nba/san-antonio-spurs/yearly,21,SG,$2624280,$4726328,RFA,,
Bobby Portis,https://www.spotrac.com/nba/player/_/id/17850,bobby-portis,Milwaukee Bucks,https://www.spotrac.com/nba/milwaukee-bucks/yearly,29,PF,$12578286,$13445754,UFA,,
Bobi Klintman,https://www.spotrac.com/nba/player/_/id/91764,bobi-klintman,Detroit Pistons,https://www.spotrac.com/nba/detroit-pistons/yearly,21,SF,$1257153,$1955377,$2296271,$2486995,UFA
Bogdan Bogdanovic,https://www.spotrac.com/nba/player/_/id/15379,bogdan-bogdanovic,Atlanta Hawks,https://www.spotrac.com/nba/atlanta-hawks/yearly,32,SG,$17260000,$16020000,$16020000,UFA,
Bojan Bogdanovic,https://www.spotrac.com/nba/player/_/id/8083,bojan-bogdanovic,Brooklyn Nets,https://www.spotrac.com/nba/brooklyn-nets/yearly,35,SF,$19032850,UFA,,,
Bol Bol,https://www.spotrac.com/nba/player/_/id/31603,bol-bol,Phoenix Suns,https://www.spotrac.com/nba/phoenix-suns/yearly,25,PF,$2087519,UFA,,,
Boo Buie,https://www.spotrac.com/nba/player/_/id/95624,boo-buie,New York Knicks,https://www.spotrac.com/nba/new-york-knicks/yearly,25,G,Two-Way,RFA,,,
Bradley Beal,https://www.spotrac.com/nba/player/_/id/10811,bradley-beal,Phoenix Suns,https://www.spotrac.com/nba/phoenix-suns/yearly,31,SG,$50203930,$53666270,$57128610,UFA,
Branden Carlson,https://www.spotrac.com/nba/player/_/id/94490,branden-carlson,Oklahoma City Thunder,https://www.spotrac.com/nba/oklahoma-city-thunder/yearly,25,C,$990895,RFA,,,
Brandin Podziemski,https://www.spotrac.com/nba/player/_/id/84438,brandin-podziemski,Golden State Warriors,https://www.spotrac.com/nba/golden-state-warriors/yearly,21,SG,$3519960,$3687960,$5679459,RFA,
Brandon Boston Jr,https://www.spotrac.com/nba/player/_/id/74158,brandon-boston,New Orleans Pelicans,https://www.spotrac.com/nba/new-orleans-pelicans/yearly,23,SG,Two-Way,RFA,,,
Brandon Clarke,https://www.spotrac.com/nba/player/_/id/31578,brandon-clarke,Memphis Grizzlies,https://www.spotrac.com/nba/memphis-grizzlies/yearly,28,PF,$12500000,$12500000,$12500000,UFA,
Brandon Ingram,https://www.spotrac.com/nba/player/_/id/20207,brandon-ingram,New Orleans Pelicans,https://www.spotrac.com/nba/new-orleans-pelicans/yearly,27,SF,$36016200,UFA,,,
Brandon Miller,https://www.spotrac.com/nba/player/_/id/82197,brandon-miller,Charlotte Hornets,https://www.spotrac.com/nba/charlotte-hornets/yearly,22,SF,$11424600,$11968800,$15104626,RFA,
Brandon Williams,https://www.spotrac.com/nba/player/_/id/75136,brandon-williams,Dallas Mavericks,https://www.spotrac.com/nba/dallas-mavericks/yearly,25,PG,Two-Way,RFA,,,
Brice Sensabaugh,https://www.spotrac.com/nba/player/_/id/82213,brice-sensabaugh,Utah Jazz,https://www.spotrac.com/nba/utah-jazz/yearly,21,SF,$2571480,$2693760,$4862237,RFA,
Bronny James,https://www.spotrac.com/nba/player/_/id/92960,bronny-james,Los Angeles Lakers,https://www.spotrac.com/nba/los-angeles-lakers/yearly,20,PG,$1157153,$1955377,$2296271,$2486995,UFA
Brook Lopez,https://www.spotrac.com/nba/player/_/id/6136,brook-lopez,Milwaukee Bucks,https://www.spotrac.com/nba/milwaukee-bucks/yearly,36,C,$23000000,UFA,,,
Bruce Brown Jr.,https://www.spotrac.com/nba/player/_/id/27008,bruce-brown,Toronto Raptors,https://www.spotrac.com/nba/toronto-raptors/yearly,28,SG,$23000000,UFA,,,
Bruno Fernando,https://www.spotrac.com/nba/player/_/id/31593,bruno-fernando,Toronto Raptors,https://www.spotrac.com/nba/toronto-raptors/yearly,26,C,$2087519,UFA,,,
Bryce McGowens,https://www.spotrac.com/nba/player/_/id/78140,bryce-mcgowens,Portland Trail Blazers,https://www.spotrac.com/nba/portland-trail-blazers/yearly,22,SG,Two-Way,RFA,,,
Bub Carrington,https://www.spotrac.com/nba/player/_/id/91766,bub-carrington,Washington Wizards,https://www.spotrac.com/nba/washington-wizards/yearly,19,PG,$4454880,$4677600,$4900560,$7257730,RFA
Buddy Hield,https://www.spotrac.com/nba/player/_/id/20211,buddy-hield,Golden State Warriors,https://www.spotrac.com/nba/golden-state-warriors/yearly,32,SG,$8780488,$9219512,$9658536,$10097560,UFA
Cade Cunningham,https://www.spotrac.com/nba/player/_/id/74108,cade-cunningham,Detroit Pistons,https://www.spotrac.com/nba/detroit-pistons/yearly,23,PG,$13940809,$38661750,$41754690,$44847630,$47940570
Caleb Houstan,https://www.spotrac.com/nba/player/_/id/78142,caleb-houstan,Orlando Magic,https://www.spotrac.com/nba/orlando-magic/yearly,22,SF,$2019699,$2187699,UFA,,
Caleb Martin,https://www.spotrac.com/nba/player/_/id/32682,caleb-martin,Philadelphia 76ers,https://www.spotrac.com/nba/philadelphia-76ers/yearly,29,SF,$8149001,$8556451,$8963901,$9371351,UFA
Cam Reddish,https://www.spotrac.com/nba/player/_/id/31567,cam-reddish,Los Angeles Lakers,https://www.spotrac.com/nba/los-angeles-lakers/yearly,25,SF,$2463946,UFA,,,
Cam Spencer,https://www.spotrac.com/nba/player/_/id/93960,cam-spencer,Memphis Grizzlies,https://www.spotrac.com/nba/memphis-grizzlies/yearly,24,SG,Two-Way,RFA,,,
Cam Whitmore,https://www.spotrac.com/nba/player/_/id/82202,cam-whitmore,Houston Rockets,https://www.spotrac.com/nba/houston-rockets/yearly,20,SF,$3379080,$3539760,$5458310,RFA,
Cameron Christie,https://www.spotrac.com/nba/player/_/id/91777,cameron-christie,LA Clippers,https://www.spotrac.com/nba/la-clippers/yearly,19,SG,$1157153,$1955377,$2296271,$2486995,UFA
Cameron Johnson,https://www.spotrac.com/nba/player/_/id/31568,cameron-johnson,Brooklyn Nets,https://www.spotrac.com/nba/brooklyn-nets/yearly,28,SF,$23625000,$21570652,$23625000,UFA,
Cameron Payne,https://www.spotrac.com/nba/player/_/id/17842,cameron-payne,New York Knicks,https://www.spotrac.com/nba/new-york-knicks/yearly,30,PG,$2087519,UFA,,,
Cameron Thomas,https://www.spotrac.com/nba/player/_/id/74134,cameron-thomas,Brooklyn Nets,https://www.spotrac.com/nba/brooklyn-nets/yearly,23,SG,$4041249,RFA,,,
Caris LeVert,https://www.spotrac.com/nba/player/_/id/20225,caris-levert,Cleveland Cavaliers,https://www.spotrac.com/nba/cleveland-cavaliers/yearly,30,SG,$16615384,UFA,,,
Cason Wallace,https://www.spotrac.com/nba/player/_/id/82207,cason-wallace,Oklahoma City Thunder,https://www.spotrac.com/nba/oklahoma-city-thunder/yearly,21,PG,$5555880,$5820240,$7420806,RFA,
Charles Bassey,https://www.spotrac.com/nba/player/_/id/74160,charles-bassey,San Antonio Spurs,https://www.spotrac.com/nba/san-antonio-spurs/yearly,24,C,$2087519,UFA,,,
Chet Holmgren,https://www.spotrac.com/nba/player/_/id/78108,chet-holmgren,Oklahoma City Thunder,https://www.spotrac.com/nba/oklahoma-city-thunder/yearly,22,C,$10880640,$13731368,RFA,,
Chris Boucher,https://www.spotrac.com/nba/player/_/id/23671,chris-boucher,Toronto Raptors,https://www.spotrac.com/nba/toronto-raptors/yearly,32,PF,$10810000,UFA,,,
Chris Duarte,https://www.spotrac.com/nba/player/_/id/74120,chris-duarte,Chicago Bulls,https://www.spotrac.com/nba/chicago-bulls/yearly,27,SF,$5893768,RFA,,,
Chris Livingston,https://www.spotrac.com/nba/player/_/id/84483,chris-livingston,Milwaukee Bucks,https://www.spotrac.com/nba/milwaukee-bucks/yearly,21,SF,$1891857,$2221677,$2406205,UFA,
Chris Paul,https://www.spotrac.com/nba/player/_/id/2609,chris-paul,San Antonio Spurs,https://www.spotrac.com/nba/san-antonio-spurs/yearly,39,PG,$10460000,UFA,,,
Christian Braun,https://www.spotrac.com/nba/player/_/id/78148,christian-braun,Denver Nuggets,https://www.spotrac.com/nba/denver-nuggets/yearly,23,SG,$3089640,$4921797,RFA,,
Christian Koloko,https://www.spotrac.com/nba/player/_/id/78131,christian-koloko,Los Angeles Lakers,https://www.spotrac.com/nba/los-angeles-lakers/yearly,24,C,Two-Way,RFA,,,
Christian Wood,https://www.spotrac.com/nba/player/_/id/18218,christian-wood,Los Angeles Lakers,https://www.spotrac.com/nba/los-angeles-lakers/yearly,29,C,$3036040,UFA,,,
C.J. McCollum,https://www.spotrac.com/nba/player/_/id/13323,cj-mccollum,New Orleans Pelicans,https://www.spotrac.com/nba/new-orleans-pelicans/yearly,33,SG,$33333333,$30666666,UFA,,
Clint Capela,https://www.spotrac.com/nba/player/_/id/15377,clint-capela,Atlanta Hawks,https://www.spotrac.com/nba/atlanta-hawks/yearly,30,C,$22265280,UFA,,,
Coby White,https://www.spotrac.com/nba/player/_/id/31564,coby-white,Chicago Bulls,https://www.spotrac.com/nba/chicago-bulls/yearly,24,PG,$12000000,$12888889,UFA,,
Cody Martin,https://www.spotrac.com/nba/player/_/id/31595,cody-martin,Charlotte Hornets,https://www.spotrac.com/nba/charlotte-hornets/yearly,29,SF,$8120000,$8680000,UFA,,
Cody Williams,https://www.spotrac.com/nba/player/_/id/91752,cody-williams,Utah Jazz,https://www.spotrac.com/nba/utah-jazz/yearly,20,SG,$5469120,$5742480,$6015600,$7669890,RFA
Cody Zeller,https://www.spotrac.com/nba/player/_/id/13317,cody-zeller,Atlanta Hawks,https://www.spotrac.com/nba/atlanta-hawks/yearly,32,C,$3500000,$3675000,$3850000,UFA,
Colby Jones,https://www.spotrac.com/nba/player/_/id/82320,colby-jones,Sacramento Kings,https://www.spotrac.com/nba/sacramento-kings/yearly,22,SG,$2120693,$2221677,$2406205,UFA,
Cole Anthony,https://www.spotrac.com/nba/player/_/id/70657,cole-anthony,Orlando Magic,https://www.spotrac.com/nba/orlando-magic/yearly,24,PG,$12900000,$13100000,$13100000,UFA,
Cole Swider,https://www.spotrac.com/nba/player/_/id/78257,cole-swider,Detroit Pistons,https://www.spotrac.com/nba/detroit-pistons/yearly,25,F,Two-Way,RFA,,,
Colin Castleton,https://www.spotrac.com/nba/player/_/id/84736,colin-castleton,Memphis Grizzlies,https://www.spotrac.com/nba/memphis-grizzlies/yearly,24,PF,Two-Way,RFA,,,
Collin Gillespie,https://www.spotrac.com/nba/player/_/id/78276,collin-gillespie,Phoenix Suns,https://www.spotrac.com/nba/phoenix-suns/yearly,25,PG,Two-Way,RFA,,,
Collin Sexton,https://www.spotrac.com/nba/player/_/id/26974,collin-sexton,Utah Jazz,https://www.spotrac.com/nba/utah-jazz/yearly,26,PG,$18350000,$19175000,UFA,,
Corey Kispert,https://www.spotrac.com/nba/player/_/id/74122,corey-kispert,Washington Wizards,https://www.spotrac.com/nba/washington-wizards/yearly,25,SF,$5705888,$13975000,$13975000,$13025000,$13025000
Cory Joseph,https://www.spotrac.com/nba/player/_/id/8080,cory-joseph,Orlando Magic,https://www.spotrac.com/nba/orlando-magic/yearly,33,PG,$3303771,$3468960,UFA,,
Craig Porter Jr.,https://www.spotrac.com/nba/player/_/id/84768,craig-porter,Cleveland Cavaliers,https://www.spotrac.com/nba/cleveland-cavaliers/yearly,24,G,$1891857,$2221677,$2406205,UFA,
Daishen Nix,https://www.spotrac.com/nba/player/_/id/74357,daishen-nix,Minnesota Timberwolves,https://www.spotrac.com/nba/minnesota-timberwolves/yearly,22,PG,Two-Way,RFA,,,
Dalano Banton,https://www.spotrac.com/nba/player/_/id/74153,dalano-banton,Portland Trail Blazers,https://www.spotrac.com/nba/portland-trail-blazers/yearly,25,PG,$2196970,UFA,,,
Dalen Terry,https://www.spotrac.com/nba/player/_/id/78128,dalen-terry,Chicago Bulls,https://www.spotrac.com/nba/chicago-bulls/yearly,22,SG,$3510480,$5399118,RFA,,
Dalton Knecht,https://www.spotrac.com/nba/player/_/id/91749,dalton-knecht,Los Angeles Lakers,https://www.spotrac.com/nba/los-angeles-lakers/yearly,23,SF,$3819120,$4010160,$4201080,$6452860,RFA
Damian Lillard,https://www.spotrac.com/nba/player/_/id/10814,damian-lillard,Milwaukee Bucks,https://www.spotrac.com/nba/milwaukee-bucks/yearly,34,PG,$48787676,$54126380,$58456490,UFA,
Damion Lee,https://www.spotrac.com/nba/player/_/id/21063,damion-lee,Phoenix Suns,https://www.spotrac.com/nba/phoenix-suns/yearly,32,SG,$2087519,UFA,,,
D'Angelo Russell,https://www.spotrac.com/nba/player/_/id/17830,dangelo-russell,Los Angeles Lakers,https://www.spotrac.com/nba/los-angeles-lakers/yearly,28,PG,$18692307,UFA,,,
Daniel Gafford,https://www.spotrac.com/nba/player/_/id/31597,daniel-gafford,Dallas Mavericks,https://www.spotrac.com/nba/dallas-mavericks/yearly,26,C,$13394160,$14386320,UFA,,
Daniel Theis,https://www.spotrac.com/nba/player/_/id/23828,daniel-theis,New Orleans Pelicans,https://www.spotrac.com/nba/new-orleans-pelicans/yearly,32,C,$2087519,UFA,,,
Daniss Jenkins,https://www.spotrac.com/nba/player/_/id/94498,daniss-jenkins,Detroit Pistons,https://www.spotrac.com/nba/detroit-pistons/yearly,23,G,Two-Way,RFA,,,
Dante Exum,https://www.spotrac.com/nba/player/_/id/15357,dante-exum,Dallas Mavericks,https://www.spotrac.com/nba/dallas-mavericks/yearly,29,PG,$3150000,UFA,,,
DaQuan Jeffries,https://www.spotrac.com/nba/player/_/id/32680,daquan-jeffries,Charlotte Hornets,https://www.spotrac.com/nba/charlotte-hornets/yearly,27,SG,$2425404,$2743776,$3080918,UFA,
Dario Saric,https://www.spotrac.com/nba/player/_/id/15364,dario-saric,Denver Nuggets,https://www.spotrac.com/nba/denver-nuggets/yearly,30,PF,$5168000,$5426400,UFA,,
Dariq Whitehead,https://www.spotrac.com/nba/player/_/id/82273,dariq-whitehead,Brooklyn Nets,https://www.spotrac.com/nba/brooklyn-nets/yearly,20,SG,$3114240,$3262560,$5366912,RFA,
Darius Garland,https://www.spotrac.com/nba/player/_/id/31562,darius-garland,Cleveland Cavaliers,https://www.spotrac.com/nba/cleveland-cavaliers/yearly,25,PG,$36725670,$39446090,$42166510,$44886930,UFA
DaRon Holmes II,https://www.spotrac.com/nba/player/_/id/91791,daron-holmes,Denver Nuggets,https://www.spotrac.com/nba/denver-nuggets/yearly,22,PF,$3065640,$3218760,$3372120,$5547138,RFA
David Duke Jr.,https://www.spotrac.com/nba/player/_/id/74239,david-duke,San Antonio Spurs,https://www.spotrac.com/nba/san-antonio-spurs/yearly,25,SG,Two-Way,RFA,,,
David Jones,https://www.spotrac.com/nba/player/_/id/95272,david-jones,Utah Jazz,https://www.spotrac.com/nba/utah-jazz/yearly,23,SF,Two-Way,RFA,,,
David Roddy,https://www.spotrac.com/nba/player/_/id/78149,david-roddy,Atlanta Hawks,https://www.spotrac.com/nba/atlanta-hawks/yearly,23,PF,$2847240,UFA,UFA,,
Davion Mitchell,https://www.spotrac.com/nba/player/_/id/74116,davion-mitchell,Toronto Raptors,https://www.spotrac.com/nba/toronto-raptors/yearly,26,PG,$6451077,RFA,,,
Day'Ron Sharpe,https://www.spotrac.com/nba/player/_/id/74136,dayron-sharpe,Brooklyn Nets,https://www.spotrac.com/nba/brooklyn-nets/yearly,23,C,$3989122,RFA,,,
De'Aaron Fox,https://www.spotrac.com/nba/player/_/id/23600,deaaron-fox,Sacramento Kings,https://www.spotrac.com/nba/sacramento-kings/yearly,27,PG,$34848340,$37096620,UFA,,
Dean Wade,https://www.spotrac.com/nba/player/_/id/31963,dean-wade,Cleveland Cavaliers,https://www.spotrac.com/nba/cleveland-cavaliers/yearly,28,PF,$6166667,$6623456,UFA,,
Deandre Ayton,https://www.spotrac.com/nba/player/_/id/26967,deandre-ayton,Portland Trail Blazers,https://www.spotrac.com/nba/portland-trail-blazers/yearly,26,C,$34005126,$35550814,UFA,,
De'Andre Hunter,https://www.spotrac.com/nba/player/_/id/31561,deandre-hunter,Atlanta Hawks,https://www.spotrac.com/nba/atlanta-hawks/yearly,27,SF,$21696429,$23303571,$24910714,UFA,
DeAndre Jordan,https://www.spotrac.com/nba/player/_/id/6117,deandre-jordan,Denver Nuggets,https://www.spotrac.com/nba/denver-nuggets/yearly,36,C,$2087519,UFA,,,
De'Anthony Melton,https://www.spotrac.com/nba/player/_/id/27012,deanthony-melton,Golden State Warriors,https://www.spotrac.com/nba/golden-state-warriors/yearly,26,SG,$12822000,UFA,,,
Dejounte Murray,https://www.spotrac.com/nba/player/_/id/20234,dejounte-murray,New Orleans Pelicans,https://www.spotrac.com/nba/new-orleans-pelicans/yearly,28,PG,$29517134,$31557102,$33597070,$31619503,UFA
Delon Wright,https://www.spotrac.com/nba/player/_/id/17848,delon-wright,Milwaukee Bucks,https://www.spotrac.com/nba/milwaukee-bucks/yearly,32,PG,$2087519,UFA,,,
DeMar DeRozan,https://www.spotrac.com/nba/player/_/id/6327,demar-derozan,Sacramento Kings,https://www.spotrac.com/nba/sacramento-kings/yearly,35,SF,$23400000,$24750000,$25740000,UFA,
Deni Avdija,https://www.spotrac.com/nba/player/_/id/70651,deni-avdija,Portland Trail Blazers,https://www.spotrac.com/nba/portland-trail-blazers/yearly,24,SF,$15625000,$14375000,$13125000,$11875000,UFA
Dennis Schröder,https://www.spotrac.com/nba/player/_/id/13330,dennis-schroder,Brooklyn Nets,https://www.spotrac.com/nba/brooklyn-nets/yearly,31,PG,$13025250,UFA,,,
Dereck Lively II,https://www.spotrac.com/nba/player/_/id/82272,dereck-lively,Dallas Mavericks,https://www.spotrac.com/nba/dallas-mavericks/yearly,20,C,$5014560,$5253360,$7239131,RFA,
Derrick Jones Jr.,https://www.spotrac.com/nba/player/_/id/21067,derrick-jones,LA Clippers,https://www.spotrac.com/nba/la-clippers/yearly,27,SF,$9523810,$10000000,$10476190,UFA,
Derrick White,https://www.spotrac.com/nba/player/_/id/23624,derrick-white,Boston Celtics,https://www.spotrac.com/nba/boston-celtics/yearly,30,PG,$20071429,$28100000,$30348000,$32596000,$34844000
Desmond Bane,https://www.spotrac.com/nba/player/_/id/70672,desmond-bane,Memphis Grizzlies,https://www.spotrac.com/nba/memphis-grizzlies/yearly,26,SG,$34005250,$36725670,$39446090,$42166510,$44886930
Devin Booker,https://www.spotrac.com/nba/player/_/id/17841,devin-booker,Phoenix Suns,https://www.spotrac.com/nba/phoenix-suns/yearly,28,SG,$49205800,$53142264,$57078728,$61015192,UFA
Devin Carter,https://www.spotrac.com/nba/player/_/id/91758,devin-carter,Sacramento Kings,https://www.spotrac.com/nba/sacramento-kings/yearly,22,PG,$4689000,$4923720,$5158080,$7370897,RFA
Devin Vassell,https://www.spotrac.com/nba/player/_/id/70653,devin-vassell,San Antonio Spurs,https://www.spotrac.com/nba/san-antonio-spurs/yearly,24,SG,$29347826,$27000000,$27000000,$24652174,$27000000
Dillon Brooks,https://www.spotrac.com/nba/player/_/id/23646,dillon-brooks,Houston Rockets,https://www.spotrac.com/nba/houston-rockets/yearly,29,SF,$22255493,$21124110,$19992727,UFA,
Dillon Jones,https://www.spotrac.com/nba/player/_/id/91778,dillon-jones,Oklahoma City Thunder,https://www.spotrac.com/nba/oklahoma-city-thunder/yearly,23,SF,$2622360,$2753280,$2884440,$5200646,RFA
D.J. Carton,https://www.spotrac.com/nba/player/_/id/74252,dj-carton,Toronto Raptors,https://www.spotrac.com/nba/toronto-raptors/yearly,24,PG,Two-Way,RFA,,,
D.J. Steward,https://www.spotrac.com/nba/player/_/id/74473,dj-steward,Chicago Bulls,https://www.spotrac.com/nba/chicago-bulls/yearly,23,PG,Two-Way,RFA,,,
Domantas Sabonis,https://www.spotrac.com/nba/player/_/id/20216,domantas-sabonis,Sacramento Kings,https://www.spotrac.com/nba/sacramento-kings/yearly,28,PF,$40500000,$43636000,$46772000,$49908000,UFA
Dominick Barlow,https://www.spotrac.com/nba/player/_/id/78565,dominick-barlow,Atlanta Hawks,https://www.spotrac.com/nba/atlanta-hawks/yearly,21,PF,Two-Way,RFA,,,
Donovan Clingan,https://www.spotrac.com/nba/player/_/id/91735,donovan-clingan,Portland Trail Blazers,https://www.spotrac.com/nba/portland-trail-blazers/yearly,20,C,$6836400,$7178400,$7519920,$9550298,RFA
Donovan Mitchell,https://www.spotrac.com/nba/player/_/id/23608,donovan-mitchell,Cleveland Cavaliers,https://www.spotrac.com/nba/cleveland-cavaliers/yearly,28,SG,$35410310,$46394100,$50105628,$53817156,UFA
Donte DiVincenzo,https://www.spotrac.com/nba/player/_/id/26983,donte-divincenzo,Minnesota Timberwolves,https://www.spotrac.com/nba/minnesota-timberwolves/yearly,28,SG,$11445000,$11990000,$12535000,UFA,
Dorian Finney-Smith,https://www.spotrac.com/nba/player/_/id/20757,dorian-finney-smith,Brooklyn Nets,https://www.spotrac.com/nba/brooklyn-nets/yearly,31,PF,$14924167,$15378480,UFA,,
Doug McDermott,https://www.spotrac.com/nba/player/_/id/15363,doug-mcdermott,Sacramento Kings,https://www.spotrac.com/nba/sacramento-kings/yearly,33,SF,$2087519,UFA,,,
Draymond Green,https://www.spotrac.com/nba/player/_/id/10860,draymond-green,Golden State Warriors,https://www.spotrac.com/nba/golden-state-warriors/yearly,34,PF,$24107143,$25892857,$27678571,UFA,
Drew Eubanks,https://www.spotrac.com/nba/player/_/id/28052,drew-eubanks,Utah Jazz,https://www.spotrac.com/nba/utah-jazz/yearly,28,C,$5000000,$4750000,UFA,,
Drew Peterson,https://www.spotrac.com/nba/player/_/id/85837,drew-peterson,Boston Celtics,https://www.spotrac.com/nba/boston-celtics/yearly,25,F,Two-Way,RFA,,,
Dru Smith,https://www.spotrac.com/nba/player/_/id/74420,dru-smith,Miami Heat,https://www.spotrac.com/nba/miami-heat/yearly,27,SG,Two-Way,RFA,,,
Duncan Robinson,https://www.spotrac.com/nba/player/_/id/27658,duncan-robinson,Miami Heat,https://www.spotrac.com/nba/miami-heat/yearly,30,SF,$19406000,$19888000,UFA,,
Duop Reath,https://www.spotrac.com/nba/player/_/id/86051,duop-reath,Portland Trail Blazers,https://www.spotrac.com/nba/portland-trail-blazers/yearly,28,C,$2048780,$2221677,RFA,,
Dwight Powell,https://www.spotrac.com/nba/player/_/id/15397,dwight-powell,Dallas Mavericks,https://www.spotrac.com/nba/dallas-mavericks/yearly,33,C,$4000000,$4000000,UFA,,
Dyson Daniels,https://www.spotrac.com/nba/player/_/id/78114,dyson-daniels,Atlanta Hawks,https://www.spotrac.com/nba/atlanta-hawks/yearly,21,PG,$6059520,$7707709,RFA,,
E.J. Liddell,https://www.spotrac.com/nba/player/_/id/78129,ej-liddell,Chicago Bulls,https://www.spotrac.com/nba/chicago-bulls/yearly,24,PF,Two-Way,RFA,,,
Emoni Bates,https://www.spotrac.com/nba/player/_/id/84475,emoni-bates,Cleveland Cavaliers,https://www.spotrac.com/nba/cleveland-cavaliers/yearly,21,SG,Two-Way,RFA,,,
Enrique Freeman,https://www.spotrac.com/nba/player/_/id/93958,enrique-freeman,Indiana Pacers,https://www.spotrac.com/nba/indiana-pacers/yearly,24,PF,Two-Way,RFA,,,
Eric Gordon,https://www.spotrac.com/nba/player/_/id/6116,eric-gordon,Philadelphia 76ers,https://www.spotrac.com/nba/philadelphia-76ers/yearly,36,SG,$3303771,$3468960,UFA,,
Evan Mobley,https://www.spotrac.com/nba/player/_/id/74110,evan-mobley,Cleveland Cavaliers,https://www.spotrac.com/nba/cleveland-cavaliers/yearly,23,PF,$11227657,$38661750,$41754690,$44847630,$47940570
Franz Wagner,https://www.spotrac.com/nba/player/_/id/74115,franz-wagner,Orlando Magic,https://www.spotrac.com/nba/orlando-magic/yearly,23,SF,$7007092,$38661750,$41754690,$44847630,$47940570
Fred VanVleet,https://www.spotrac.com/nba/player/_/id/20778,fred-vanvleet,Houston Rockets,https://www.spotrac.com/nba/houston-rockets/yearly,30,PG,$42846615,$44886930,UFA,,
Gabe Vincent,https://www.spotrac.com/nba/player/_/id/28087,gabe-vincent,Los Angeles Lakers,https://www.spotrac.com/nba/los-angeles-lakers/yearly,28,PG,$11000000,$11500000,UFA,,
Garrett Temple,https://www.spotrac.com/nba/player/_/id/6492,garrett-temple,Toronto Raptors,https://www.spotrac.com/nba/toronto-raptors/yearly,38,SG,$2087519,UFA,,,
Garrison Mathews,https://www.spotrac.com/nba/player/_/id/32044,garrison-mathews,Atlanta Hawks,https://www.spotrac.com/nba/atlanta-hawks/yearly,28,SG,$2230253,UFA,,,
Gary Harris,https://www.spotrac.com/nba/player/_/id/15371,gary-harris,Orlando Magic,https://www.spotrac.com/nba/orlando-magic/yearly,30,SG,$7500000,$7500000,UFA,,
Gary Payton II,https://www.spotrac.com/nba/player/_/id/20272,gary-payton,Golden State Warriors,https://www.spotrac.com/nba/golden-state-warriors/yearly,32,PG,$9130000,UFA,,,
Gary Trent Jr.,https://www.spotrac.com/nba/player/_/id/27003,gary-trent,Milwaukee Bucks,https://www.spotrac.com/nba/milwaukee-bucks/yearly,26,SG,$2087519,UFA,,,
Georges Niang,https://www.spotrac.com/nba/player/_/id/20256,georges-niang,Cleveland Cavaliers,https://www.spotrac.com/nba/cleveland-cavaliers/yearly,31,PF,$8500000,$8200000,UFA,,
G.G. Jackson,https://www.spotrac.com/nba/player/_/id/85972,gg-jackson,Memphis Grizzlies,https://www.spotrac.com/nba/memphis-grizzlies/yearly,20,PF,$1891857,$2221677,$2406205,UFA,
Giannis Antetokounmpo,https://www.spotrac.com/nba/player/_/id/13328,giannis-antetokounmpo,Milwaukee Bucks,https://www.spotrac.com/nba/milwaukee-bucks/yearly,30,PF,$48787676,$54126380,$58456490,$62786601,UFA
Goga Bitadze,https://www.spotrac.com/nba/player/_/id/31575,goga-bitadze,Orlando Magic,https://www.spotrac.com/nba/orlando-magic/yearly,25,C,$9057971,$8333333,$7608696,UFA,
Gradey Dick,https://www.spotrac.com/nba/player/_/id/82204,gradey-dick,Toronto Raptors,https://www.spotrac.com/nba/toronto-raptors/yearly,21,SG,$4763760,$4990560,$7131511,RFA,
Grant Williams,https://www.spotrac.com/nba/player/_/id/31579,grant-williams,Charlotte Hornets,https://www.spotrac.com/nba/charlotte-hornets/yearly,26,PF,$13025250,$13645500,$14265750,UFA,
Grayson Allen,https://www.spotrac.com/nba/player/_/id/26987,grayson-allen,Phoenix Suns,https://www.spotrac.com/nba/phoenix-suns/yearly,29,SG,$15625000,$16875000,$18125000,$19375000,UFA
Guerschon Yabusele,https://www.spotrac.com/nba/player/_/id/20221,guerschon-yabusele,Philadelphia 76ers,https://www.spotrac.com/nba/philadelphia-76ers/yearly,29,PF,$2087519,RFA,,,
Gui Santos,https://www.spotrac.com/nba/player/_/id/78165,gui-santos,Golden State Warriors,https://www.spotrac.com/nba/golden-state-warriors/yearly,22,SF,$1891857,$2221677,RFA,,
Harrison Barnes,https://www.spotrac.com/nba/player/_/id/10815,harrison-barnes,San Antonio Spurs,https://www.spotrac.com/nba/san-antonio-spurs/yearly,32,PF,$18000000,$19000000,UFA,,
Harrison Ingram,https://www.spotrac.com/nba/player/_/id/91775,harrison-ingram,San Antonio Spurs,https://www.spotrac.com/nba/san-antonio-spurs/yearly,22,SF,Two-Way,RFA,,,
Haywood Highsmith,https://www.spotrac.com/nba/player/_/id/28301,haywood-highsmith,Miami Heat,https://www.spotrac.com/nba/miami-heat/yearly,28,F,$5200000,$5616000,UFA,,
Herb Jones,https://www.spotrac.com/nba/player/_/id/74142,herb-jones,New Orleans Pelicans,https://www.spotrac.com/nba/new-orleans-pelicans/yearly,26,SF,$12976362,$13937574,$14898786,UFA,
Hunter Tyson,https://www.spotrac.com/nba/player/_/id/84466,hunter-tyson,Denver Nuggets,https://www.spotrac.com/nba/denver-nuggets/yearly,24,SF,$1891857,$2221677,$2406205,UFA,
Immanuel Quickley,https://www.spotrac.com/nba/player/_/id/70667,immanuel-quickley,Toronto Raptors,https://www.spotrac.com/nba/toronto-raptors/yearly,25,PG,$32500000,$32500000,$32500000,$32500000,$32500000
Isaac Jones,https://www.spotrac.com/nba/player/_/id/94481,isaac-jones,Sacramento Kings,https://www.spotrac.com/nba/sacramento-kings/yearly,24,C,Two-Way,RFA,,,
Isaac Okoro,https://www.spotrac.com/nba/player/_/id/70647,isaac-okoro,Cleveland Cavaliers,https://www.spotrac.com/nba/cleveland-cavaliers/yearly,24,SG,$10185186,$11000000,$11814814,UFA,
Isaiah Collier,https://www.spotrac.com/nba/player/_/id/91753,isaiah-collier,Utah Jazz,https://www.spotrac.com/nba/utah-jazz/yearly,20,PG,$2512680,$2638200,$2763960,$4988948,RFA
Isaiah Crawford,https://www.spotrac.com/nba/player/_/id/94482,isaiah-crawford,Sacramento Kings,https://www.spotrac.com/nba/sacramento-kings/yearly,23,G,Two-Way,RFA,,,
Isaiah Hartenstein,https://www.spotrac.com/nba/player/_/id/23644,isaiah-hartenstein,Oklahoma City Thunder,https://www.spotrac.com/nba/oklahoma-city-thunder/yearly,26,C,$30000000,$28500000,$28500000,UFA,
Isaiah Jackson,https://www.spotrac.com/nba/player/_/id/74129,isaiah-jackson,Indiana Pacers,https://www.spotrac.com/nba/indiana-pacers/yearly,23,PF,$4435381,RFA,,,
Isaiah Joe,https://www.spotrac.com/nba/player/_/id/70691,isaiah-joe,Oklahoma City Thunder,https://www.spotrac.com/nba/oklahoma-city-thunder/yearly,25,SG,$12991650,$12362338,$11323006,$11323006,UFA
Isaiah Stewart,https://www.spotrac.com/nba/player/_/id/70658,isaiah-stewart,Detroit Pistons,https://www.spotrac.com/nba/detroit-pistons/yearly,23,C,$15000000,$15000000,$15000000,$15000000,UFA
Isaiah Wong,https://www.spotrac.com/nba/player/_/id/84481,isaiah-wong,Charlotte Hornets,https://www.spotrac.com/nba/charlotte-hornets/yearly,24,PG,Two-Way,RFA,,,
Ivica Zubac,https://www.spotrac.com/nba/player/_/id/20238,ivica-zubac,LA Clippers,https://www.spotrac.com/nba/la-clippers/yearly,27,C,$11743210,$18102000,$19550160,$20998320,UFA
Ja Morant,https://www.spotrac.com/nba/player/_/id/31559,ja-morant,Memphis Grizzlies,https://www.spotrac.com/nba/memphis-grizzlies/yearly,25,PG,$36725670,$39446090,$42166510,$44886930,UFA
Jabari Smith Jr.,https://www.spotrac.com/nba/player/_/id/78109,jabari-smith,Houston Rockets,https://www.spotrac.com/nba/houston-rockets/yearly,21,PF,$9770880,$12350392,RFA,,
Jabari Walker,https://www.spotrac.com/nba/player/_/id/78167,jabari-walker,Portland Trail Blazers,https://www.spotrac.com/nba/portland-trail-blazers/yearly,22,SF,$2019699,RFA,,,
Jack McVeigh,https://www.spotrac.com/nba/player/_/id/95281,jack-mcveigh,Houston Rockets,https://www.spotrac.com/nba/houston-rockets/yearly,28,F,Two-Way,RFA,,,
Jacob Toppin,https://www.spotrac.com/nba/player/_/id/84769,jacob-toppin,New York Knicks,https://www.spotrac.com/nba/new-york-knicks/yearly,24,SF,Two-Way,RFA,,,
Jaden Hardy,https://www.spotrac.com/nba/player/_/id/78130,jaden-hardy,Dallas Mavericks,https://www.spotrac.com/nba/dallas-mavericks/yearly,22,SG,$2019699,$6000000,$6000000,$6000000,UFA
Jaden Ivey,https://www.spotrac.com/nba/player/_/id/78111,jaden-ivey,Detroit Pistons,https://www.spotrac.com/nba/detroit-pistons/yearly,22,SG,$7977240,$10107163,RFA,,
Jaden McDaniels,https://www.spotrac.com/nba/player/_/id/70670,jaden-mcdaniels,Minnesota Timberwolves,https://www.spotrac.com/nba/minnesota-timberwolves/yearly,24,PF,$23017242,$24858621,$26700000,$28541379,$30382758
Jaden Springer,https://www.spotrac.com/nba/player/_/id/74135,jaden-springer,Boston Celtics,https://www.spotrac.com/nba/boston-celtics/yearly,22,PG,$4018363,RFA,,,
Jae Crowder,https://www.spotrac.com/nba/player/_/id/10859,jae-crowder,Sacramento Kings,https://www.spotrac.com/nba/sacramento-kings/yearly,34,SF,$1655619,UFA,,,
Jae’Sean Tate,https://www.spotrac.com/nba/player/_/id/70758,jaesean-tate,Houston Rockets,https://www.spotrac.com/nba/houston-rockets/yearly,29,SF,$7565217,UFA,,,
Jaime Jaquez Jr.,https://www.spotrac.com/nba/player/_/id/82323,jaime-jaquez,Miami Heat,https://www.spotrac.com/nba/miami-heat/yearly,23,SF,$3685800,$3861600,$5939141,RFA,
Jake LaRavia,https://www.spotrac.com/nba/player/_/id/78141,jake-laravia,Memphis Grizzlies,https://www.spotrac.com/nba/memphis-grizzlies/yearly,23,PF,$3352680,UFA,,,
Jakob Poeltl,https://www.spotrac.com/nba/player/_/id/20214,jakob-poeltl,Toronto Raptors,https://www.spotrac.com/nba/toronto-raptors/yearly,29,C,$19500000,$19500000,$19500000,UFA,
Ja'Kobe Walter,https://www.spotrac.com/nba/player/_/id/91754,jakobe-walter,Toronto Raptors,https://www.spotrac.com/nba/toronto-raptors/yearly,20,SG,$3465000,$3638160,$3811800,$5870172,RFA
Jalen Bridges,https://www.spotrac.com/nba/player/_/id/94479,jalen-bridges,Phoenix Suns,https://www.spotrac.com/nba/phoenix-suns/yearly,23,SG,Two-Way,RFA,,,
Jalen Brunson,https://www.spotrac.com/nba/player/_/id/26999,jalen-brunson,New York Knicks,https://www.spotrac.com/nba/new-york-knicks/yearly,28,PG,$24960001,$34944001,$37739521,$40535041,$43330561
Jalen Duren,https://www.spotrac.com/nba/player/_/id/78116,jalen-duren,Detroit Pistons,https://www.spotrac.com/nba/detroit-pistons/yearly,21,C,$4536840,$6483144,RFA,,
Jalen Green,https://www.spotrac.com/nba/player/_/id/74109,jalen-green,Houston Rockets,https://www.spotrac.com/nba/houston-rockets/yearly,22,SG,$12483048,$33333333,$36000000,$36000000,UFA
Jalen Hood-Schifino,https://www.spotrac.com/nba/player/_/id/82210,jalen-hood-schifino,Los Angeles Lakers,https://www.spotrac.com/nba/los-angeles-lakers/yearly,21,PG,$3879840,UFA,,,
Jalen Johnson,https://www.spotrac.com/nba/player/_/id/74127,jalen-johnson,Atlanta Hawks,https://www.spotrac.com/nba/atlanta-hawks/yearly,23,SF,$4510905,$30000000,$30000000,$30000000,$30000000
Jalen Pickett,https://www.spotrac.com/nba/player/_/id/84465,jalen-pickett,Denver Nuggets,https://www.spotrac.com/nba/denver-nuggets/yearly,25,PG,$1891857,$2221677,$2406205,UFA,
Jalen Smith,https://www.spotrac.com/nba/player/_/id/70652,jalen-smith,Chicago Bulls,https://www.spotrac.com/nba/chicago-bulls/yearly,24,PF,$8571429,$9000000,$9428571,UFA,
Jalen Suggs,https://www.spotrac.com/nba/player/_/id/74112,jalen-suggs,Orlando Magic,https://www.spotrac.com/nba/orlando-magic/yearly,23,SG,$9188385,$35000000,$32400000,$29600000,$26800000
Jalen Williams,https://www.spotrac.com/nba/player/_/id/78126,jalen-williams,Oklahoma City Thunder,https://www.spotrac.com/nba/oklahoma-city-thunder/yearly,23,SF,$4775760,$6580997,RFA,,
Jalen Wilson,https://www.spotrac.com/nba/player/_/id/84477,jalen-wilson,Brooklyn Nets,https://www.spotrac.com/nba/brooklyn-nets/yearly,24,PF,$1891857,$2221677,RFA,,
Jamal Cain,https://www.spotrac.com/nba/player/_/id/78584,jamal-cain,New Orleans Pelicans,https://www.spotrac.com/nba/new-orleans-pelicans/yearly,25,SF,Two-Way,RFA,,,
Jamal Murray,https://www.spotrac.com/nba/player/_/id/20212,jamal-murray,Denver Nuggets,https://www.spotrac.com/nba/denver-nuggets/yearly,27,PG,$36016200,$46394100,$50105628,$53817156,$57528684
Jamal Shead,https://www.spotrac.com/nba/player/_/id/93955,jamal-shead,Toronto Raptors,https://www.spotrac.com/nba/toronto-raptors/yearly,22,PG,$1862265,$1955377,$2296271,RFA,
James Harden,https://www.spotrac.com/nba/player/_/id/6312,james-harden,LA Clippers,https://www.spotrac.com/nba/la-clippers/yearly,35,SG,$33653846,$36346154,UFA,,
James Johnson,https://www.spotrac.com/nba/player/_/id/6279,james-johnson,Indiana Pacers,https://www.spotrac.com/nba/indiana-pacers/yearly,37,PF,$2087519,UFA,,,
James Wiseman,https://www.spotrac.com/nba/player/_/id/70644,james-wiseman,Indiana Pacers,https://www.spotrac.com/nba/indiana-pacers/yearly,23,C,$2237691,$2546675,UFA,,
Jamison Battle,https://www.spotrac.com/nba/player/_/id/95121,jamison-battle,Toronto Raptors,https://www.spotrac.com/nba/toronto-raptors/yearly,23,SF,Two-Way,RFA,,,
Jarace Walker,https://www.spotrac.com/nba/player/_/id/82201,jarace-walker,Indiana Pacers,https://www.spotrac.com/nba/indiana-pacers/yearly,21,PF,$6362520,$6665520,$8478542,RFA,
Jared Butler,https://www.spotrac.com/nba/player/_/id/74147,jared-butler,Washington Wizards,https://www.spotrac.com/nba/washington-wizards/yearly,24,PG,Two-Way,RFA,,,
Jared McCain,https://www.spotrac.com/nba/player/_/id/91760,jared-mccain,Philadelphia 76ers,https://www.spotrac.com/nba/philadelphia-76ers/yearly,20,PG,$4020360,$4221360,$4422600,$6784268,RFA
Jaren Jackson Jr.,https://www.spotrac.com/nba/player/_/id/26970,jaren-jackson,Memphis Grizzlies,https://www.spotrac.com/nba/memphis-grizzlies/yearly,25,PF,$25257798,$23413395,UFA,,
Jarred Vanderbilt,https://www.spotrac.com/nba/player/_/id/27007,jarred-vanderbilt,Los Angeles Lakers,https://www.spotrac.com/nba/los-angeles-lakers/yearly,25,PF,$10714286,$11571429,$12428571,$13285714,UFA
Jarrett Allen,https://www.spotrac.com/nba/player/_/id/23617,jarrett-allen,Cleveland Cavaliers,https://www.spotrac.com/nba/cleveland-cavaliers/yearly,26,C,$20000000,$20000000,$28000000,$30240000,$32480000
Javonte Green,https://www.spotrac.com/nba/player/_/id/32409,javonte-green,New Orleans Pelicans,https://www.spotrac.com/nba/new-orleans-pelicans/yearly,31,SG,$2087519,UFA,,,
Jaxson Hayes,https://www.spotrac.com/nba/player/_/id/31565,jaxson-hayes,Los Angeles Lakers,https://www.spotrac.com/nba/los-angeles-lakers/yearly,24,C,$2463946,UFA,,,
Jay Huff,https://www.spotrac.com/nba/player/_/id/74262,jay-huff,Memphis Grizzlies,https://www.spotrac.com/nba/memphis-grizzlies/yearly,26,C,$2088033,$2349578,$2667944,$3005085,UFA
Jaylen Brown,https://www.spotrac.com/nba/player/_/id/20208,jaylen-brown,Boston Celtics,https://www.spotrac.com/nba/boston-celtics/yearly,28,SF,$49205800,$53142264,$57078728,$61015192,$64951656
Jaylen Clark,https://www.spotrac.com/nba/player/_/id/84479,jaylen-clark,Minnesota Timberwolves,https://www.spotrac.com/nba/minnesota-timberwolves/yearly,23,SG,Two-Way,RFA,,,
Jaylen Martin,https://www.spotrac.com/nba/player/_/id/84733,jaylen-martin,Brooklyn Nets,https://www.spotrac.com/nba/brooklyn-nets/yearly,21,F,Two-Way,RFA,,,
Jaylen Wells,https://www.spotrac.com/nba/player/_/id/93952,jaylen-wells,Memphis Grizzlies,https://www.spotrac.com/nba/memphis-grizzlies/yearly,21,SG,$1157153,$1955377,$2296271,$2486995,UFA
Jaylin Williams,https://www.spotrac.com/nba/player/_/id/78150,jaylin-williams,Oklahoma City Thunder,https://www.spotrac.com/nba/oklahoma-city-thunder/yearly,22,C,$2019699,$2187699,UFA,,
Jaylon Tyson,https://www.spotrac.com/nba/player/_/id/91773,jaylon-tyson,Cleveland Cavaliers,https://www.spotrac.com/nba/cleveland-cavaliers/yearly,22,SG,$3326160,$3492480,$3658560,$5641500,RFA
Jayson Tatum,https://www.spotrac.com/nba/player/_/id/23598,jayson-tatum,Boston Celtics,https://www.spotrac.com/nba/boston-celtics/yearly,26,PF,$34848340,$54126450,$58456566,$62786682,$67116798
Jazian Gortman,https://www.spotrac.com/nba/player/_/id/86053,jazian-gortman,Dallas Mavericks,https://www.spotrac.com/nba/dallas-mavericks/yearly,21,G,Two-Way,RFA,,,
J.D. Davison,https://www.spotrac.com/nba/player/_/id/78163,jd-davison,Boston Celtics,https://www.spotrac.com/nba/boston-celtics/yearly,22,PG,Two-Way,RFA,,,
Jeenathan Williams,https://www.spotrac.com/nba/player/_/id/80003,jeenathan-williams,Houston Rockets,https://www.spotrac.com/nba/houston-rockets/yearly,25,SG,Two-Way,RFA,,,
Jeff Dowtin,https://www.spotrac.com/nba/player/_/id/70872,jeff-dowtin,Philadelphia 76ers,https://www.spotrac.com/nba/philadelphia-76ers/yearly,27,PG,Two-Way,RFA,,,
Jeff Green,https://www.spotrac.com/nba/player/_/id/2720,jeff-green,Houston Rockets,https://www.spotrac.com/nba/houston-rockets/yearly,38,PF,$8000000,UFA,,,
Jerami Grant,https://www.spotrac.com/nba/player/_/id/15391,jerami-grant,Portland Trail Blazers,https://www.spotrac.com/nba/portland-trail-blazers/yearly,30,PF,$29793104,$32000001,$34206898,$36413790,UFA
Jeremiah Robinson-Earl,https://www.spotrac.com/nba/player/_/id/74139,jeremiah-robinson-earl,New Orleans Pelicans,https://www.spotrac.com/nba/new-orleans-pelicans/yearly,24,PF,$2196970,UFA,,,
Jeremy Sochan,https://www.spotrac.com/nba/player/_/id/78122,jeremy-sochan,San Antonio Spurs,https://www.spotrac.com/nba/san-antonio-spurs/yearly,21,PF,$5570040,$7096231,RFA,,
Jericho Sims,https://www.spotrac.com/nba/player/_/id/74166,jericho-sims,New York Knicks,https://www.spotrac.com/nba/new-york-knicks/yearly,26,C,$2092344,UFA,,,
Jesse Edwards,https://www.spotrac.com/nba/player/_/id/94511,jesse-edwards,Minnesota Timberwolves,https://www.spotrac.com/nba/minnesota-timberwolves/yearly,24,C,Two-Way,RFA,,,
Jett Howard,https://www.spotrac.com/nba/player/_/id/82211,jett-howard,Orlando Magic,https://www.spotrac.com/nba/orlando-magic/yearly,21,SG,$5278320,$5529720,$7337939,RFA,
Jevon Carter,https://www.spotrac.com/nba/player/_/id/26998,jevon-carter,Chicago Bulls,https://www.spotrac.com/nba/chicago-bulls/yearly,29,PG,$6500000,$6809524,UFA,,
Jimmy Butler,https://www.spotrac.com/nba/player/_/id/8081,jimmy-butler,Miami Heat,https://www.spotrac.com/nba/miami-heat/yearly,35,SF,$48798677,$52413394,UFA,,
Jock Landale,https://www.spotrac.com/nba/player/_/id/74215,jock-landale,Houston Rockets,https://www.spotrac.com/nba/houston-rockets/yearly,29,C,$8000000,$8000000,$8000000,UFA,
Joe Ingles,https://www.spotrac.com/nba/player/_/id/15852,joe-ingles,Minnesota Timberwolves,https://www.spotrac.com/nba/minnesota-timberwolves/yearly,37,SF,$2087519,UFA,,,
Joel Embiid,https://www.spotrac.com/nba/player/_/id/15355,joel-embiid,Philadelphia 76ers,https://www.spotrac.com/nba/philadelphia-76ers/yearly,30,C,$51415938,$55224526,$59539200,$64302336,$69065472
John Collins,https://www.spotrac.com/nba/player/_/id/23614,john-collins,Utah Jazz,https://www.spotrac.com/nba/utah-jazz/yearly,27,PF,$26580000,$26580000,UFA,,
John Konchar,https://www.spotrac.com/nba/player/_/id/32170,john-konchar,Memphis Grizzlies,https://www.spotrac.com/nba/memphis-grizzlies/yearly,28,SG,$6165000,$6165000,$6165000,UFA,
Johnny Davis,https://www.spotrac.com/nba/player/_/id/78117,johnny-davis,Washington Wizards,https://www.spotrac.com/nba/washington-wizards/yearly,22,SG,$5291160,UFA,,,
Johnny Furphy,https://www.spotrac.com/nba/player/_/id/91768,johnny-furphy,Indiana Pacers,https://www.spotrac.com/nba/indiana-pacers/yearly,20,SG,$1850842,$1955377,$2296271,$2486995,UFA
Johnny Juzang,https://www.spotrac.com/nba/player/_/id/78583,johnny-juzang,Utah Jazz,https://www.spotrac.com/nba/utah-jazz/yearly,23,SG,$3087519,$2840518,$2708000,$2789215,UFA
Jonas Valanciunas,https://www.spotrac.com/nba/player/_/id/8055,jonas-valanciunas,Washington Wizards,https://www.spotrac.com/nba/washington-wizards/yearly,32,C,$9900000,$10395000,$10000000,UFA,
Jonathan Isaac,https://www.spotrac.com/nba/player/_/id/23601,jonathan-isaac,Orlando Magic,https://www.spotrac.com/nba/orlando-magic/yearly,27,PF,$25000000,$15000000,$14500000,$14500000,$15000000
Jonathan Kuminga,https://www.spotrac.com/nba/player/_/id/74114,jonathan-kuminga,Golden State Warriors,https://www.spotrac.com/nba/golden-state-warriors/yearly,22,PF,$7636307,RFA,,,
Jonathan Mogbo,https://www.spotrac.com/nba/player/_/id/92956,jonathan-mogbo,Toronto Raptors,https://www.spotrac.com/nba/toronto-raptors/yearly,23,C,$1862265,$1955377,$2296271,RFA,
Jordan Clarkson,https://www.spotrac.com/nba/player/_/id/15398,jordan-clarkson,Utah Jazz,https://www.spotrac.com/nba/utah-jazz/yearly,32,SG,$14092577,$14285714,UFA,,
Jordan Hawkins,https://www.spotrac.com/nba/player/_/id/82208,jordan-hawkins,New Orleans Pelicans,https://www.spotrac.com/nba/new-orleans-pelicans/yearly,22,SG,$4525680,$4741320,$7021895,RFA,
Jordan McLaughlin,https://www.spotrac.com/nba/player/_/id/27975,jordan-mclaughlin,Sacramento Kings,https://www.spotrac.com/nba/sacramento-kings/yearly,28,PG,$2087519,$2,,,
Jordan Miller,https://www.spotrac.com/nba/player/_/id/84474,jordan-miller,LA Clippers,https://www.spotrac.com/nba/la-clippers/yearly,25,SF,Two-Way,RFA,,,
Jordan Poole,https://www.spotrac.com/nba/player/_/id/31587,jordan-poole,Washington Wizards,https://www.spotrac.com/nba/washington-wizards/yearly,25,SG,$29651786,$31848215,$34044642,UFA,
Jordan Walsh,https://www.spotrac.com/nba/player/_/id/84467,jordan-walsh,Boston Celtics,https://www.spotrac.com/nba/boston-celtics/yearly,20,SF,$1891857,$2221677,$2406205,UFA,
Jose Alvarado,https://www.spotrac.com/nba/player/_/id/74331,jose-alvarado,New Orleans Pelicans,https://www.spotrac.com/nba/new-orleans-pelicans/yearly,26,PG,$1988598,$4500000,$4500000,UFA,
Josh Christopher,https://www.spotrac.com/nba/player/_/id/74131,josh-christopher,Miami Heat,https://www.spotrac.com/nba/miami-heat/yearly,23,SG,Two-Way,RFA,,,
Josh Giddey,https://www.spotrac.com/nba/player/_/id/74113,josh-giddey,Chicago Bulls,https://www.spotrac.com/nba/chicago-bulls/yearly,22,SG,$8352367,RFA,,,
Josh Green,https://www.spotrac.com/nba/player/_/id/70660,josh-green,Charlotte Hornets,https://www.spotrac.com/nba/charlotte-hornets/yearly,24,SG,$12654321,$13666667,$14679012,UFA,
Josh Hart,https://www.spotrac.com/nba/player/_/id/23625,josh-hart,New York Knicks,https://www.spotrac.com/nba/new-york-knicks/yearly,29,SG,$18144000,$19472240,$20923760,$22375280,UFA
Josh Minott,https://www.spotrac.com/nba/player/_/id/78156,josh-minott,Minnesota Timberwolves,https://www.spotrac.com/nba/minnesota-timberwolves/yearly,22,SF,$2019699,$2187451,UFA,,
Josh Okogie,https://www.spotrac.com/nba/player/_/id/26986,josh-okogie,Phoenix Suns,https://www.spotrac.com/nba/phoenix-suns/yearly,26,SG,$8250000,$7750000,UFA,,
Josh Richardson,https://www.spotrac.com/nba/player/_/id/17868,josh-richardson,Miami Heat,https://www.spotrac.com/nba/miami-heat/yearly,31,SG,$3051153,UFA,,,
Jrue Holiday,https://www.spotrac.com/nba/player/_/id/6316,jrue-holiday,Boston Celtics,https://www.spotrac.com/nba/boston-celtics/yearly,34,PG,$30000000,$32400000,$34800000,$37200000,UFA
JT Thor,https://www.spotrac.com/nba/player/_/id/74144,jt-thor,Cleveland Cavaliers,https://www.spotrac.com/nba/cleveland-cavaliers/yearly,22,PF,Two-Way,UFA,,,
Julian Champagnie,https://www.spotrac.com/nba/player/_/id/78268,julian-champagnie,San Antonio Spurs,https://www.spotrac.com/nba/san-antonio-spurs/yearly,23,SF,$3000000,$3000000,$3000000,UFA,
Julian Phillips,https://www.spotrac.com/nba/player/_/id/84444,julian-phillips,Chicago Bulls,https://www.spotrac.com/nba/chicago-bulls/yearly,21,SF,$1891857,$2221677,$2406205,UFA,
Julian Strawther,https://www.spotrac.com/nba/player/_/id/84463,julian-strawther,Denver Nuggets,https://www.spotrac.com/nba/denver-nuggets/yearly,22,SF,$2552520,$2674200,$4826931,RFA,
Julius Randle,https://www.spotrac.com/nba/player/_/id/15359,julius-randle,Minnesota Timberwolves,https://www.spotrac.com/nba/minnesota-timberwolves/yearly,30,PF,$33073920,$30935520,UFA,,
Justin Champagnie,https://www.spotrac.com/nba/player/_/id/74240,justin-champagnie,Washington Wizards,https://www.spotrac.com/nba/washington-wizards/yearly,23,SF,Two-Way,RFA,,,
Justin Edwards,https://www.spotrac.com/nba/player/_/id/91770,justin-edwards,Philadelphia 76ers,https://www.spotrac.com/nba/philadelphia-76ers/yearly,21,SG,Two-Way,RFA,,,
Justin Minaya,https://www.spotrac.com/nba/player/_/id/82122,justin-minaya,Portland Trail Blazers,https://www.spotrac.com/nba/portland-trail-blazers/yearly,25,F,Two-Way,RFA,,,
Jusuf Nurkic,https://www.spotrac.com/nba/player/_/id/15368,jusuf-nurkic,Phoenix Suns,https://www.spotrac.com/nba/phoenix-suns/yearly,30,C,$18125000,$19375000,UFA,,
Kai Jones,https://www.spotrac.com/nba/player/_/id/74126,kai-jones,LA Clippers,https://www.spotrac.com/nba/la-clippers/yearly,24,PF,Two-Way,RFA,,,
Karl-Anthony Towns,https://www.spotrac.com/nba/player/_/id/17829,karl-anthony-towns,New York Knicks,https://www.spotrac.com/nba/new-york-knicks/yearly,29,C,$49205800,$53142264,$57078728,$61015192,UFA
Karlo Matkovic,https://www.spotrac.com/nba/player/_/id/78144,karlo-matkovic,New Orleans Pelicans,https://www.spotrac.com/nba/new-orleans-pelicans/yearly,23,PF,$1407153,$1955377,$2296271,RFA,
Kawhi Leonard,https://www.spotrac.com/nba/player/_/id/8066,kawhi-leonard,LA Clippers,https://www.spotrac.com/nba/la-clippers/yearly,33,SF,$49205800,$50000000,$50300000,UFA,
Keaton Wallace,https://www.spotrac.com/nba/player/_/id/79960,keaton-wallace,Atlanta Hawks,https://www.spotrac.com/nba/atlanta-hawks/yearly,25,G,Two-Way,RFA,,,
Keegan Murray,https://www.spotrac.com/nba/player/_/id/78112,keegan-murray,Sacramento Kings,https://www.spotrac.com/nba/sacramento-kings/yearly,24,PF,$8809560,$11144093,RFA,,
Keldon Johnson,https://www.spotrac.com/nba/player/_/id/31588,keldon-johnson,San Antonio Spurs,https://www.spotrac.com/nba/san-antonio-spurs/yearly,25,SF,$19000000,$17500000,$17500000,UFA,
Kel'el Ware,https://www.spotrac.com/nba/player/_/id/91767,kelel-ware,Miami Heat,https://www.spotrac.com/nba/miami-heat/yearly,20,C,$4655040,$4887720,$5120400,$7849573,RFA
Kelly Olynyk,https://www.spotrac.com/nba/player/_/id/13326,kelly-olynyk,Toronto Raptors,https://www.spotrac.com/nba/toronto-raptors/yearly,33,PF,$12804878,$13445122,UFA,,
Kelly Oubre Jr.,https://www.spotrac.com/nba/player/_/id/17843,kelly-oubre,Philadelphia 76ers,https://www.spotrac.com/nba/philadelphia-76ers/yearly,29,SF,$7983000,$8382150,UFA,,
Kenrich Williams,https://www.spotrac.com/nba/player/_/id/27758,kenrich-williams,Oklahoma City Thunder,https://www.spotrac.com/nba/oklahoma-city-thunder/yearly,30,PF,$6669000,$7163000,$7163000,UFA,
Kentavious Caldwell-Pope,https://www.spotrac.com/nba/player/_/id/13321,kentavious-caldwell-pope,Orlando Magic,https://www.spotrac.com/nba/orlando-magic/yearly,31,SG,$22757000,$21621500,$21621500,UFA,
Kenyon Martin Jr.,https://www.spotrac.com/nba/player/_/id/70694,kenyon-martin,Philadelphia 76ers,https://www.spotrac.com/nba/philadelphia-76ers/yearly,24,SF,$7975000,$8025000,UFA,,
Keon Ellis,https://www.spotrac.com/nba/player/_/id/78267,keon-ellis,Sacramento Kings,https://www.spotrac.com/nba/sacramento-kings/yearly,25,SF,$2120693,$2301587,UFA,,
Keon Johnson,https://www.spotrac.com/nba/player/_/id/74128,keon-johnson,Brooklyn Nets,https://www.spotrac.com/nba/brooklyn-nets/yearly,22,SG,$2162606,$2349578,UFA,,
Keshad Johnson,https://www.spotrac.com/nba/player/_/id/91786,keshad-johnson,Miami Heat,https://www.spotrac.com/nba/miami-heat/yearly,23,PF,Two-Way,RFA,,,
Kessler Edwards,https://www.spotrac.com/nba/player/_/id/74151,kessler-edwards,Dallas Mavericks,https://www.spotrac.com/nba/dallas-mavericks/yearly,24,SF,Two-Way,RFA,,,
Kevin Durant,https://www.spotrac.com/nba/player/_/id/2717,kevin-durant,Phoenix Suns,https://www.spotrac.com/nba/phoenix-suns/yearly,36,SF,$51179021,$54708609,UFA,,
Kevin Huerter,https://www.spotrac.com/nba/player/_/id/26985,kevin-huerter,Sacramento Kings,https://www.spotrac.com/nba/sacramento-kings/yearly,26,SG,$16830357,$17991071,UFA,,
Kevin Love,https://www.spotrac.com/nba/player/_/id/6132,kevin-love,Miami Heat,https://www.spotrac.com/nba/miami-heat/yearly,36,C,$3850000,$4150000,UFA,,
Kevin McCullar Jr.,https://www.spotrac.com/nba/player/_/id/91763,kevin-mccullar,New York Knicks,https://www.spotrac.com/nba/new-york-knicks/yearly,23,SG,Two-Way,RFA,,,
Kevin Porter Jr.,https://www.spotrac.com/nba/player/_/id/31589,kevin-porter,LA Clippers,https://www.spotrac.com/nba/la-clippers/yearly,24,PG,$2237691,$2546675,UFA,,
Kevon Looney,https://www.spotrac.com/nba/player/_/id/17858,kevon-looney,Golden State Warriors,https://www.spotrac.com/nba/golden-state-warriors/yearly,28,C,$8000000,UFA,,,
Keyonte George,https://www.spotrac.com/nba/player/_/id/82209,keyonte-george,Utah Jazz,https://www.spotrac.com/nba/utah-jazz/yearly,21,SG,$4084200,$4278960,$6563925,RFA,
Khris Middleton,https://www.spotrac.com/nba/player/_/id/10864,khris-middleton,Milwaukee Bucks,https://www.spotrac.com/nba/milwaukee-bucks/yearly,33,SF,$31666667,$34012345,UFA,,
K.J. Simpson,https://www.spotrac.com/nba/player/_/id/91788,kj-simpson,Charlotte Hornets,https://www.spotrac.com/nba/charlotte-hornets/yearly,22,PG,Two-Way,Two-Way,RFA,,
Klay Thompson,https://www.spotrac.com/nba/player/_/id/8062,klay-thompson,Dallas Mavericks,https://www.spotrac.com/nba/dallas-mavericks/yearly,34,SG,$15873016,$16666667,$17460317,UFA,
Kobe Brown,https://www.spotrac.com/nba/player/_/id/84464,kobe-brown,LA Clippers,https://www.spotrac.com/nba/la-clippers/yearly,25,PF,$2533920,$2654880,$4792059,RFA,
Kobe Bufkin,https://www.spotrac.com/nba/player/_/id/82271,kobe-bufkin,Atlanta Hawks,https://www.spotrac.com/nba/atlanta-hawks/yearly,21,PG,$4299000,$4503720,$6904203,RFA,
Kris Dunn,https://www.spotrac.com/nba/player/_/id/20210,kris-dunn,LA Clippers,https://www.spotrac.com/nba/la-clippers/yearly,30,PG,$5168000,$5426400,$5684800,UFA,
Kris Murray,https://www.spotrac.com/nba/player/_/id/82275,kris-murray,Portland Trail Blazers,https://www.spotrac.com/nba/portland-trail-blazers/yearly,24,PF,$2990040,$3132000,$5315004,RFA,
Kristaps Porzingis,https://www.spotrac.com/nba/player/_/id/17832,kristaps-porzingis,Boston Celtics,https://www.spotrac.com/nba/boston-celtics/yearly,29,PF,$29268293,$30731707,UFA,,
Kyle Anderson,https://www.spotrac.com/nba/player/_/id/15382,kyle-anderson,Golden State Warriors,https://www.spotrac.com/nba/golden-state-warriors/yearly,31,PF,$8780488,$9219512,$9658536,UFA,
Kyle Filipowski,https://www.spotrac.com/nba/player/_/id/91757,kyle-filipowski,Utah Jazz,https://www.spotrac.com/nba/utah-jazz/yearly,21,PF,$3000000,$3000000,$3000000,$3000000,RFA
Kyle Kuzma,https://www.spotrac.com/nba/player/_/id/23622,kyle-kuzma,Washington Wizards,https://www.spotrac.com/nba/washington-wizards/yearly,29,PF,$23522727,$21477273,$19431818,UFA,
Kyle Lowry,https://www.spotrac.com/nba/player/_/id/2536,kyle-lowry,Philadelphia 76ers,https://www.spotrac.com/nba/philadelphia-76ers/yearly,38,PG,$2087519,UFA,,,
Kyrie Irving,https://www.spotrac.com/nba/player/_/id/8051,kyrie-irving,Dallas Mavericks,https://www.spotrac.com/nba/dallas-mavericks/yearly,32,PG,$41000000,$43962963,UFA,,
Kyshawn George,https://www.spotrac.com/nba/player/_/id/91765,kyshawn-george,Washington Wizards,https://www.spotrac.com/nba/washington-wizards/yearly,21,SG,$2825520,$2966760,$3108000,$5435892,RFA
LaMelo Ball,https://www.spotrac.com/nba/player/_/id/70645,lamelo-ball,Charlotte Hornets,https://www.spotrac.com/nba/charlotte-hornets/yearly,23,PG,$35147000,$37958760,$40770520,$43582280,$46394040
Larry Nance Jr.,https://www.spotrac.com/nba/player/_/id/17855,larry-nance,Atlanta Hawks,https://www.spotrac.com/nba/atlanta-hawks/yearly,32,PF,$11205000,UFA,,,
Lauri Markkanen,https://www.spotrac.com/nba/player/_/id/23602,lauri-markkanen,Utah Jazz,https://www.spotrac.com/nba/utah-jazz/yearly,27,PF,$42176400,$46394100,$46113154,$49824681,$53536209
LeBron James,https://www.spotrac.com/nba/player/_/id/2257,lebron-james,Los Angeles Lakers,https://www.spotrac.com/nba/los-angeles-lakers/yearly,40,PF,$48728845,$52627153,UFA,,
Leonard Miller,https://www.spotrac.com/nba/player/_/id/82215,leonard-miller,Minnesota Timberwolves,https://www.spotrac.com/nba/minnesota-timberwolves/yearly,21,SF,$1891857,$2221677,$2406205,UFA,
Liam Robbins,https://www.spotrac.com/nba/player/_/id/86046,liam-robbins,Milwaukee Bucks,https://www.spotrac.com/nba/milwaukee-bucks/yearly,25,C,Two-Way,RFA,,,
Lindy Waters III,https://www.spotrac.com/nba/player/_/id/75746,lindy-waters,Golden State Warriors,https://www.spotrac.com/nba/golden-state-warriors/yearly,27,SF,$2196970,UFA,,,
Lonzo Ball,https://www.spotrac.com/nba/player/_/id/23597,lonzo-ball,Chicago Bulls,https://www.spotrac.com/nba/chicago-bulls/yearly,27,PG,$21395348,UFA,,,
Luguentz Dort,https://www.spotrac.com/nba/player/_/id/33033,luguentz-dort,Oklahoma City Thunder,https://www.spotrac.com/nba/oklahoma-city-thunder/yearly,25,SG,$16500000,$17722222,$17722222,UFA,
Luka Doncic,https://www.spotrac.com/nba/player/_/id/26969,luka-doncic,Dallas Mavericks,https://www.spotrac.com/nba/dallas-mavericks/yearly,25,PG,$43031940,$45999660,$48967380,UFA,
Luka Garza,https://www.spotrac.com/nba/player/_/id/74159,luka-garza,Minnesota Timberwolves,https://www.spotrac.com/nba/minnesota-timberwolves/yearly,26,C,$2162606,$2349578,UFA,,
Luke Kennard,https://www.spotrac.com/nba/player/_/id/23607,luke-kennard,Memphis Grizzlies,https://www.spotrac.com/nba/memphis-grizzlies/yearly,28,SG,$9250000,UFA,,,
Luke Kornet,https://www.spotrac.com/nba/player/_/id/23670,luke-kornet,Boston Celtics,https://www.spotrac.com/nba/boston-celtics/yearly,29,C,$2087519,UFA,,,
Luke Travers,https://www.spotrac.com/nba/player/_/id/78166,luke-travers,Cleveland Cavaliers,https://www.spotrac.com/nba/cleveland-cavaliers/yearly,23,SG,Two-Way,RFA,,,
Mac McClung,https://www.spotrac.com/nba/player/_/id/74267,mac-mcclung,Orlando Magic,https://www.spotrac.com/nba/orlando-magic/yearly,26,PG,Two-Way,RFA,,,
Malaki Branham,https://www.spotrac.com/nba/player/_/id/78120,malaki-branham,San Antonio Spurs,https://www.spotrac.com/nba/san-antonio-spurs/yearly,21,SG,$3217920,$4962033,RFA,,
Malcolm Brogdon,https://www.spotrac.com/nba/player/_/id/20242,malcolm-brogdon,Washington Wizards,https://www.spotrac.com/nba/washington-wizards/yearly,32,PG,$22500000,UFA,,,
Malik Beasley,https://www.spotrac.com/nba/player/_/id/20224,malik-beasley,Detroit Pistons,https://www.spotrac.com/nba/detroit-pistons/yearly,28,SG,$6000000,UFA,,,
Malik Monk,https://www.spotrac.com/nba/player/_/id/23606,malik-monk,Sacramento Kings,https://www.spotrac.com/nba/sacramento-kings/yearly,26,SG,$17405203,$18797619,$20190035,$21582451,UFA
Marcus Sasser,https://www.spotrac.com/nba/player/_/id/84442,marcus-sasser,Detroit Pistons,https://www.spotrac.com/nba/detroit-pistons/yearly,24,PG,$2755080,$2886720,$5198983,RFA,
Marcus Smart,https://www.spotrac.com/nba/player/_/id/15358,marcus-smart,Memphis Grizzlies,https://www.spotrac.com/nba/memphis-grizzlies/yearly,30,PG,$20210285,$21586856,UFA,,
MarJon Beauchamp,https://www.spotrac.com/nba/player/_/id/78134,marjon-beauchamp,Milwaukee Bucks,https://www.spotrac.com/nba/milwaukee-bucks/yearly,24,SG,$2733720,UFA,,,
Mark Williams,https://www.spotrac.com/nba/player/_/id/78121,mark-williams,Charlotte Hornets,https://www.spotrac.com/nba/charlotte-hornets/yearly,23,C,$4094280,$6276531,RFA,,
Markieff Morris,https://www.spotrac.com/nba/player/_/id/8064,markieff-morris,Dallas Mavericks,https://www.spotrac.com/nba/dallas-mavericks/yearly,35,PF,$2087519,UFA,,,
Marvin Bagley III,https://www.spotrac.com/nba/player/_/id/26968,marvin-bagley,Washington Wizards,https://www.spotrac.com/nba/washington-wizards/yearly,25,PF,$12500000,UFA,,,
Mason Jones,https://www.spotrac.com/nba/player/_/id/70713,mason-jones,Sacramento Kings,https://www.spotrac.com/nba/sacramento-kings/yearly,26,SG,Two-Way,RFA,,,
Mason Plumlee,https://www.spotrac.com/nba/player/_/id/13335,mason-plumlee,Phoenix Suns,https://www.spotrac.com/nba/phoenix-suns/yearly,34,C,$2087519,UFA,,,
Matas Buzelis,https://www.spotrac.com/nba/player/_/id/91738,matas-buzelis,Chicago Bulls,https://www.spotrac.com/nba/chicago-bulls/yearly,20,SF,$5195520,$5455560,$5715360,$7584283,RFA
Matisse Thybulle,https://www.spotrac.com/nba/player/_/id/31577,matisse-thybulle,Portland Trail Blazers,https://www.spotrac.com/nba/portland-trail-blazers/yearly,27,SG,$11025000,$11550000,UFA,,
Matt Ryan,https://www.spotrac.com/nba/player/_/id/74472,matt-ryan,New York Knicks,https://www.spotrac.com/nba/new-york-knicks/yearly,27,SF,$1919558,UFA,,,
Max Christie,https://www.spotrac.com/nba/player/_/id/78136,max-christie,Los Angeles Lakers,https://www.spotrac.com/nba/los-angeles-lakers/yearly,21,SG,$7142857,$7714286,$8285714,$8857143,UFA
Max Strus,https://www.spotrac.com/nba/player/_/id/32411,max-strus,Cleveland Cavaliers,https://www.spotrac.com/nba/cleveland-cavaliers/yearly,28,SG,$15212068,$15936452,$16660836,UFA,
Maxi Kleber,https://www.spotrac.com/nba/player/_/id/24212,maxi-kleber,Dallas Mavericks,https://www.spotrac.com/nba/dallas-mavericks/yearly,33,PF,$11000000,$11000000,UFA,,
Maxwell Lewis,https://www.spotrac.com/nba/player/_/id/82318,maxwell-lewis,Los Angeles Lakers,https://www.spotrac.com/nba/los-angeles-lakers/yearly,22,SF,$1891857,$2221677,$2406205,UFA,
Micah Potter,https://www.spotrac.com/nba/player/_/id/74418,micah-potter,Utah Jazz,https://www.spotrac.com/nba/utah-jazz/yearly,26,C,Two-Way,RFA,,,
Michael Porter Jr.,https://www.spotrac.com/nba/player/_/id/26980,michael-porter,Denver Nuggets,https://www.spotrac.com/nba/denver-nuggets/yearly,26,SF,$35859950,$38333050,$40806150,UFA,
Mikal Bridges,https://www.spotrac.com/nba/player/_/id/26976,mikal-bridges,New York Knicks,https://www.spotrac.com/nba/new-york-knicks/yearly,28,SF,$23300000,$24900000,UFA,,
Mike Conley,https://www.spotrac.com/nba/player/_/id/2532,mike-conley,Minnesota Timberwolves,https://www.spotrac.com/nba/minnesota-timberwolves/yearly,37,PG,$9975962,$10774038,UFA,,
Miles Bridges,https://www.spotrac.com/nba/player/_/id/26978,miles-bridges,Charlotte Hornets,https://www.spotrac.com/nba/charlotte-hornets/yearly,26,SF,$27173913,$25000000,$22826087,UFA,
Miles McBride,https://www.spotrac.com/nba/player/_/id/74143,miles-mcbride,New York Knicks,https://www.spotrac.com/nba/new-york-knicks/yearly,24,PG,$4710144,$4333333,$3956523,UFA,
Mitchell Robinson,https://www.spotrac.com/nba/player/_/id/27002,mitchell-robinson,New York Knicks,https://www.spotrac.com/nba/new-york-knicks/yearly,26,C,$14318182,$12954546,UFA,,
Mohamed Bamba,https://www.spotrac.com/nba/player/_/id/26972,mohamed-bamba,LA Clippers,https://www.spotrac.com/nba/la-clippers/yearly,26,C,$2087519,UFA,,,
Monte Morris,https://www.spotrac.com/nba/player/_/id/23652,monte-morris,Phoenix Suns,https://www.spotrac.com/nba/phoenix-suns/yearly,29,PG,$2087519,UFA,,,
Moritz Wagner,https://www.spotrac.com/nba/player/_/id/26991,moritz-wagner,Orlando Magic,https://www.spotrac.com/nba/orlando-magic/yearly,27,C,$11000000,$11000000,UFA,,
Moses Brown,https://www.spotrac.com/nba/player/_/id/32830,moses-brown,Indiana Pacers,https://www.spotrac.com/nba/indiana-pacers/yearly,25,C,$2021169,$2743776,UFA,,
Moses Moody,https://www.spotrac.com/nba/player/_/id/74121,moses-moody,Golden State Warriors,https://www.spotrac.com/nba/golden-state-warriors/yearly,22,SG,$5803269,$11574075,$12500000,$13425925,UFA
Mouhamed Gueye,https://www.spotrac.com/nba/player/_/id/84468,mouhamed-gueye,Atlanta Hawks,https://www.spotrac.com/nba/atlanta-hawks/yearly,22,PF,$1891857,$2221677,$2406205,UFA,
Moussa Diabate,https://www.spotrac.com/nba/player/_/id/78154,moussa-diabate,Charlotte Hornets,https://www.spotrac.com/nba/charlotte-hornets/yearly,23,PF,Two-Way,RFA,,,
Myles Turner,https://www.spotrac.com/nba/player/_/id/17839,myles-turner,Indiana Pacers,https://www.spotrac.com/nba/indiana-pacers/yearly,28,C,$19928500,UFA,,,
Nah'Shon Hyland,https://www.spotrac.com/nba/player/_/id/74133,nahshon-hyland,LA Clippers,https://www.spotrac.com/nba/la-clippers/yearly,24,PG,$4158440,RFA,,,
Naji Marshall,https://www.spotrac.com/nba/player/_/id/70704,naji-marshall,Dallas Mavericks,https://www.spotrac.com/nba/dallas-mavericks/yearly,27,SF,$8571429,$9000000,$9428571,UFA,
Naz Reid,https://www.spotrac.com/nba/player/_/id/32045,naz-reid,Minnesota Timberwolves,https://www.spotrac.com/nba/minnesota-timberwolves/yearly,25,C,$13986432,$15022464,UFA,,
Neemias Queta,https://www.spotrac.com/nba/player/_/id/74146,neemias-queta,Boston Celtics,https://www.spotrac.com/nba/boston-celtics/yearly,25,C,$2162606,$2349578,$2667944,UFA,
N'Faly Dante,https://www.spotrac.com/nba/player/_/id/94513,nfaly-dante,Houston Rockets,https://www.spotrac.com/nba/houston-rockets/yearly,23,PF,Two-Way,RFA,,,
Nick Richards,https://www.spotrac.com/nba/player/_/id/70684,nick-richards,Charlotte Hornets,https://www.spotrac.com/nba/charlotte-hornets/yearly,27,C,$5000000,$5000000,UFA,,
Nick Smith Jr.,https://www.spotrac.com/nba/player/_/id/82206,nick-smith,Charlotte Hornets,https://www.spotrac.com/nba/charlotte-hornets/yearly,20,PG,$2587200,$2710680,$4890067,RFA,
Nickeil Alexander-Walker,https://www.spotrac.com/nba/player/_/id/31574,nickeil-alexander-walker,Minnesota Timberwolves,https://www.spotrac.com/nba/minnesota-timberwolves/yearly,26,SG,$4312500,UFA,,,
Nicolas Batum,https://www.spotrac.com/nba/player/_/id/6149,nicolas-batum,LA Clippers,https://www.spotrac.com/nba/la-clippers/yearly,36,SF,$4668000,$4901400,UFA,,
Nicolas Claxton,https://www.spotrac.com/nba/player/_/id/31590,nicolas-claxton,Brooklyn Nets,https://www.spotrac.com/nba/brooklyn-nets/yearly,25,C,$28409086,$26136360,$23863634,$21590920,UFA
Nikola Jokic,https://www.spotrac.com/nba/player/_/id/15393,nikola-jokic,Denver Nuggets,https://www.spotrac.com/nba/denver-nuggets/yearly,29,C,$51415938,$55224526,$59033114,$62841702,UFA
Nikola Jovic,https://www.spotrac.com/nba/player/_/id/78135,nikola-jovic,Miami Heat,https://www.spotrac.com/nba/miami-heat/yearly,21,SF,$2464200,$4445417,RFA,,
Nikola Topic,https://www.spotrac.com/nba/player/_/id/91737,nikola-topic,Oklahoma City Thunder,https://www.spotrac.com/nba/oklahoma-city-thunder/yearly,19,PG,$4935960,$5182920,$5429760,$7482210,RFA
Nikola Vucevic,https://www.spotrac.com/nba/player/_/id/8067,nikola-vucevic,Chicago Bulls,https://www.spotrac.com/nba/chicago-bulls/yearly,34,C,$20000000,$21481481,UFA,,
Noah Clowney,https://www.spotrac.com/nba/player/_/id/82214,noah-clowney,Brooklyn Nets,https://www.spotrac.com/nba/brooklyn-nets/yearly,20,PF,$3244080,$3398640,$5414034,UFA,
Norman Powell,https://www.spotrac.com/nba/player/_/id/17874,norman-powell,LA Clippers,https://www.spotrac.com/nba/la-clippers/yearly,31,SG,$19241379,$20482758,UFA,,
Obi Toppin,https://www.spotrac.com/nba/player/_/id/70650,obi-toppin,Indiana Pacers,https://www.spotrac.com/nba/indiana-pacers/yearly,26,PF,$13535000,$14520000,$15480000,$16465000,UFA
Ochai Agbaji,https://www.spotrac.com/nba/player/_/id/78124,ochai-agbaji,Toronto Raptors,https://www.spotrac.com/nba/toronto-raptors/yearly,24,SF,$4310280,$6383525,RFA,,
OG Anunoby,https://www.spotrac.com/nba/player/_/id/23618,og-anunoby,New York Knicks,https://www.spotrac.com/nba/new-york-knicks/yearly,27,SF,$36637932,$39568966,$42500000,$45431034,$48362068
Olivier-Maxence Prosper,https://www.spotrac.com/nba/player/_/id/84439,olivier-maxence-prosper,Dallas Mavericks,https://www.spotrac.com/nba/dallas-mavericks/yearly,22,PF,$2870400,$3007080,$5259383,RFA,
Onyeka Okongwu,https://www.spotrac.com/nba/player/_/id/70648,onyeka-okongwu,Atlanta Hawks,https://www.spotrac.com/nba/atlanta-hawks/yearly,24,C,$14000000,$15000000,$16100000,$16880000,UFA
Orlando Robinson,https://www.spotrac.com/nba/player/_/id/78309,orlando-robinson,Sacramento Kings,https://www.spotrac.com/nba/sacramento-kings/yearly,24,C,$2087519,RFA,,,
Oscar Tshiebwe,https://www.spotrac.com/nba/player/_/id/84732,oscar-tshiebwe,Utah Jazz,https://www.spotrac.com/nba/utah-jazz/yearly,25,PF,Two-Way,RFA,,,
Oso Ighodaro,https://www.spotrac.com/nba/player/_/id/93953,oso-ighodaro,Phoenix Suns,https://www.spotrac.com/nba/phoenix-suns/yearly,22,C,$1157153,$1955377,$2296271,$2486995,UFA
Ousmane Dieng,https://www.spotrac.com/nba/player/_/id/78118,ousmane-dieng,Oklahoma City Thunder,https://www.spotrac.com/nba/oklahoma-city-thunder/yearly,21,SF,$5027040,$6670882,RFA,,
Pacome Dadiet,https://www.spotrac.com/nba/player/_/id/91782,pacome-dadiet,New York Knicks,https://www.spotrac.com/nba/new-york-knicks/yearly,19,SG,$1808080,$2847600,$2983680,$5373608,RFA
Paolo Banchero,https://www.spotrac.com/nba/player/_/id/78110,paolo-banchero,Orlando Magic,https://www.spotrac.com/nba/orlando-magic/yearly,22,PF,$12160800,$15334769,RFA,,
Pascal Siakam,https://www.spotrac.com/nba/player/_/id/20232,pascal-siakam,Indiana Pacers,https://www.spotrac.com/nba/indiana-pacers/yearly,30,PF,$42176400,$45550512,$48924624,$52298736,UFA
Pat Connaughton,https://www.spotrac.com/nba/player/_/id/17869,pat-connaughton,Milwaukee Bucks,https://www.spotrac.com/nba/milwaukee-bucks/yearly,32,SG,$9423869,$9423869,UFA,,
Pat Spencer,https://www.spotrac.com/nba/player/_/id/79256,pat-spencer,Golden State Warriors,https://www.spotrac.com/nba/golden-state-warriors/yearly,28,G,Two-Way,RFA,,,
Patrick Baldwin Jr.,https://www.spotrac.com/nba/player/_/id/78139,patrick-baldwin,Washington Wizards,https://www.spotrac.com/nba/washington-wizards/yearly,22,SF,$2448840,UFA,,,
Patrick Williams,https://www.spotrac.com/nba/player/_/id/70646,patrick-williams,Chicago Bulls,https://www.spotrac.com/nba/chicago-bulls/yearly,23,PF,$18000000,$18000000,$18000000,$18000000,$18000000
Patty Mills,https://www.spotrac.com/nba/player/_/id/6322,patty-mills,Utah Jazz,https://www.spotrac.com/nba/utah-jazz/yearly,36,PG,$2087519,UFA,,,
Paul George,https://www.spotrac.com/nba/player/_/id/6892,paul-george,Philadelphia 76ers,https://www.spotrac.com/nba/philadelphia-76ers/yearly,34,SG,$49205800,$51666090,$54126380,$56586670,UFA
Paul Reed,https://www.spotrac.com/nba/player/_/id/70700,paul-reed,Detroit Pistons,https://www.spotrac.com/nba/detroit-pistons/yearly,25,C,$7723000,$8109150,UFA,,
Payton Pritchard,https://www.spotrac.com/nba/player/_/id/70668,payton-pritchard,Boston Celtics,https://www.spotrac.com/nba/boston-celtics/yearly,27,PG,$6696429,$7232143,$7767857,$8303571,UFA
Pelle Larsson,https://www.spotrac.com/nba/player/_/id/91787,pelle-larsson,Miami Heat,https://www.spotrac.com/nba/miami-heat/yearly,23,SG,$1157153,$1955378,$2296271,RFA,
Pete Nance,https://www.spotrac.com/nba/player/_/id/86006,pete-nance,Philadelphia 76ers,https://www.spotrac.com/nba/philadelphia-76ers/yearly,24,PF,Two-Way,RFA,,,
Peyton Watson,https://www.spotrac.com/nba/player/_/id/78138,peyton-watson,Denver Nuggets,https://www.spotrac.com/nba/denver-nuggets/yearly,22,SG,$2413560,$4356476,RFA,,
P.J. Dozier,https://www.spotrac.com/nba/player/_/id/23668,pj-dozier,Minnesota Timberwolves,https://www.spotrac.com/nba/minnesota-timberwolves/yearly,28,PG,$2087519,UFA,,,
P.J. Hall,https://www.spotrac.com/nba/player/_/id/94515,pj-hall,Denver Nuggets,https://www.spotrac.com/nba/denver-nuggets/yearly,22,PF,Two-Way,RFA,,,
P.J. Tucker,https://www.spotrac.com/nba/player/_/id/11059,pj-tucker,LA Clippers,https://www.spotrac.com/nba/la-clippers/yearly,39,PF,$11539000,UFA,,,
PJ Washington,https://www.spotrac.com/nba/player/_/id/31569,pj-washington,Dallas Mavericks,https://www.spotrac.com/nba/dallas-mavericks/yearly,26,PF,$15500000,$14152174,UFA,,
Precious Achiuwa,https://www.spotrac.com/nba/player/_/id/70662,precious-achiuwa,New York Knicks,https://www.spotrac.com/nba/new-york-knicks/yearly,25,PF,$6000000,UFA,,,
Quentin Grimes,https://www.spotrac.com/nba/player/_/id/74132,quentin-grimes,Dallas Mavericks,https://www.spotrac.com/nba/dallas-mavericks/yearly,24,SG,$4296682,RFA,,,
Quenton Jackson,https://www.spotrac.com/nba/player/_/id/79955,quenton-jackson,Indiana Pacers,https://www.spotrac.com/nba/indiana-pacers/yearly,26,G,Two-Way,RFA,,,
Quincy Olivari,https://www.spotrac.com/nba/player/_/id/95655,quincy-olivari,Los Angeles Lakers,https://www.spotrac.com/nba/los-angeles-lakers/yearly,23,G,Two-Way,RFA,,,
Quinten Post,https://www.spotrac.com/nba/player/_/id/93959,quinten-post,Golden State Warriors,https://www.spotrac.com/nba/golden-state-warriors/yearly,24,C,Two-Way,RFA,,,
Rayan Rupert,https://www.spotrac.com/nba/player/_/id/82212,rayan-rupert,Portland Trail Blazers,https://www.spotrac.com/nba/portland-trail-blazers/yearly,20,SG,$1891857,$2221677,RFA,,
Reece Beekman,https://www.spotrac.com/nba/player/_/id/94484,reece-beekman,Golden State Warriors,https://www.spotrac.com/nba/golden-state-warriors/yearly,23,PG,Two-Way,RFA,,,
Reed Sheppard,https://www.spotrac.com/nba/player/_/id/91739,reed-sheppard,Houston Rockets,https://www.spotrac.com/nba/houston-rockets/yearly,20,SG,$10098960,$10603560,$11108880,$14041625,RFA
Reggie Jackson,https://www.spotrac.com/nba/player/_/id/8075,reggie-jackson,Philadelphia 76ers,https://www.spotrac.com/nba/philadelphia-76ers/yearly,34,PG,$2087519,UFA,,,
Richaun Holmes,https://www.spotrac.com/nba/player/_/id/17865,richaun-holmes,Washington Wizards,https://www.spotrac.com/nba/washington-wizards/yearly,31,C,$12648321,$13280737,UFA,,
Ricky Council IV,https://www.spotrac.com/nba/player/_/id/84718,ricky-council,Philadelphia 76ers,https://www.spotrac.com/nba/philadelphia-76ers/yearly,23,G,$1891857,$2221677,$2406205,UFA,
Riley Minix,https://www.spotrac.com/nba/player/_/id/95269,riley-minix,San Antonio Spurs,https://www.spotrac.com/nba/san-antonio-spurs/yearly,24,SF,Two-Way,RFA,,,
R.J. Barrett,https://www.spotrac.com/nba/player/_/id/31560,rj-barrett,Toronto Raptors,https://www.spotrac.com/nba/toronto-raptors/yearly,24,SG,$25794643,$27705357,$29616071,UFA,
Rob Dillingham,https://www.spotrac.com/nba/player/_/id/91736,rob-dillingham,Minnesota Timberwolves,https://www.spotrac.com/nba/minnesota-timberwolves/yearly,20,PG,$6262920,$6576120,$6889320,$8763216,RFA
Robert Williams III,https://www.spotrac.com/nba/player/_/id/26993,robert-williams,Portland Trail Blazers,https://www.spotrac.com/nba/portland-trail-blazers/yearly,27,C,$12428571,$13285713,UFA,,
Ron Holland II,https://www.spotrac.com/nba/player/_/id/91751,ron-holland,Detroit Pistons,https://www.spotrac.com/nba/detroit-pistons/yearly,19,SF,$8245320,$8657280,$9069600,$11491183,RFA
Royce O'Neale,https://www.spotrac.com/nba/player/_/id/24240,royce-oneale,Phoenix Suns,https://www.spotrac.com/nba/phoenix-suns/yearly,31,SF,$9875000,$10625000,$11375000,$12125000,UFA
Rudy Gobert,https://www.spotrac.com/nba/player/_/id/13340,rudy-gobert,Minnesota Timberwolves,https://www.spotrac.com/nba/minnesota-timberwolves/yearly,32,C,$43827587,$35000000,$36500000,$38000000,UFA
Rui Hachimura,https://www.spotrac.com/nba/player/_/id/31566,rui-hachimura,Los Angeles Lakers,https://www.spotrac.com/nba/los-angeles-lakers/yearly,26,PF,$17000000,$18259259,UFA,,
Russell Westbrook,https://www.spotrac.com/nba/player/_/id/6141,russell-westbrook,Denver Nuggets,https://www.spotrac.com/nba/denver-nuggets/yearly,36,PG,$3303771,$3468960,UFA,,
Ryan Dunn,https://www.spotrac.com/nba/player/_/id/91771,ryan-dunn,Phoenix Suns,https://www.spotrac.com/nba/phoenix-suns/yearly,22,SF,$2530800,$2657760,$2784240,$5025553,RFA
Ryan Rollins,https://www.spotrac.com/nba/player/_/id/78155,ryan-rollins,Milwaukee Bucks,https://www.spotrac.com/nba/milwaukee-bucks/yearly,22,SG,Two-Way,RFA,,,
Saddiq Bey,https://www.spotrac.com/nba/player/_/id/70661,saddiq-bey,Washington Wizards,https://www.spotrac.com/nba/washington-wizards/yearly,25,SF,$6440678,$6118644,$6440678,UFA,
Sam Hauser,https://www.spotrac.com/nba/player/_/id/74311,sam-hauser,Boston Celtics,https://www.spotrac.com/nba/boston-celtics/yearly,27,SF,$2092344,$10044644,$10848215,$11651785,$12455356
Sam Merrill,https://www.spotrac.com/nba/player/_/id/70702,sam-merrill,Cleveland Cavaliers,https://www.spotrac.com/nba/cleveland-cavaliers/yearly,28,SG,$2164993,UFA,,,
Sandro Mamukelashvili,https://www.spotrac.com/nba/player/_/id/74161,sandro-mamukelashvili,San Antonio Spurs,https://www.spotrac.com/nba/san-antonio-spurs/yearly,25,C,$2087519,UFA,,,
Santi Aldama,https://www.spotrac.com/nba/player/_/id/74137,santi-aldama,Memphis Grizzlies,https://www.spotrac.com/nba/memphis-grizzlies/yearly,24,C,$3960531,RFA,,,
Scoot Henderson,https://www.spotrac.com/nba/player/_/id/82198,scoot-henderson,Portland Trail Blazers,https://www.spotrac.com/nba/portland-trail-blazers/yearly,20,PG,$10259160,$10748040,$13585523,RFA,
Scottie Barnes,https://www.spotrac.com/nba/player/_/id/74111,scottie-barnes,Toronto Raptors,https://www.spotrac.com/nba/toronto-raptors/yearly,23,PF,$10130980,$38661700,$41754636,$44847572,$47940508
Scotty Pippen Jr.,https://www.spotrac.com/nba/player/_/id/78256,scotty-pippen,Memphis Grizzlies,https://www.spotrac.com/nba/memphis-grizzlies/yearly,24,PG,$2087519,$2270735,$2461462,$2789215,UFA
Seth Curry,https://www.spotrac.com/nba/player/_/id/13512,seth-curry,Charlotte Hornets,https://www.spotrac.com/nba/charlotte-hornets/yearly,34,SG,$2087519,UFA,UFA,,
Seth Lundy,https://www.spotrac.com/nba/player/_/id/84472,seth-lundy,Atlanta Hawks,https://www.spotrac.com/nba/atlanta-hawks/yearly,24,SG,Two-Way,RFA,,,
Shaedon Sharpe,https://www.spotrac.com/nba/player/_/id/78113,shaedon-sharpe,Portland Trail Blazers,https://www.spotrac.com/nba/portland-trail-blazers/yearly,21,SG,$6614160,$8399983,RFA,,
Shai Gilgeous-Alexander,https://www.spotrac.com/nba/player/_/id/26977,shai-gilgeous-alexander,Oklahoma City Thunder,https://www.spotrac.com/nba/oklahoma-city-thunder/yearly,26,PG,$35859950,$38333050,$40806150,UFA,
Shake Milton,https://www.spotrac.com/nba/player/_/id/27020,shake-milton,Brooklyn Nets,https://www.spotrac.com/nba/brooklyn-nets/yearly,28,SG,$2875000,$3000000,$3287406,UFA,
Sidy Cissoko,https://www.spotrac.com/nba/player/_/id/84471,sidy-cissoko,San Antonio Spurs,https://www.spotrac.com/nba/san-antonio-spurs/yearly,20,SG,$1891857,$2221677,RFA,,
Simone Fontecchio,https://www.spotrac.com/nba/player/_/id/78654,simone-fontecchio,Detroit Pistons,https://www.spotrac.com/nba/detroit-pistons/yearly,29,SF,$7692308,$8307692,UFA,,
Spencer Dinwiddie,https://www.spotrac.com/nba/player/_/id/15390,spencer-dinwiddie,Dallas Mavericks,https://www.spotrac.com/nba/dallas-mavericks/yearly,31,PG,$2087519,UFA,,,
Spencer Jones,https://www.spotrac.com/nba/player/_/id/95438,spencer-jones,Denver Nuggets,https://www.spotrac.com/nba/denver-nuggets/yearly,23,SF,Two-Way,RFA,,,
Stanley Umude,https://www.spotrac.com/nba/player/_/id/79976,stanley-umude,Milwaukee Bucks,https://www.spotrac.com/nba/milwaukee-bucks/yearly,25,G,Two-Way,RFA,,,
Stephen Curry,https://www.spotrac.com/nba/player/_/id/6287,stephen-curry,Golden State Warriors,https://www.spotrac.com/nba/golden-state-warriors/yearly,36,PG,$55761216,$59606817,$62587158,UFA,
Stephon Castle,https://www.spotrac.com/nba/player/_/id/91750,stephon-castle,San Antonio Spurs,https://www.spotrac.com/nba/san-antonio-spurs/yearly,20,PG,$9105120,$9560520,$10015920,$12670139,RFA
Steven Adams,https://www.spotrac.com/nba/player/_/id/13325,steven-adams,Houston Rockets,https://www.spotrac.com/nba/houston-rockets/yearly,31,C,$12600000,UFA,,,
Sviatoslav Mykhailiuk,https://www.spotrac.com/nba/player/_/id/27013,sviatoslav-mykhailiuk,Utah Jazz,https://www.spotrac.com/nba/utah-jazz/yearly,27,SG,$3500000,$3675000,$3850000,$4025000,UFA
Taj Gibson,https://www.spotrac.com/nba/player/_/id/6278,taj-gibson,Charlotte Hornets,https://www.spotrac.com/nba/charlotte-hornets/yearly,39,C,$3303771,UFA,,,
Talen Horton-Tucker,https://www.spotrac.com/nba/player/_/id/31605,talen-horton-tucker,Chicago Bulls,https://www.spotrac.com/nba/chicago-bulls/yearly,24,SG,$2087519,UFA,,,
Tari Eason,https://www.spotrac.com/nba/player/_/id/78123,tari-eason,Houston Rockets,https://www.spotrac.com/nba/houston-rockets/yearly,23,PF,$3695160,$5675766,RFA,,
Taurean Prince,https://www.spotrac.com/nba/player/_/id/20217,taurean-prince,Milwaukee Bucks,https://www.spotrac.com/nba/milwaukee-bucks/yearly,30,PF,$2087519,UFA,,,
Taylor Hendricks,https://www.spotrac.com/nba/player/_/id/82205,taylor-hendricks,Utah Jazz,https://www.spotrac.com/nba/utah-jazz/yearly,21,PF,$5848680,$6127080,$7805900,UFA,
Taze Moore,https://www.spotrac.com/nba/player/_/id/86067,taze-moore,Portland Trail Blazers,https://www.spotrac.com/nba/portland-trail-blazers/yearly,26,SF,Two-Way,RFA,,,
Terance Mann,https://www.spotrac.com/nba/player/_/id/31607,terance-mann,LA Clippers,https://www.spotrac.com/nba/la-clippers/yearly,28,SG,$11423077,$15500000,$15500000,$16000000,UFA
Terrence Shannon Jr.,https://www.spotrac.com/nba/player/_/id/91774,terrence-shannon,Minnesota Timberwolves,https://www.spotrac.com/nba/minnesota-timberwolves/yearly,24,SG,$2546640,$2674080,$2801640,$5054159,RFA
Terry Rozier,https://www.spotrac.com/nba/player/_/id/17844,terry-rozier,Miami Heat,https://www.spotrac.com/nba/miami-heat/yearly,30,PG,$24924126,$26643031,UFA,,
Thomas Bryant,https://www.spotrac.com/nba/player/_/id/23643,thomas-bryant,Miami Heat,https://www.spotrac.com/nba/miami-heat/yearly,27,C,$2087519,UFA,,,
Tidjane Salaun,https://www.spotrac.com/nba/player/_/id/91756,tidjane-salaun,Charlotte Hornets,https://www.spotrac.com/nba/charlotte-hornets/yearly,19,PF,$7488720,$7863240,$8237880,$10445633,RFA
Tim Hardaway Jr.,https://www.spotrac.com/nba/player/_/id/13337,tim-hardaway,Detroit Pistons,https://www.spotrac.com/nba/detroit-pistons/yearly,32,SG,$16193183,UFA,,,
T.J. McConnell,https://www.spotrac.com/nba/player/_/id/18252,tj-mcconnell,Indiana Pacers,https://www.spotrac.com/nba/indiana-pacers/yearly,32,PG,$9300000,$10200000,$11000000,$11800000,$11800000
Tobias Harris,https://www.spotrac.com/nba/player/_/id/8070,tobias-harris,Detroit Pistons,https://www.spotrac.com/nba/detroit-pistons/yearly,32,PF,$25365854,$26634146,UFA,,
Torrey Craig,https://www.spotrac.com/nba/player/_/id/24230,torrey-craig,Chicago Bulls,https://www.spotrac.com/nba/chicago-bulls/yearly,34,SF,$2845342,UFA,,,
Toumani Camara,https://www.spotrac.com/nba/player/_/id/84478,toumani-camara,Portland Trail Blazers,https://www.spotrac.com/nba/portland-trail-blazers/yearly,24,PF,$1891857,$2221677,$2406205,UFA,
Trae Young,https://www.spotrac.com/nba/player/_/id/26971,trae-young,Atlanta Hawks,https://www.spotrac.com/nba/atlanta-hawks/yearly,26,PG,$43031940,$45999660,$48967380,UFA,
Trayce Jackson-Davis,https://www.spotrac.com/nba/player/_/id/84443,trayce-jackson-davis,Golden State Warriors,https://www.spotrac.com/nba/golden-state-warriors/yearly,24,PF,$1891857,$2221677,$2406205,UFA,
Tre Jones,https://www.spotrac.com/nba/player/_/id/70683,tre-jones,San Antonio Spurs,https://www.spotrac.com/nba/san-antonio-spurs/yearly,25,PG,$9104167,UFA,,,
Tre Mann,https://www.spotrac.com/nba/player/_/id/74125,tre-mann,Charlotte Hornets,https://www.spotrac.com/nba/charlotte-hornets/yearly,23,PG,$4908373,RFA,,,
Trendon Watford,https://www.spotrac.com/nba/player/_/id/74232,trendon-watford,Brooklyn Nets,https://www.spotrac.com/nba/brooklyn-nets/yearly,24,PF,$2726603,UFA,,,
Trentyn Flowers,https://www.spotrac.com/nba/player/_/id/95276,trentyn-flowers,LA Clippers,https://www.spotrac.com/nba/la-clippers/yearly,19,F,Two-Way,RFA,,,
Trevelin Queen,https://www.spotrac.com/nba/player/_/id/70720,trevelin-queen,Orlando Magic,https://www.spotrac.com/nba/orlando-magic/yearly,27,SG,Two-Way,RFA,,,
Trey Alexander,https://www.spotrac.com/nba/player/_/id/94483,trey-alexander,Denver Nuggets,https://www.spotrac.com/nba/denver-nuggets/yearly,21,SG,Two-Way,RFA,,,
Trey Jemison,https://www.spotrac.com/nba/player/_/id/86044,trey-jemison,New Orleans Pelicans,https://www.spotrac.com/nba/new-orleans-pelicans/yearly,25,PF,Two-Way,RFA,,,
Trey Lyles,https://www.spotrac.com/nba/player/_/id/17840,trey-lyles,Sacramento Kings,https://www.spotrac.com/nba/sacramento-kings/yearly,29,PF,$8000000,UFA,,,
Trey Murphy III,https://www.spotrac.com/nba/player/_/id/74124,trey-murphy,New Orleans Pelicans,https://www.spotrac.com/nba/new-orleans-pelicans/yearly,24,SF,$5159855,$25000000,$27000000,$29000000,$31000000
Tristan Da Silva,https://www.spotrac.com/nba/player/_/id/91759,tristan-da-silva,Orlando Magic,https://www.spotrac.com/nba/orlando-magic/yearly,23,SF,$3628440,$3809520,$3991200,$6138466,RFA
Tristan Thompson,https://www.spotrac.com/nba/player/_/id/8054,tristan-thompson,Cleveland Cavaliers,https://www.spotrac.com/nba/cleveland-cavaliers/yearly,33,C,$2087519,UFA,,,
Tristan Vukcevic,https://www.spotrac.com/nba/player/_/id/84470,tristan-vukcevic,Washington Wizards,https://www.spotrac.com/nba/washington-wizards/yearly,21,C,Two-Way,RFA,,,
Tristen Newton,https://www.spotrac.com/nba/player/_/id/93957,tristen-newton,Indiana Pacers,https://www.spotrac.com/nba/indiana-pacers/yearly,23,PG,Two-Way,RFA,,,
Ty Jerome,https://www.spotrac.com/nba/player/_/id/31582,ty-jerome,Cleveland Cavaliers,https://www.spotrac.com/nba/cleveland-cavaliers/yearly,27,SG,$2560975,UFA,,,
Tyler Herro,https://www.spotrac.com/nba/player/_/id/31570,tyler-herro,Miami Heat,https://www.spotrac.com/nba/miami-heat/yearly,25,SG,$29000000,$31000000,$33000000,UFA,
Tyler Kolek,https://www.spotrac.com/nba/player/_/id/91769,tyler-kolek,New York Knicks,https://www.spotrac.com/nba/new-york-knicks/yearly,23,PG,$2087519,$2191897,$2296271,$2486995,RFA
Tyler Smith,https://www.spotrac.com/nba/player/_/id/91762,tyler-smith,Milwaukee Bucks,https://www.spotrac.com/nba/milwaukee-bucks/yearly,20,SF,$1157153,$1955377,$2296271,$2486995,UFA
Tyrese Haliburton,https://www.spotrac.com/nba/player/_/id/70654,tyrese-haliburton,Indiana Pacers,https://www.spotrac.com/nba/indiana-pacers/yearly,24,PG,$42176400,$45550512,$48924624,$52298736,$55672848
Tyrese Martin,https://www.spotrac.com/nba/player/_/id/78162,tyrese-martin,Brooklyn Nets,https://www.spotrac.com/nba/brooklyn-nets/yearly,25,SF,Two-Way,RFA,,,
Tyrese Maxey,https://www.spotrac.com/nba/player/_/id/70663,tyrese-maxey,Philadelphia 76ers,https://www.spotrac.com/nba/philadelphia-76ers/yearly,24,PG,$35147000,$37958760,$40770520,$43582280,$46394040
TyTy Washington Jr.,https://www.spotrac.com/nba/player/_/id/78125,tyty-washington,Phoenix Suns,https://www.spotrac.com/nba/phoenix-suns/yearly,23,PG,Two-Way,RFA,,,
Tyus Jones,https://www.spotrac.com/nba/player/_/id/17852,tyus-jones,Phoenix Suns,https://www.spotrac.com/nba/phoenix-suns/yearly,28,PG,$2087519,UFA,,,
Ulrich Chomche,https://www.spotrac.com/nba/player/_/id/91781,ulrich-chomche,Toronto Raptors,https://www.spotrac.com/nba/toronto-raptors/yearly,19,PF,Two-Way,Two-Way,RFA,,
Vasilije Micic,https://www.spotrac.com/nba/player/_/id/15404,vasilije-micic,Charlotte Hornets,https://www.spotrac.com/nba/charlotte-hornets/yearly,31,PG,$7723000,$8109150,UFA,,
Victor Wembanyama,https://www.spotrac.com/nba/player/_/id/82196,victor-wembanyama,San Antonio Spurs,https://www.spotrac.com/nba/san-antonio-spurs/yearly,21,C,$12768960,$13376880,$16868246,RFA,
Vincent Williams Jr.,https://www.spotrac.com/nba/player/_/id/78158,vincent-williams,Memphis Grizzlies,https://www.spotrac.com/nba/memphis-grizzlies/yearly,24,SF,$2120693,$2301587,$2489752,UFA,
Vit Krejci,https://www.spotrac.com/nba/player/_/id/70679,vit-krejci,Atlanta Hawks,https://www.spotrac.com/nba/atlanta-hawks/yearly,24,PG,$2162606,$2349578,$2667944,$3005085,UFA
Vlatko Cancar,https://www.spotrac.com/nba/player/_/id/23650,vlatko-cancar,Denver Nuggets,https://www.spotrac.com/nba/denver-nuggets/yearly,27,PF,$2087519,UFA,,,
Walker Kessler,https://www.spotrac.com/nba/player/_/id/78133,walker-kessler,Utah Jazz,https://www.spotrac.com/nba/utah-jazz/yearly,23,C,$2965920,$4878938,RFA,,
Wendell Carter Jr.,https://www.spotrac.com/nba/player/_/id/26973,wendell-carter,Orlando Magic,https://www.spotrac.com/nba/orlando-magic/yearly,25,C,$11950000,$10850000,$18102000,$19550160,$20998320
Wendell Moore Jr.,https://www.spotrac.com/nba/player/_/id/78145,wendell-moore,Detroit Pistons,https://www.spotrac.com/nba/detroit-pistons/yearly,23,SG,$2537040,UFA,,,
Xavier Tillman,https://www.spotrac.com/nba/player/_/id/70677,xavier-tillman,Boston Celtics,https://www.spotrac.com/nba/boston-celtics/yearly,26,C,$2237691,$2546675,UFA,,
Yongxi Cui,https://www.spotrac.com/nba/player/_/id/95593,yongxi-cui,Brooklyn Nets,https://www.spotrac.com/nba/brooklyn-nets/yearly,21,G,Two-Way,Two-Way,RFA,,
Yuki Kawamura,https://www.spotrac.com/nba/player/_/id/95565,yuki-kawamura,Memphis Grizzlies,https://www.spotrac.com/nba/memphis-grizzlies/yearly,23,G,Two-Way,RFA,,,
Yves Missi,https://www.spotrac.com/nba/player/_/id/91761,yves-missi,New Orleans Pelicans,https://www.spotrac.com/nba/new-orleans-pelicans/yearly,20,C,$3193200,$3353040,$3512760,$5595827,RFA
Zaccharie Risacher,https://www.spotrac.com/nba/player/_/id/91733,zaccharie-risacher,Atlanta Hawks,https://www.spotrac.com/nba/atlanta-hawks/yearly,19,SF,$12569040,$13197720,$13826040,$17434637,RFA
Zach Collins,https://www.spotrac.com/nba/player/_/id/23605,zach-collins,San Antonio Spurs,https://www.spotrac.com/nba/san-antonio-spurs/yearly,27,C,$16741200,$18080496,UFA,,
Zach Edey,https://www.spotrac.com/nba/player/_/id/91755,zach-edey,Memphis Grizzlies,https://www.spotrac.com/nba/memphis-grizzlies/yearly,22,C,$5756880,$6045000,$6332760,$8067937,RFA
Zach LaVine,https://www.spotrac.com/nba/player/_/id/15365,zach-lavine,Chicago Bulls,https://www.spotrac.com/nba/chicago-bulls/yearly,29,SG,$43031940,$45999660,$48967380,UFA,
Zeke Nnaji,https://www.spotrac.com/nba/player/_/id/70664,zeke-nnaji,Denver Nuggets,https://www.spotrac.com/nba/denver-nuggets/yearly,24,PF,$8888889,$8177778,$7466667,$7466667,UFA
Ziaire Williams,https://www.spotrac.com/nba/player/_/id/74117,ziaire-williams,Brooklyn Nets,https://www.spotrac.com/nba/brooklyn-nets/yearly,23,SF,$6133005,RFA,,,
Zion Williamson,https://www.spotrac.com/nba/player/_/id/31558,zion-williamson,New Orleans Pelicans,https://www.spotrac.com/nba/new-orleans-pelicans/yearly,24,PF,$36725670,$39446090,$42166510,$44886930,UFA
