Player,Player Link,Player Key,Team,Team Link,Position,Age,2025-26,2026-27,2027-28,2028-29,2029-30
Aaron Gordon,https://www.spotrac.com/nba/player/_/id/15356/aaron-gordon,aaron-gordon,Denver Nuggets,https://www.spotrac.com/nba/denver-nuggets/yearly,PF,30,$22841455,$31978037,$34536280,$37094523,UFA
Aaron Holiday,https://www.spotrac.com/nba/player/_/id/26989/aaron-holiday,aaron-holiday,Houston Rockets,https://www.spotrac.com/nba/houston-rockets/yearly,PG,29,$2296274,UFA,,,
Aaron Nesmith,https://www.spotrac.com/nba/player/_/id/70656/aaron-nesmith,aaron-nesmith,Indiana Pacers,https://www.spotrac.com/nba/indiana-pacers/yearly,SF,26,$11000000,$11000000,UFA,,
Aaron Wiggins,https://www.spotrac.com/nba/player/_/id/74162/aaron-wiggins,aaron-wiggins,Oklahoma City Thunder,https://www.spotrac.com/nba/oklahoma-city-thunder/yearly,SG,27,$10102803,$9224300,$8345797,$8345797,UFA
Ace Bailey,https://www.spotrac.com/nba/player/_/id/98599/ace-bailey,ace-bailey,Utah Jazz,https://www.spotrac.com/nba/utah-jazz/yearly,SF,19,$9069840,$9523080,$9976560,$12640302,RFA
Adam Flagler,https://www.spotrac.com/nba/player/_/id/86081/adam-flagler,adam-flagler,San Antonio Spurs,https://www.spotrac.com/nba/san-antonio-spurs/yearly,G,26,$0,RFA,,,
Adem Bona,https://www.spotrac.com/nba/player/_/id/91790/adem-bona,adem-bona,Philadelphia 76ers,https://www.spotrac.com/nba/philadelphia-76ers/yearly,C,22,$1955377,$2296271,$2486995,UFA,
Adou Thiero,https://www.spotrac.com/nba/player/_/id/98625/adou-thiero,adou-thiero,Los Angeles Lakers,https://www.spotrac.com/nba/los-angeles-lakers/yearly,SF,21,$1272870,$2150917,$2525901,RFA,
AJ Green,https://www.spotrac.com/nba/player/_/id/78250/aj-green,aj-green,Milwaukee Bucks,https://www.spotrac.com/nba/milwaukee-bucks/yearly,SG,26,$2301587,UFA,,,
AJ Johnson,https://www.spotrac.com/nba/player/_/id/92952/aj-johnson,aj-johnson,Washington Wizards,https://www.spotrac.com/nba/washington-wizards/yearly,PG,21,$3090480,$3237120,$5493394,RFA,
A.J. Lawson,https://www.spotrac.com/nba/player/_/id/74329/aj-lawson,aj-lawson,Toronto Raptors,https://www.spotrac.com/nba/toronto-raptors/yearly,F,25,$2270735,UFA,,,
Ajay Mitchell,https://www.spotrac.com/nba/player/_/id/92958/ajay-mitchell,ajay-mitchell,Oklahoma City Thunder,https://www.spotrac.com/nba/oklahoma-city-thunder/yearly,PG,23,$3000000,$2850000,$2850000,UFA,
Alex Caruso,https://www.spotrac.com/nba/player/_/id/21076/alex-caruso,alex-caruso,Oklahoma City Thunder,https://www.spotrac.com/nba/oklahoma-city-thunder/yearly,SG,31,$18102000,$19550160,$20998320,$22446480,UFA
Alex Sarr,https://www.spotrac.com/nba/player/_/id/91734/alex-sarr,alex-sarr,Washington Wizards,https://www.spotrac.com/nba/washington-wizards/yearly,PF,20,$11808240,$12370680,$15611798,RFA,
Alijah Martin,https://www.spotrac.com/nba/player/_/id/98642/alijah-martin,alijah-martin,Toronto Raptors,https://www.spotrac.com/nba/toronto-raptors/yearly,SG,24,Two-Way,RFA,,,
Alperen Sengun,https://www.spotrac.com/nba/player/_/id/74123/alperen-sengun,alperen-sengun,Houston Rockets,https://www.spotrac.com/nba/houston-rockets/yearly,C,23,$33944954,$35642202,$37339450,$39036697,$39036697
Amari Williams,https://www.spotrac.com/nba/player/_/id/98644/amari-williams,amari-williams,Boston Celtics,https://www.spotrac.com/nba/boston-celtics/yearly,C,24,Two-Way,RFA,,,
Amen Thompson,https://www.spotrac.com/nba/player/_/id/82199/amen-thompson,amen-thompson,Houston Rockets,https://www.spotrac.com/nba/houston-rockets/yearly,PG,23,$9690600,$12258609,RFA,,
Andre Drummond,https://www.spotrac.com/nba/player/_/id/10817/andre-drummond,andre-drummond,Philadelphia 76ers,https://www.spotrac.com/nba/philadelphia-76ers/yearly,C,32,$5000000,UFA,,,
Andre Jackson Jr.,https://www.spotrac.com/nba/player/_/id/82321/andre-jackson-jr,andre-jackson,Milwaukee Bucks,https://www.spotrac.com/nba/milwaukee-bucks/yearly,SG,24,$2221677,$2406205,UFA,,
Andrew Nembhard,https://www.spotrac.com/nba/player/_/id/78137/andrew-nembhard,andrew-nembhard,Indiana Pacers,https://www.spotrac.com/nba/indiana-pacers/yearly,PG,26,$18102000,$19550160,$20998320,UFA,
Andrew Wiggins,https://www.spotrac.com/nba/player/_/id/15353/andrew-wiggins,andrew-wiggins,Miami Heat,https://www.spotrac.com/nba/miami-heat/yearly,SF,30,$28223215,$30169644,UFA,,
Anfernee Simons,https://www.spotrac.com/nba/player/_/id/26990/anfernee-simons,anfernee-simons,Boston Celtics,https://www.spotrac.com/nba/boston-celtics/yearly,SG,26,$27678571,UFA,,,
Anthony Black,https://www.spotrac.com/nba/player/_/id/82203/anthony-black,anthony-black,Orlando Magic,https://www.spotrac.com/nba/orlando-magic/yearly,SG,22,$7970280,$10106316,RFA,,
Anthony Davis,https://www.spotrac.com/nba/player/_/id/10809/anthony-davis,anthony-davis,Dallas Mavericks,https://www.spotrac.com/nba/dallas-mavericks/yearly,C,32,$54126450,$58456566,$62786682,UFA,
Anthony Edwards,https://www.spotrac.com/nba/player/_/id/70643/anthony-edwards,anthony-edwards,Minnesota Timberwolves,https://www.spotrac.com/nba/minnesota-timberwolves/yearly,SG,24,$45550512,$48924624,$52298736,$55672848,UFA
Anthony Gill,https://www.spotrac.com/nba/player/_/id/70741/anthony-gill,anthony-gill,Washington Wizards,https://www.spotrac.com/nba/washington-wizards/yearly,PF,33,$2296274,UFA,,,
Antonio Reeves,https://www.spotrac.com/nba/player/_/id/93956/antonio-reeves,antonio-reeves,Charlotte Hornets,https://www.spotrac.com/nba/charlotte-hornets/yearly,SG,25,Two-Way,RFA,,,
Ariel Hukporti,https://www.spotrac.com/nba/player/_/id/93962/ariel-hukporti,ariel-hukporti,New York Knicks,https://www.spotrac.com/nba/new-york-knicks/yearly,C,23,$1955377,RFA,,,
Arthur Kaluma,https://www.spotrac.com/nba/player/_/id/100568/arthur-kaluma,arthur-kaluma,Los Angeles Lakers,https://www.spotrac.com/nba/los-angeles-lakers/yearly,F,23,$0,RFA,,,
Asa Newell,https://www.spotrac.com/nba/player/_/id/98611/asa-newell,asa-newell,Atlanta Hawks,https://www.spotrac.com/nba/atlanta-hawks/yearly,PF,20,$3237480,$3399480,$3560880,$6042814,RFA
Augustas Marciulionis,https://www.spotrac.com/nba/player/_/id/100566/augustas-marciulionis,augustas-marciulionis,Los Angeles Lakers,https://www.spotrac.com/nba/los-angeles-lakers/yearly,G,23,$0,RFA,,,
Ausar Thompson,https://www.spotrac.com/nba/player/_/id/82200/ausar-thompson,ausar-thompson,Detroit Pistons,https://www.spotrac.com/nba/detroit-pistons/yearly,SG,23,$8775000,$11117925,RFA,,
Austin Reaves,https://www.spotrac.com/nba/player/_/id/74218/austin-reaves,austin-reaves,Los Angeles Lakers,https://www.spotrac.com/nba/los-angeles-lakers/yearly,SG,27,$13937574,$14898786,UFA,,
Ayo Dosunmu,https://www.spotrac.com/nba/player/_/id/74145/ayo-dosunmu,ayo-dosunmu,Chicago Bulls,https://www.spotrac.com/nba/chicago-bulls/yearly,PG,26,$7518518,UFA,,,
Bam Adebayo,https://www.spotrac.com/nba/player/_/id/23609/bam-adebayo,bam-adebayo,Miami Heat,https://www.spotrac.com/nba/miami-heat/yearly,C,28,$37096620,$49641600,$53612928,$57584256,UFA
Baylor Scheierman,https://www.spotrac.com/nba/player/_/id/91780/baylor-scheierman,baylor-scheierman,Boston Celtics,https://www.spotrac.com/nba/boston-celtics/yearly,SG,25,$2619000,$2744040,$4952993,RFA,
Ben Saraf,https://www.spotrac.com/nba/player/_/id/98626/ben-saraf,ben-saraf,Brooklyn Nets,https://www.spotrac.com/nba/brooklyn-nets/yearly,PG,19,$2884560,$3028560,$3172920,$5720776,RFA
Ben Sheppard,https://www.spotrac.com/nba/player/_/id/84440/ben-sheppard,ben-sheppard,Indiana Pacers,https://www.spotrac.com/nba/indiana-pacers/yearly,SF,24,$2790720,$5031669,RFA,,
Bennedict Mathurin,https://www.spotrac.com/nba/player/_/id/78115/bennedict-mathurin,bennedict-mathurin,Indiana Pacers,https://www.spotrac.com/nba/indiana-pacers/yearly,SG,23,$9187573,RFA,,,
Bilal Coulibaly,https://www.spotrac.com/nba/player/_/id/82317/bilal-coulibaly,bilal-coulibaly,Washington Wizards,https://www.spotrac.com/nba/washington-wizards/yearly,SF,21,$7275600,$9240012,RFA,,
Blake Wesley,https://www.spotrac.com/nba/player/_/id/78132/blake-wesley,blake-wesley,Portland Trail Blazers,https://www.spotrac.com/nba/portland-trail-blazers/yearly,SG,22,$2296274,UFA,,,
Bobby Portis,https://www.spotrac.com/nba/player/_/id/17850/bobby-portis,bobby-portis,Milwaukee Bucks,https://www.spotrac.com/nba/milwaukee-bucks/yearly,PF,30,$13445754,$14521414,$15597074,UFA,
Bobi Klintman,https://www.spotrac.com/nba/player/_/id/91764/bobi-klintman,bobi-klintman,Detroit Pistons,https://www.spotrac.com/nba/detroit-pistons/yearly,SF,22,$1955377,$2296271,$2486995,UFA,
Bogdan Bogdanovic,https://www.spotrac.com/nba/player/_/id/15379/bogdan-bogdanovic,bogdan-bogdanovic,LA Clippers,https://www.spotrac.com/nba/la-clippers/yearly,SG,33,$16020000,$16020000,UFA,,
Bradley Beal,https://www.spotrac.com/nba/player/_/id/10811/bradley-beal,bradley-beal,LA Clippers,https://www.spotrac.com/nba/la-clippers/yearly,SG,32,$5354000,$5621700,UFA,,
Branden Carlson,https://www.spotrac.com/nba/player/_/id/94490/branden-carlson,branden-carlson,Oklahoma City Thunder,https://www.spotrac.com/nba/oklahoma-city-thunder/yearly,C,26,Two-Way,RFA,,,
Brandin Podziemski,https://www.spotrac.com/nba/player/_/id/84438/brandin-podziemski,brandin-podziemski,Golden State Warriors,https://www.spotrac.com/nba/golden-state-warriors/yearly,SG,22,$3687960,$5679459,RFA,,
Brandon Clarke,https://www.spotrac.com/nba/player/_/id/31578/brandon-clarke,brandon-clarke,Memphis Grizzlies,https://www.spotrac.com/nba/memphis-grizzlies/yearly,PF,29,$12500000,$12500000,UFA,,
Brandon Ingram,https://www.spotrac.com/nba/player/_/id/20207/brandon-ingram,brandon-ingram,Toronto Raptors,https://www.spotrac.com/nba/toronto-raptors/yearly,SF,28,$38095238,$40000000,$41904762,UFA,
Brandon Miller,https://www.spotrac.com/nba/player/_/id/82197/brandon-miller,brandon-miller,Charlotte Hornets,https://www.spotrac.com/nba/charlotte-hornets/yearly,SF,23,$11968800,$15104626,RFA,,
Brandon Williams,https://www.spotrac.com/nba/player/_/id/75136/brandon-williams,brandon-williams,Dallas Mavericks,https://www.spotrac.com/nba/dallas-mavericks/yearly,PG,26,$2270735,UFA,,,
Brice Sensabaugh,https://www.spotrac.com/nba/player/_/id/82213/brice-sensabaugh,brice-sensabaugh,Utah Jazz,https://www.spotrac.com/nba/utah-jazz/yearly,SF,22,$2693760,$4862237,RFA,,
Bronny James,https://www.spotrac.com/nba/player/_/id/92960/bronny-james,bronny-james,Los Angeles Lakers,https://www.spotrac.com/nba/los-angeles-lakers/yearly,PG,21,$1955377,$2296271,$2486995,UFA,
Brook Lopez,https://www.spotrac.com/nba/player/_/id/6136/brook-lopez,brook-lopez,LA Clippers,https://www.spotrac.com/nba/la-clippers/yearly,C,37,$8750000,$9187500,UFA,,
Brooks Barnhizer,https://www.spotrac.com/nba/player/_/id/99258/brooks-barnhizer,brooks-barnhizer,Oklahoma City Thunder,https://www.spotrac.com/nba/oklahoma-city-thunder/yearly,SF,23,Two-Way,RFA,,,
Bruce Brown Jr.,https://www.spotrac.com/nba/player/_/id/27008/bruce-brown-jr,bruce-brown,Denver Nuggets,https://www.spotrac.com/nba/denver-nuggets/yearly,SG,29,$2296274,UFA,,,
Bryce McGowens,https://www.spotrac.com/nba/player/_/id/78140/bryce-mcgowens,bryce-mcgowens,New Orleans Pelicans,https://www.spotrac.com/nba/new-orleans-pelicans/yearly,SG,23,Two-Way,UFA,,,
Bub Carrington,https://www.spotrac.com/nba/player/_/id/91766/bub-carrington,bub-carrington,Washington Wizards,https://www.spotrac.com/nba/washington-wizards/yearly,PG,20,$4677600,$4900560,$7257730,RFA,
Buddy Hield,https://www.spotrac.com/nba/player/_/id/20211/buddy-hield,buddy-hield,Golden State Warriors,https://www.spotrac.com/nba/golden-state-warriors/yearly,SG,33,$9219512,$9658536,$10097560,UFA,
Cade Cunningham,https://www.spotrac.com/nba/player/_/id/74108/cade-cunningham,cade-cunningham,Detroit Pistons,https://www.spotrac.com/nba/detroit-pistons/yearly,PG,24,$46394100,$50105628,$53817156,$57528684,$61240212
Caleb Grill,https://www.spotrac.com/nba/player/_/id/99788/caleb-grill,caleb-grill,Chicago Bulls,https://www.spotrac.com/nba/chicago-bulls/yearly,G,25,$0,RFA,,,
Caleb Love,https://www.spotrac.com/nba/player/_/id/99629/caleb-love,caleb-love,Portland Trail Blazers,https://www.spotrac.com/nba/portland-trail-blazers/yearly,G,24,Two-Way,UFA,,,
Caleb Martin,https://www.spotrac.com/nba/player/_/id/32682/caleb-martin,caleb-martin,Dallas Mavericks,https://www.spotrac.com/nba/dallas-mavericks/yearly,SF,30,$9594044,$10001494,$9371351,UFA,
Cam Spencer,https://www.spotrac.com/nba/player/_/id/93960/cam-spencer,cam-spencer,Memphis Grizzlies,https://www.spotrac.com/nba/memphis-grizzlies/yearly,SG,25,$2537989,$2411090,$2616754,$2830685,UFA
Cam Whitmore,https://www.spotrac.com/nba/player/_/id/82202/cam-whitmore,cam-whitmore,Washington Wizards,https://www.spotrac.com/nba/washington-wizards/yearly,SF,21,$3539760,$5458310,RFA,,
Cameron Christie,https://www.spotrac.com/nba/player/_/id/91777/cameron-christie,cameron-christie,LA Clippers,https://www.spotrac.com/nba/la-clippers/yearly,SG,20,$1955377,$2296271,$2486995,UFA,
Cameron Johnson,https://www.spotrac.com/nba/player/_/id/31568/cameron-johnson,cameron-johnson,Denver Nuggets,https://www.spotrac.com/nba/denver-nuggets/yearly,SF,29,$21057065,$23062500,UFA,,
Cameron Matthews,https://www.spotrac.com/nba/player/_/id/100473/cameron-matthews,cameron-matthews,Houston Rockets,https://www.spotrac.com/nba/houston-rockets/yearly,F,24,$0,RFA,,,
Caris LeVert,https://www.spotrac.com/nba/player/_/id/20225/caris-levert,caris-levert,Detroit Pistons,https://www.spotrac.com/nba/detroit-pistons/yearly,SG,31,$14104000,$14809200,UFA,,
Carter Bryant,https://www.spotrac.com/nba/player/_/id/98614/carter-bryant,carter-bryant,San Antonio Spurs,https://www.spotrac.com/nba/san-antonio-spurs/yearly,PF,20,$4900320,$5145360,$5390640,$7983539,RFA
Cason Wallace,https://www.spotrac.com/nba/player/_/id/82207/cason-wallace,cason-wallace,Oklahoma City Thunder,https://www.spotrac.com/nba/oklahoma-city-thunder/yearly,PG,22,$5820240,$7420806,RFA,,
Cedric Coward,https://www.spotrac.com/nba/player/_/id/98639/cedric-coward,cedric-coward,Memphis Grizzlies,https://www.spotrac.com/nba/memphis-grizzlies/yearly,SG,22,$5715120,$6001080,$6286920,$8342743,RFA
Chaz Lanier,https://www.spotrac.com/nba/player/_/id/98643/chaz-lanier,chaz-lanier,Detroit Pistons,https://www.spotrac.com/nba/detroit-pistons/yearly,SG,24,$1272870,$2150917,$2525901,$2735698,UFA
Chet Holmgren,https://www.spotrac.com/nba/player/_/id/78108/chet-holmgren,chet-holmgren,Oklahoma City Thunder,https://www.spotrac.com/nba/oklahoma-city-thunder/yearly,C,23,$13731368,$41368000,$44677440,$47986880,$51296320
Chris Boucher,https://www.spotrac.com/nba/player/_/id/23671/chris-boucher,chris-boucher,Boston Celtics,https://www.spotrac.com/nba/boston-celtics/yearly,PF,33,$2296274,UFA,,,
Chris Livingston,https://www.spotrac.com/nba/player/_/id/84483/chris-livingston,chris-livingston,Milwaukee Bucks,https://www.spotrac.com/nba/milwaukee-bucks/yearly,SF,22,$2296274,RFA,,,
Chris Manon,https://www.spotrac.com/nba/player/_/id/100551/chris-manon,chris-manon,Los Angeles Lakers,https://www.spotrac.com/nba/los-angeles-lakers/yearly,G,24,Two-Way,RFA,,,
Chris Paul,https://www.spotrac.com/nba/player/_/id/2609/chris-paul,chris-paul,LA Clippers,https://www.spotrac.com/nba/la-clippers/yearly,PG,40,$2296274,UFA,,,
Christian Braun,https://www.spotrac.com/nba/player/_/id/78148/christian-braun,christian-braun,Denver Nuggets,https://www.spotrac.com/nba/denver-nuggets/yearly,SG,24,$4921797,RFA,,,
Christian Koloko,https://www.spotrac.com/nba/player/_/id/78131/christian-koloko,christian-koloko,Los Angeles Lakers,https://www.spotrac.com/nba/los-angeles-lakers/yearly,C,25,Two-Way,RFA,,,
Chucky Hepburn,https://www.spotrac.com/nba/player/_/id/99630/chucky-hepburn,chucky-hepburn,Toronto Raptors,https://www.spotrac.com/nba/toronto-raptors/yearly,G,22,Two-Way,RFA,,,
CJ Huntley,https://www.spotrac.com/nba/player/_/id/99649/cj-huntley,cj-huntley,Phoenix Suns,https://www.spotrac.com/nba/phoenix-suns/yearly,F,24,Two-Way,Two-Way,RFA,,
C.J. McCollum,https://www.spotrac.com/nba/player/_/id/13323/cj-mccollum,cj-mccollum,Washington Wizards,https://www.spotrac.com/nba/washington-wizards/yearly,SG,34,$30666666,UFA,,,
Clint Capela,https://www.spotrac.com/nba/player/_/id/15377/clint-capela,clint-capela,Houston Rockets,https://www.spotrac.com/nba/houston-rockets/yearly,C,31,$6700000,$7035000,$7370000,UFA,
Coby White,https://www.spotrac.com/nba/player/_/id/31564/coby-white,coby-white,Chicago Bulls,https://www.spotrac.com/nba/chicago-bulls/yearly,PG,25,$12888889,UFA,,,
Cody Williams,https://www.spotrac.com/nba/player/_/id/91752/cody-williams,cody-williams,Utah Jazz,https://www.spotrac.com/nba/utah-jazz/yearly,SG,21,$5742480,$6015600,$7669890,RFA,
Colby Jones,https://www.spotrac.com/nba/player/_/id/82320/colby-jones,colby-jones,Detroit Pistons,https://www.spotrac.com/nba/detroit-pistons/yearly,SG,23,Two-Way,RFA,,,
Cole Anthony,https://www.spotrac.com/nba/player/_/id/70657/cole-anthony,cole-anthony,Milwaukee Bucks,https://www.spotrac.com/nba/milwaukee-bucks/yearly,PG,25,$2296274,UFA,,,
Collin Gillespie,https://www.spotrac.com/nba/player/_/id/78276/collin-gillespie,collin-gillespie,Phoenix Suns,https://www.spotrac.com/nba/phoenix-suns/yearly,PG,26,$2296274,UFA,,,
Collin Murray-Boyles,https://www.spotrac.com/nba/player/_/id/98609/collin-murray-boyles,collin-murray-boyles,Toronto Raptors,https://www.spotrac.com/nba/toronto-raptors/yearly,PF,20,$6332520,$6649560,$6966000,$8874684,RFA
Collin Sexton,https://www.spotrac.com/nba/player/_/id/26974/collin-sexton,collin-sexton,Charlotte Hornets,https://www.spotrac.com/nba/charlotte-hornets/yearly,PG,27,$18975000,UFA,,,
Cooper Flagg,https://www.spotrac.com/nba/player/_/id/98597/cooper-flagg,cooper-flagg,Dallas Mavericks,https://www.spotrac.com/nba/dallas-mavericks/yearly,SF,19,$13825920,$14517480,$15208680,$19178146,RFA
Corey Kispert,https://www.spotrac.com/nba/player/_/id/74122/corey-kispert,corey-kispert,Washington Wizards,https://www.spotrac.com/nba/washington-wizards/yearly,SF,26,$13975000,$13975000,$13025000,$13025000,UFA
Craig Porter Jr.,https://www.spotrac.com/nba/player/_/id/84768/craig-porter-jr,craig-porter,Cleveland Cavaliers,https://www.spotrac.com/nba/cleveland-cavaliers/yearly,G,25,$2221677,$2406205,UFA,,
Curtis Jones,https://www.spotrac.com/nba/player/_/id/100540/curtis-jones,curtis-jones,Denver Nuggets,https://www.spotrac.com/nba/denver-nuggets/yearly,G,24,Two-Way,RFA,,,
Daeqwon Plowden,https://www.spotrac.com/nba/player/_/id/79950/daeqwon-plowden,daeqwon-plowden,Sacramento Kings,https://www.spotrac.com/nba/sacramento-kings/yearly,G,27,Two-Way,RFA,,,
Dalen Terry,https://www.spotrac.com/nba/player/_/id/78128/dalen-terry,dalen-terry,Chicago Bulls,https://www.spotrac.com/nba/chicago-bulls/yearly,SG,23,$5399118,RFA,,,
Dalton Knecht,https://www.spotrac.com/nba/player/_/id/91749/dalton-knecht,dalton-knecht,Los Angeles Lakers,https://www.spotrac.com/nba/los-angeles-lakers/yearly,SF,24,$4010160,$4201080,$6452860,RFA,
Damian Lillard,https://www.spotrac.com/nba/player/_/id/10814/damian-lillard,damian-lillard,Portland Trail Blazers,https://www.spotrac.com/nba/portland-trail-blazers/yearly,PG,35,$14104000,$13398000,$14104000,UFA,
D'Angelo Russell,https://www.spotrac.com/nba/player/_/id/17830/dangelo-russell,dangelo-russell,Dallas Mavericks,https://www.spotrac.com/nba/dallas-mavericks/yearly,PG,29,$5685000,$5969250,UFA,,
Daniel Gafford,https://www.spotrac.com/nba/player/_/id/31597/daniel-gafford,daniel-gafford,Dallas Mavericks,https://www.spotrac.com/nba/dallas-mavericks/yearly,C,27,$14386320,$17263584,$18126763,$18989942,UFA
Daniss Jenkins,https://www.spotrac.com/nba/player/_/id/94498/daniss-jenkins,daniss-jenkins,Detroit Pistons,https://www.spotrac.com/nba/detroit-pistons/yearly,G,24,Two-Way,RFA,,,
Danny Wolf,https://www.spotrac.com/nba/player/_/id/98616/danny-wolf,danny-wolf,Brooklyn Nets,https://www.spotrac.com/nba/brooklyn-nets/yearly,PF,21,$2801280,$2941440,$3081840,$5559640,RFA
Dante Exum,https://www.spotrac.com/nba/player/_/id/15357/dante-exum,dante-exum,Dallas Mavericks,https://www.spotrac.com/nba/dallas-mavericks/yearly,PG,30,$2296274,UFA,,,
DaQuan Jeffries,https://www.spotrac.com/nba/player/_/id/32680/daquan-jeffries,daquan-jeffries,Charlotte Hornets,https://www.spotrac.com/nba/charlotte-hornets/yearly,SG,28,$2743776,$3080918,UFA,,
Dario Saric,https://www.spotrac.com/nba/player/_/id/15364/dario-saric,dario-saric,Sacramento Kings,https://www.spotrac.com/nba/sacramento-kings/yearly,PF,31,$5426400,UFA,,,
Dariq Whitehead,https://www.spotrac.com/nba/player/_/id/82273/dariq-whitehead,dariq-whitehead,Brooklyn Nets,https://www.spotrac.com/nba/brooklyn-nets/yearly,SG,21,$3262560,$5366912,RFA,,
Darius Garland,https://www.spotrac.com/nba/player/_/id/31562/darius-garland,darius-garland,Cleveland Cavaliers,https://www.spotrac.com/nba/cleveland-cavaliers/yearly,PG,26,$39446090,$42166510,$44886930,UFA,
DaRon Holmes II,https://www.spotrac.com/nba/player/_/id/91791/daron-holmes-ii,daron-holmes,Denver Nuggets,https://www.spotrac.com/nba/denver-nuggets/yearly,PF,23,$3218760,$3372120,$5547138,RFA,
David Jones-Garcia,https://www.spotrac.com/nba/player/_/id/100548/david-jones-garcia,david-jones-garcia,San Antonio Spurs,https://www.spotrac.com/nba/san-antonio-spurs/yearly,SF,24,Two-Way,RFA,,,
David Roddy,https://www.spotrac.com/nba/player/_/id/78149/david-roddy,david-roddy,Toronto Raptors,https://www.spotrac.com/nba/toronto-raptors/yearly,PF,24,$0,UFA,,,
Davion Mitchell,https://www.spotrac.com/nba/player/_/id/74116/davion-mitchell,davion-mitchell,Miami Heat,https://www.spotrac.com/nba/miami-heat/yearly,PG,27,$11600000,$12400000,UFA,,
Day'Ron Sharpe,https://www.spotrac.com/nba/player/_/id/74136/dayron-sharpe,dayron-sharpe,Brooklyn Nets,https://www.spotrac.com/nba/brooklyn-nets/yearly,C,24,$5769231,$6230769,UFA,,
De'Aaron Fox,https://www.spotrac.com/nba/player/_/id/23600/deaaron-fox,deaaron-fox,San Antonio Spurs,https://www.spotrac.com/nba/san-antonio-spurs/yearly,PG,28,$37096620,$49641600,$53612928,$57584256,$61555584
Dean Wade,https://www.spotrac.com/nba/player/_/id/31963/dean-wade,dean-wade,Cleveland Cavaliers,https://www.spotrac.com/nba/cleveland-cavaliers/yearly,PF,29,$6623456,UFA,,,
Deandre Ayton,https://www.spotrac.com/nba/player/_/id/26967/deandre-ayton,deandre-ayton,Los Angeles Lakers,https://www.spotrac.com/nba/los-angeles-lakers/yearly,C,27,$8104000,$8104000,UFA,,
De'Andre Hunter,https://www.spotrac.com/nba/player/_/id/31561/deandre-hunter,deandre-hunter,Cleveland Cavaliers,https://www.spotrac.com/nba/cleveland-cavaliers/yearly,SF,28,$23303571,$24910714,UFA,,
Dejounte Murray,https://www.spotrac.com/nba/player/_/id/20234/dejounte-murray,dejounte-murray,New Orleans Pelicans,https://www.spotrac.com/nba/new-orleans-pelicans/yearly,PG,29,$30801103,$32785071,$30751504,UFA,
DeMar DeRozan,https://www.spotrac.com/nba/player/_/id/6327/demar-derozan,demar-derozan,Sacramento Kings,https://www.spotrac.com/nba/sacramento-kings/yearly,SF,36,$24750000,$25740000,UFA,,
Deni Avdija,https://www.spotrac.com/nba/player/_/id/70651/deni-avdija,deni-avdija,Portland Trail Blazers,https://www.spotrac.com/nba/portland-trail-blazers/yearly,SF,25,$14375000,$13125000,$11875000,UFA,
Dennis Schröder,https://www.spotrac.com/nba/player/_/id/13330/dennis-schr%C3%B6der,dennis-schroder,Sacramento Kings,https://www.spotrac.com/nba/sacramento-kings/yearly,PG,32,$14104000,$14809200,$15514400,UFA,
Dereck Lively II,https://www.spotrac.com/nba/player/_/id/82272/dereck-lively-ii,dereck-lively,Dallas Mavericks,https://www.spotrac.com/nba/dallas-mavericks/yearly,C,21,$5253360,$7239131,RFA,,
Derik Queen,https://www.spotrac.com/nba/player/_/id/98607/derik-queen,derik-queen,New Orleans Pelicans,https://www.spotrac.com/nba/new-orleans-pelicans/yearly,C,21,$5157960,$5416080,$5673840,$8107918,RFA
Derrick Jones Jr.,https://www.spotrac.com/nba/player/_/id/21067/derrick-jones-jr,derrick-jones,LA Clippers,https://www.spotrac.com/nba/la-clippers/yearly,SF,28,$10000000,$10476190,UFA,,
Derrick White,https://www.spotrac.com/nba/player/_/id/23624/derrick-white,derrick-white,Boston Celtics,https://www.spotrac.com/nba/boston-celtics/yearly,PG,31,$28100000,$30348000,$32596000,$34844000,UFA
Desmond Bane,https://www.spotrac.com/nba/player/_/id/70672/desmond-bane,desmond-bane,Orlando Magic,https://www.spotrac.com/nba/orlando-magic/yearly,SG,27,$36725670,$39446090,$42166510,$44886930,UFA
Devin Booker,https://www.spotrac.com/nba/player/_/id/17841/devin-booker,devin-booker,Phoenix Suns,https://www.spotrac.com/nba/phoenix-suns/yearly,SG,29,$53142264,$57078728,$61015192,$64065951,$69191227
Devin Carter,https://www.spotrac.com/nba/player/_/id/91758/devin-carter,devin-carter,Sacramento Kings,https://www.spotrac.com/nba/sacramento-kings/yearly,PG,23,$4923720,$5158080,$7370897,RFA,
Devin Vassell,https://www.spotrac.com/nba/player/_/id/70653/devin-vassell,devin-vassell,San Antonio Spurs,https://www.spotrac.com/nba/san-antonio-spurs/yearly,SG,25,$27000000,$27000000,$24652174,$27000000,UFA
Dillon Brooks,https://www.spotrac.com/nba/player/_/id/23646/dillon-brooks,dillon-brooks,Phoenix Suns,https://www.spotrac.com/nba/phoenix-suns/yearly,SF,30,$21124110,$19992727,UFA,,
Dillon Jones,https://www.spotrac.com/nba/player/_/id/91778/dillon-jones,dillon-jones,Washington Wizards,https://www.spotrac.com/nba/washington-wizards/yearly,SF,24,$2753280,$2884440,$5200646,RFA,
Domantas Sabonis,https://www.spotrac.com/nba/player/_/id/20216/domantas-sabonis,domantas-sabonis,Sacramento Kings,https://www.spotrac.com/nba/sacramento-kings/yearly,PF,29,$42336000,$45472000,$48608000,UFA,
Dominick Barlow,https://www.spotrac.com/nba/player/_/id/78565/dominick-barlow,dominick-barlow,Philadelphia 76ers,https://www.spotrac.com/nba/philadelphia-76ers/yearly,PF,22,Two-Way,UFA,,,
Donovan Clingan,https://www.spotrac.com/nba/player/_/id/91735/donovan-clingan,donovan-clingan,Portland Trail Blazers,https://www.spotrac.com/nba/portland-trail-blazers/yearly,C,21,$7178400,$7519920,$9550298,RFA,
Donovan Mitchell,https://www.spotrac.com/nba/player/_/id/23608/donovan-mitchell,donovan-mitchell,Cleveland Cavaliers,https://www.spotrac.com/nba/cleveland-cavaliers/yearly,SG,29,$46394100,$50105628,$53817156,UFA,
Donte DiVincenzo,https://www.spotrac.com/nba/player/_/id/26983/donte-divincenzo,donte-divincenzo,Minnesota Timberwolves,https://www.spotrac.com/nba/minnesota-timberwolves/yearly,SG,29,$11990000,$12535000,UFA,,
Dorian Finney-Smith,https://www.spotrac.com/nba/player/_/id/20757/dorian-finney-smith,dorian-finney-smith,Houston Rockets,https://www.spotrac.com/nba/houston-rockets/yearly,PF,32,$12700000,$13335000,$13335000,$13335000,UFA
Doug McDermott,https://www.spotrac.com/nba/player/_/id/15363/doug-mcdermott,doug-mcdermott,Sacramento Kings,https://www.spotrac.com/nba/sacramento-kings/yearly,SF,34,$2296274,UFA,,,
Drake Powell,https://www.spotrac.com/nba/player/_/id/98620/drake-powell,drake-powell,Brooklyn Nets,https://www.spotrac.com/nba/brooklyn-nets/yearly,SF,20,$3372240,$3540600,$3709320,$6101832,RFA
Draymond Green,https://www.spotrac.com/nba/player/_/id/10860/draymond-green,draymond-green,Golden State Warriors,https://www.spotrac.com/nba/golden-state-warriors/yearly,PF,35,$25892857,$27678571,UFA,,
Drew Eubanks,https://www.spotrac.com/nba/player/_/id/28052/drew-eubanks,drew-eubanks,Sacramento Kings,https://www.spotrac.com/nba/sacramento-kings/yearly,C,28,$2296274,UFA,,,
Drew Peterson,https://www.spotrac.com/nba/player/_/id/85837/drew-peterson,drew-peterson,Charlotte Hornets,https://www.spotrac.com/nba/charlotte-hornets/yearly,F,26,Two-Way,RFA,,,
Drew Timme,https://www.spotrac.com/nba/player/_/id/85973/drew-timme,drew-timme,Brooklyn Nets,https://www.spotrac.com/nba/brooklyn-nets/yearly,F,25,$1955377,RFA,,,
Dru Smith,https://www.spotrac.com/nba/player/_/id/74420/dru-smith,dru-smith,Miami Heat,https://www.spotrac.com/nba/miami-heat/yearly,SG,28,$2378870,$2584539,$2934742,UFA,
Duncan Robinson,https://www.spotrac.com/nba/player/_/id/27658/duncan-robinson,duncan-robinson,Detroit Pistons,https://www.spotrac.com/nba/detroit-pistons/yearly,SF,31,$16834692,$15992957,$15151222,UFA,
Duop Reath,https://www.spotrac.com/nba/player/_/id/86051/duop-reath,duop-reath,Portland Trail Blazers,https://www.spotrac.com/nba/portland-trail-blazers/yearly,C,29,$2221677,RFA,,,
Dwight Powell,https://www.spotrac.com/nba/player/_/id/15397/dwight-powell,dwight-powell,Dallas Mavericks,https://www.spotrac.com/nba/dallas-mavericks/yearly,C,34,$4000000,UFA,,,
Dylan Cardwell,https://www.spotrac.com/nba/player/_/id/99643/dylan-cardwell,dylan-cardwell,Sacramento Kings,https://www.spotrac.com/nba/sacramento-kings/yearly,PF,24,Two-Way,Two-Way,RFA,,
Dylan Harper,https://www.spotrac.com/nba/player/_/id/98598/dylan-harper,dylan-harper,San Antonio Spurs,https://www.spotrac.com/nba/san-antonio-spurs/yearly,PG,19,$12370320,$12989040,$13607760,$17172994,RFA
Dyson Daniels,https://www.spotrac.com/nba/player/_/id/78114/dyson-daniels,dyson-daniels,Atlanta Hawks,https://www.spotrac.com/nba/atlanta-hawks/yearly,PG,22,$7707709,RFA,,,
Egor Demin,https://www.spotrac.com/nba/player/_/id/98610/egor-demin,egor-demin,Brooklyn Nets,https://www.spotrac.com/nba/brooklyn-nets/yearly,PG,19,$6889200,$7233720,$7578240,$9639522,RFA
Eli N'Diaye,https://www.spotrac.com/nba/player/_/id/99650/eli-ndiaye,eli-ndiaye,Atlanta Hawks,https://www.spotrac.com/nba/atlanta-hawks/yearly,C,21,Two-Way,RFA,,,
Elijah Harkless,https://www.spotrac.com/nba/player/_/id/95564/elijah-harkless,elijah-harkless,Utah Jazz,https://www.spotrac.com/nba/utah-jazz/yearly,PG,25,Two-Way,RFA,,,
Emanuel Miller,https://www.spotrac.com/nba/player/_/id/94538/emanuel-miller,emanuel-miller,Chicago Bulls,https://www.spotrac.com/nba/chicago-bulls/yearly,SF,25,Two-Way,RFA,,,
Enrique Freeman,https://www.spotrac.com/nba/player/_/id/93958/enrique-freeman,enrique-freeman,Minnesota Timberwolves,https://www.spotrac.com/nba/minnesota-timberwolves/yearly,PF,25,Two-Way,RFA,,,
Eric Dixon,https://www.spotrac.com/nba/player/_/id/100567/eric-dixon,eric-dixon,Los Angeles Lakers,https://www.spotrac.com/nba/los-angeles-lakers/yearly,F,25,$0,RFA,,,
Eric Gordon,https://www.spotrac.com/nba/player/_/id/6116/eric-gordon,eric-gordon,Philadelphia 76ers,https://www.spotrac.com/nba/philadelphia-76ers/yearly,SG,37,$2296274,UFA,,,
Ethan Thompson,https://www.spotrac.com/nba/player/_/id/74413/ethan-thompson,ethan-thompson,Miami Heat,https://www.spotrac.com/nba/miami-heat/yearly,SG,26,$0,RFA,,,
Evan Mobley,https://www.spotrac.com/nba/player/_/id/74110/evan-mobley,evan-mobley,Cleveland Cavaliers,https://www.spotrac.com/nba/cleveland-cavaliers/yearly,PF,24,$46394100,$50105628,$53817156,$57528684,$61240212
Franz Wagner,https://www.spotrac.com/nba/player/_/id/74115/franz-wagner,franz-wagner,Orlando Magic,https://www.spotrac.com/nba/orlando-magic/yearly,SF,24,$38661750,$41754690,$44847630,$47940570,$51033510
Fred VanVleet,https://www.spotrac.com/nba/player/_/id/20778/fred-vanvleet,fred-vanvleet,Houston Rockets,https://www.spotrac.com/nba/houston-rockets/yearly,PG,31,$25000000,$25000000,UFA,,
Gabe Vincent,https://www.spotrac.com/nba/player/_/id/28087/gabe-vincent,gabe-vincent,Los Angeles Lakers,https://www.spotrac.com/nba/los-angeles-lakers/yearly,PG,29,$11500000,UFA,,,
Garrett Temple,https://www.spotrac.com/nba/player/_/id/6492/garrett-temple,garrett-temple,Toronto Raptors,https://www.spotrac.com/nba/toronto-raptors/yearly,SG,39,$2296274,UFA,,,
Gary Harris,https://www.spotrac.com/nba/player/_/id/15371/gary-harris,gary-harris,Milwaukee Bucks,https://www.spotrac.com/nba/milwaukee-bucks/yearly,SG,31,$3634153,$3815861,UFA,,
Gary Trent Jr.,https://www.spotrac.com/nba/player/_/id/27003/gary-trent-jr,gary-trent,Milwaukee Bucks,https://www.spotrac.com/nba/milwaukee-bucks/yearly,SG,27,$3697105,$3881960,UFA,,
Georges Niang,https://www.spotrac.com/nba/player/_/id/20256/georges-niang,georges-niang,Utah Jazz,https://www.spotrac.com/nba/utah-jazz/yearly,PF,32,$8200000,UFA,,,
G.G. Jackson,https://www.spotrac.com/nba/player/_/id/85972/gg-jackson,gg-jackson,Memphis Grizzlies,https://www.spotrac.com/nba/memphis-grizzlies/yearly,PF,21,$2221677,$2406205,UFA,,
Giannis Antetokounmpo,https://www.spotrac.com/nba/player/_/id/13328/giannis-antetokounmpo,giannis-antetokounmpo,Milwaukee Bucks,https://www.spotrac.com/nba/milwaukee-bucks/yearly,PF,31,$54126450,$58456566,$62786682,UFA,
Goga Bitadze,https://www.spotrac.com/nba/player/_/id/31575/goga-bitadze,goga-bitadze,Orlando Magic,https://www.spotrac.com/nba/orlando-magic/yearly,C,26,$8333333,$7608696,UFA,,
Gradey Dick,https://www.spotrac.com/nba/player/_/id/82204/gradey-dick,gradey-dick,Toronto Raptors,https://www.spotrac.com/nba/toronto-raptors/yearly,SG,22,$4990560,$7131511,RFA,,
Grant Williams,https://www.spotrac.com/nba/player/_/id/31579/grant-williams,grant-williams,Charlotte Hornets,https://www.spotrac.com/nba/charlotte-hornets/yearly,PF,27,$13645500,$14265750,UFA,,
Grayson Allen,https://www.spotrac.com/nba/player/_/id/26987/grayson-allen,grayson-allen,Phoenix Suns,https://www.spotrac.com/nba/phoenix-suns/yearly,SG,30,$16875000,$18125000,$19375000,UFA,
Guerschon Yabusele,https://www.spotrac.com/nba/player/_/id/20221/guerschon-yabusele,guerschon-yabusele,New York Knicks,https://www.spotrac.com/nba/new-york-knicks/yearly,PF,30,$5500000,$5775000,UFA,,
Gui Santos,https://www.spotrac.com/nba/player/_/id/78165/gui-santos,gui-santos,Golden State Warriors,https://www.spotrac.com/nba/golden-state-warriors/yearly,SF,23,$2221677,RFA,,,
Hansen Yang,https://www.spotrac.com/nba/player/_/id/99184/hansen-yang,hansen-yang,Portland Trail Blazers,https://www.spotrac.com/nba/portland-trail-blazers/yearly,C,20,$4,$4,$4864920,$7462788,RFA
Harrison Barnes,https://www.spotrac.com/nba/player/_/id/10815/harrison-barnes,harrison-barnes,San Antonio Spurs,https://www.spotrac.com/nba/san-antonio-spurs/yearly,PF,33,$19000000,UFA,,,
Harrison Ingram,https://www.spotrac.com/nba/player/_/id/91775/harrison-ingram,harrison-ingram,San Antonio Spurs,https://www.spotrac.com/nba/san-antonio-spurs/yearly,SF,23,Two-Way,RFA,,,
Hayden Gray,https://www.spotrac.com/nba/player/_/id/100539/hayden-gray,hayden-gray,Boston Celtics,https://www.spotrac.com/nba/boston-celtics/yearly,G,22,$0,RFA,,,
Haywood Highsmith,https://www.spotrac.com/nba/player/_/id/28301/haywood-highsmith,haywood-highsmith,Brooklyn Nets,https://www.spotrac.com/nba/brooklyn-nets/yearly,F,29,$5616000,UFA,,,
Herb Jones,https://www.spotrac.com/nba/player/_/id/74142/herb-jones,herb-jones,New Orleans Pelicans,https://www.spotrac.com/nba/new-orleans-pelicans/yearly,SF,27,$13937574,$14898786,$20858300,$22526964,$24195628
Hugo Gonzalez,https://www.spotrac.com/nba/player/_/id/98623/hugo-gonzalez,hugo-gonzalez,Boston Celtics,https://www.spotrac.com/nba/boston-celtics/yearly,SF,19,$2783880,$2923560,$3062640,$5528065,RFA
Hunter Dickinson,https://www.spotrac.com/nba/player/_/id/99654/hunter-dickinson,hunter-dickinson,New Orleans Pelicans,https://www.spotrac.com/nba/new-orleans-pelicans/yearly,C,25,Two-Way,RFA,,,
Hunter Sallis,https://www.spotrac.com/nba/player/_/id/91789/hunter-sallis,hunter-sallis,Philadelphia 76ers,https://www.spotrac.com/nba/philadelphia-76ers/yearly,SG,22,Two-Way,RFA,,,
Hunter Tyson,https://www.spotrac.com/nba/player/_/id/84466/hunter-tyson,hunter-tyson,Denver Nuggets,https://www.spotrac.com/nba/denver-nuggets/yearly,SF,25,$2221677,$2406205,UFA,,
Igor Milicic Jr.,https://www.spotrac.com/nba/player/_/id/99971/igor-milicic-jr,igor-milicic,Philadelphia 76ers,https://www.spotrac.com/nba/philadelphia-76ers/yearly,F,23,$0,RFA,,,
Immanuel Quickley,https://www.spotrac.com/nba/player/_/id/70667/immanuel-quickley,immanuel-quickley,Toronto Raptors,https://www.spotrac.com/nba/toronto-raptors/yearly,PG,26,$32500000,$32500000,$32500000,$32500000,UFA
Isaac Jones,https://www.spotrac.com/nba/player/_/id/94481/isaac-jones,isaac-jones,Sacramento Kings,https://www.spotrac.com/nba/sacramento-kings/yearly,C,25,$1955377,RFA,,,
Isaac Okoro,https://www.spotrac.com/nba/player/_/id/70647/isaac-okoro,isaac-okoro,Chicago Bulls,https://www.spotrac.com/nba/chicago-bulls/yearly,SG,25,$11000000,$11814814,UFA,,
Isaiah Collier,https://www.spotrac.com/nba/player/_/id/91753/isaiah-collier,isaiah-collier,Utah Jazz,https://www.spotrac.com/nba/utah-jazz/yearly,PG,21,$2638200,$2763960,$4988948,RFA,
Isaiah Crawford,https://www.spotrac.com/nba/player/_/id/94482/isaiah-crawford,isaiah-crawford,Houston Rockets,https://www.spotrac.com/nba/houston-rockets/yearly,G,24,Two-Way,RFA,,,
Isaiah Hartenstein,https://www.spotrac.com/nba/player/_/id/23644/isaiah-hartenstein,isaiah-hartenstein,Oklahoma City Thunder,https://www.spotrac.com/nba/oklahoma-city-thunder/yearly,C,27,$28500000,$28500000,UFA,,
Isaiah Jackson,https://www.spotrac.com/nba/player/_/id/74129/isaiah-jackson,isaiah-jackson,Indiana Pacers,https://www.spotrac.com/nba/indiana-pacers/yearly,PF,24,$7600000,$7000000,$6400000,UFA,
Isaiah Joe,https://www.spotrac.com/nba/player/_/id/70691/isaiah-joe,isaiah-joe,Oklahoma City Thunder,https://www.spotrac.com/nba/oklahoma-city-thunder/yearly,SG,26,$12362338,$11323006,$11323006,UFA,
Isaiah Livers,https://www.spotrac.com/nba/player/_/id/74149/isaiah-livers,isaiah-livers,Phoenix Suns,https://www.spotrac.com/nba/phoenix-suns/yearly,SF,27,Two-Way,RFA,,,
Isaiah Stevens,https://www.spotrac.com/nba/player/_/id/94497/isaiah-stevens,isaiah-stevens,Sacramento Kings,https://www.spotrac.com/nba/sacramento-kings/yearly,PG,25,Two-Way,RFA,,,
Isaiah Stewart,https://www.spotrac.com/nba/player/_/id/70658/isaiah-stewart,isaiah-stewart,Detroit Pistons,https://www.spotrac.com/nba/detroit-pistons/yearly,C,24,$15000000,$15000000,$15000000,UFA,
Ivica Zubac,https://www.spotrac.com/nba/player/_/id/20238/ivica-zubac,ivica-zubac,LA Clippers,https://www.spotrac.com/nba/la-clippers/yearly,C,28,$18102000,$19550160,$20998320,UFA,
Ja Morant,https://www.spotrac.com/nba/player/_/id/31559/ja-morant,ja-morant,Memphis Grizzlies,https://www.spotrac.com/nba/memphis-grizzlies/yearly,PG,26,$39446090,$42166510,$44886930,UFA,
Jabari Smith Jr.,https://www.spotrac.com/nba/player/_/id/78109/jabari-smith-jr,jabari-smith,Houston Rockets,https://www.spotrac.com/nba/houston-rockets/yearly,PF,22,$12350392,$23643411,$21751940,$23643411,$25534883
Jabari Walker,https://www.spotrac.com/nba/player/_/id/78167/jabari-walker,jabari-walker,Philadelphia 76ers,https://www.spotrac.com/nba/philadelphia-76ers/yearly,SF,23,Two-Way,RFA,,,
Jackson Rowe,https://www.spotrac.com/nba/player/_/id/95270/jackson-rowe,jackson-rowe,Golden State Warriors,https://www.spotrac.com/nba/golden-state-warriors/yearly,F,29,Two-Way,RFA,,,
Jacob Toppin,https://www.spotrac.com/nba/player/_/id/84769/jacob-toppin,jacob-toppin,Atlanta Hawks,https://www.spotrac.com/nba/atlanta-hawks/yearly,SF,25,Two-Way,RFA,,,
Jaden Hardy,https://www.spotrac.com/nba/player/_/id/78130/jaden-hardy,jaden-hardy,Dallas Mavericks,https://www.spotrac.com/nba/dallas-mavericks/yearly,SG,23,$6000000,$6000000,$6000000,UFA,
Jaden Ivey,https://www.spotrac.com/nba/player/_/id/78111/jaden-ivey,jaden-ivey,Detroit Pistons,https://www.spotrac.com/nba/detroit-pistons/yearly,SG,23,$10107163,RFA,,,
Jaden McDaniels,https://www.spotrac.com/nba/player/_/id/70670/jaden-mcdaniels,jaden-mcdaniels,Minnesota Timberwolves,https://www.spotrac.com/nba/minnesota-timberwolves/yearly,PF,25,$24393103,$26200000,$28006898,$29813790,UFA
Jaden Springer,https://www.spotrac.com/nba/player/_/id/74135/jaden-springer,jaden-springer,New Orleans Pelicans,https://www.spotrac.com/nba/new-orleans-pelicans/yearly,PG,23,$0,UFA,,,
Jae’Sean Tate,https://www.spotrac.com/nba/player/_/id/70758/jaesean-tate,jaesean-tate,Houston Rockets,https://www.spotrac.com/nba/houston-rockets/yearly,SF,30,$2296274,UFA,,,
Jaime Jaquez Jr.,https://www.spotrac.com/nba/player/_/id/82323/jaime-jaquez-jr,jaime-jaquez,Miami Heat,https://www.spotrac.com/nba/miami-heat/yearly,SF,24,$3861600,$5939141,RFA,,
Jake LaRavia,https://www.spotrac.com/nba/player/_/id/78141/jake-laravia,jake-laravia,Los Angeles Lakers,https://www.spotrac.com/nba/los-angeles-lakers/yearly,PF,24,$6000000,$6000000,UFA,,
Jakob Poeltl,https://www.spotrac.com/nba/player/_/id/20214/jakob-poeltl,jakob-poeltl,Toronto Raptors,https://www.spotrac.com/nba/toronto-raptors/yearly,C,30,$19500000,$19500000,UFA,$29484000,$27300000
Ja'Kobe Walter,https://www.spotrac.com/nba/player/_/id/91754/jakobe-walter,jakobe-walter,Toronto Raptors,https://www.spotrac.com/nba/toronto-raptors/yearly,SG,21,$3638160,$3811800,$5870172,RFA,
Jalen Brunson,https://www.spotrac.com/nba/player/_/id/26999/jalen-brunson,jalen-brunson,New York Knicks,https://www.spotrac.com/nba/new-york-knicks/yearly,PG,29,$34944001,$37739521,$40535041,$43330561,UFA
Jalen Duren,https://www.spotrac.com/nba/player/_/id/78116/jalen-duren,jalen-duren,Detroit Pistons,https://www.spotrac.com/nba/detroit-pistons/yearly,C,22,$6483144,RFA,,,
Jalen Green,https://www.spotrac.com/nba/player/_/id/74109/jalen-green,jalen-green,Phoenix Suns,https://www.spotrac.com/nba/phoenix-suns/yearly,SG,23,$33584499,$36251166,$36000000,UFA,
Jalen Johnson,https://www.spotrac.com/nba/player/_/id/74127/jalen-johnson,jalen-johnson,Atlanta Hawks,https://www.spotrac.com/nba/atlanta-hawks/yearly,SF,24,$30000000,$30000000,$30000000,$30000000,$30000000
Jalen Pickett,https://www.spotrac.com/nba/player/_/id/84465/jalen-pickett,jalen-pickett,Denver Nuggets,https://www.spotrac.com/nba/denver-nuggets/yearly,PG,26,$2221677,$2406205,UFA,,
Jalen Smith,https://www.spotrac.com/nba/player/_/id/70652/jalen-smith,jalen-smith,Chicago Bulls,https://www.spotrac.com/nba/chicago-bulls/yearly,PF,25,$9000000,$9428571,UFA,,
Jalen Suggs,https://www.spotrac.com/nba/player/_/id/74112/jalen-suggs,jalen-suggs,Orlando Magic,https://www.spotrac.com/nba/orlando-magic/yearly,SG,24,$35000000,$32400000,$29600000,$26800000,$26700000
Jalen Williams,https://www.spotrac.com/nba/player/_/id/78126/jalen-williams,jalen-williams,Oklahoma City Thunder,https://www.spotrac.com/nba/oklahoma-city-thunder/yearly,SF,24,$6580997,$41368000,$44677440,$47986880,$51296320
Jalen Wilson,https://www.spotrac.com/nba/player/_/id/84477/jalen-wilson,jalen-wilson,Brooklyn Nets,https://www.spotrac.com/nba/brooklyn-nets/yearly,PF,25,$2221677,RFA,,,
Jamal Cain,https://www.spotrac.com/nba/player/_/id/78584/jamal-cain,jamal-cain,Orlando Magic,https://www.spotrac.com/nba/orlando-magic/yearly,SF,26,Two-Way,RFA,,,
Jamal Murray,https://www.spotrac.com/nba/player/_/id/20212/jamal-murray,jamal-murray,Denver Nuggets,https://www.spotrac.com/nba/denver-nuggets/yearly,PG,28,$46394100,$50105628,$53817156,$57528684,UFA
Jamal Shead,https://www.spotrac.com/nba/player/_/id/93955/jamal-shead,jamal-shead,Toronto Raptors,https://www.spotrac.com/nba/toronto-raptors/yearly,PG,23,$1955377,$2296271,RFA,,
Jamaree Bouyea,https://www.spotrac.com/nba/player/_/id/78578/jamaree-bouyea,jamaree-bouyea,Milwaukee Bucks,https://www.spotrac.com/nba/milwaukee-bucks/yearly,PG,26,Two-Way,RFA,,,
James Harden,https://www.spotrac.com/nba/player/_/id/6312/james-harden,james-harden,LA Clippers,https://www.spotrac.com/nba/la-clippers/yearly,SG,36,$39182693,$42317307,UFA,,
James Wiseman,https://www.spotrac.com/nba/player/_/id/70644/james-wiseman,james-wiseman,Indiana Pacers,https://www.spotrac.com/nba/indiana-pacers/yearly,C,24,$2667947,$3018158,UFA,,
Jamir Watkins,https://www.spotrac.com/nba/player/_/id/99257/jamir-watkins,jamir-watkins,Washington Wizards,https://www.spotrac.com/nba/washington-wizards/yearly,G,24,Two-Way,RFA,,,
Jamison Battle,https://www.spotrac.com/nba/player/_/id/95121/jamison-battle,jamison-battle,Toronto Raptors,https://www.spotrac.com/nba/toronto-raptors/yearly,SF,24,$1955377,$2296271,RFA,,
Jarace Walker,https://www.spotrac.com/nba/player/_/id/82201/jarace-walker,jarace-walker,Indiana Pacers,https://www.spotrac.com/nba/indiana-pacers/yearly,PF,22,$6665520,$8478542,RFA,,
Jared Butler,https://www.spotrac.com/nba/player/_/id/74147/jared-butler,jared-butler,Phoenix Suns,https://www.spotrac.com/nba/phoenix-suns/yearly,PG,25,$0,UFA,,,
Jared McCain,https://www.spotrac.com/nba/player/_/id/91760/jared-mccain,jared-mccain,Philadelphia 76ers,https://www.spotrac.com/nba/philadelphia-76ers/yearly,PG,21,$4221360,$4422600,$6784268,RFA,
Jaren Jackson Jr.,https://www.spotrac.com/nba/player/_/id/26970/jaren-jackson-jr,jaren-jackson,Memphis Grizzlies,https://www.spotrac.com/nba/memphis-grizzlies/yearly,PF,26,$35000000,UFA,$50500000,$52000000,$53500000
Jarred Vanderbilt,https://www.spotrac.com/nba/player/_/id/27007/jarred-vanderbilt,jarred-vanderbilt,Los Angeles Lakers,https://www.spotrac.com/nba/los-angeles-lakers/yearly,PF,26,$11571429,$12428571,$13285714,UFA,
Jarrett Allen,https://www.spotrac.com/nba/player/_/id/23617/jarrett-allen,jarrett-allen,Cleveland Cavaliers,https://www.spotrac.com/nba/cleveland-cavaliers/yearly,C,27,$20000000,$28000000,$30240000,$32480000,UFA
Jase Richardson,https://www.spotrac.com/nba/player/_/id/98604/jase-richardson,jase-richardson,Orlando Magic,https://www.spotrac.com/nba/orlando-magic/yearly,SG,20,$2983320,$3132360,$3282000,$5910882,RFA
Jason Preston,https://www.spotrac.com/nba/player/_/id/74140/jason-preston,jason-preston,LA Clippers,https://www.spotrac.com/nba/la-clippers/yearly,PG,26,$0,UFA,,,
Javon Small,https://www.spotrac.com/nba/player/_/id/99261/javon-small,javon-small,Memphis Grizzlies,https://www.spotrac.com/nba/memphis-grizzlies/yearly,G,23,Two-Way,Two-Way,RFA,,
Javonte Green,https://www.spotrac.com/nba/player/_/id/32409/javonte-green,javonte-green,Detroit Pistons,https://www.spotrac.com/nba/detroit-pistons/yearly,SG,32,$2296274,UFA,,,
Jaxson Hayes,https://www.spotrac.com/nba/player/_/id/31565/jaxson-hayes,jaxson-hayes,Los Angeles Lakers,https://www.spotrac.com/nba/los-angeles-lakers/yearly,C,25,$3449323,UFA,,,
Jay Huff,https://www.spotrac.com/nba/player/_/id/74262/jay-huff,jay-huff,Indiana Pacers,https://www.spotrac.com/nba/indiana-pacers/yearly,C,27,$2349578,$2667944,$3005085,UFA,
Jaylen Brown,https://www.spotrac.com/nba/player/_/id/20208/jaylen-brown,jaylen-brown,Boston Celtics,https://www.spotrac.com/nba/boston-celtics/yearly,SF,29,$53142264,$57078728,$61015192,$64951656,UFA
Jaylen Clark,https://www.spotrac.com/nba/player/_/id/84479/jaylen-clark,jaylen-clark,Minnesota Timberwolves,https://www.spotrac.com/nba/minnesota-timberwolves/yearly,SG,24,$2191897,RFA,,,
Jaylen Wells,https://www.spotrac.com/nba/player/_/id/93952/jaylen-wells,jaylen-wells,Memphis Grizzlies,https://www.spotrac.com/nba/memphis-grizzlies/yearly,SG,22,$1955377,$2296271,$2486995,UFA,
Jaylin Williams,https://www.spotrac.com/nba/player/_/id/78150/jaylin-williams,jaylin-williams,Oklahoma City Thunder,https://www.spotrac.com/nba/oklahoma-city-thunder/yearly,C,23,$8450704,$7774648,$7774648,UFA,
Jaylon Tyson,https://www.spotrac.com/nba/player/_/id/91773/jaylon-tyson,jaylon-tyson,Cleveland Cavaliers,https://www.spotrac.com/nba/cleveland-cavaliers/yearly,SG,23,$3492480,$3658560,$5641500,RFA,
Jayson Tatum,https://www.spotrac.com/nba/player/_/id/23598/jayson-tatum,jayson-tatum,Boston Celtics,https://www.spotrac.com/nba/boston-celtics/yearly,PF,27,$54126450,$58456566,$62786682,$67116798,$71446914
J.D. Davison,https://www.spotrac.com/nba/player/_/id/78163/jd-davison,jd-davison,Houston Rockets,https://www.spotrac.com/nba/houston-rockets/yearly,PG,23,Two-Way,UFA,,,
Jeff Green,https://www.spotrac.com/nba/player/_/id/2720/jeff-green,jeff-green,Houston Rockets,https://www.spotrac.com/nba/houston-rockets/yearly,PF,39,$2296274,UFA,,,
Jerami Grant,https://www.spotrac.com/nba/player/_/id/15391/jerami-grant,jerami-grant,Portland Trail Blazers,https://www.spotrac.com/nba/portland-trail-blazers/yearly,PF,31,$32000001,$34206898,$36413790,UFA,
Jeremiah Fears,https://www.spotrac.com/nba/player/_/id/98603/jeremiah-fears,jeremiah-fears,New Orleans Pelicans,https://www.spotrac.com/nba/new-orleans-pelicans/yearly,PG,19,$7520040,$7896240,$8271960,$10505389,RFA
Jeremy Sochan,https://www.spotrac.com/nba/player/_/id/78122/jeremy-sochan,jeremy-sochan,San Antonio Spurs,https://www.spotrac.com/nba/san-antonio-spurs/yearly,PF,22,$7096231,RFA,,,
Jericho Sims,https://www.spotrac.com/nba/player/_/id/74166/jericho-sims,jericho-sims,Milwaukee Bucks,https://www.spotrac.com/nba/milwaukee-bucks/yearly,C,27,$2461463,$2801346,UFA,,
Jett Howard,https://www.spotrac.com/nba/player/_/id/82211/jett-howard,jett-howard,Orlando Magic,https://www.spotrac.com/nba/orlando-magic/yearly,SG,22,$5529720,$7337939,RFA,,
Jevon Carter,https://www.spotrac.com/nba/player/_/id/26998/jevon-carter,jevon-carter,Chicago Bulls,https://www.spotrac.com/nba/chicago-bulls/yearly,PG,30,$6809524,UFA,,,
Jimmy Butler,https://www.spotrac.com/nba/player/_/id/8081/jimmy-butler,jimmy-butler,Golden State Warriors,https://www.spotrac.com/nba/golden-state-warriors/yearly,SF,36,$54126450,$56832773,UFA,,
Joan Beringer,https://www.spotrac.com/nba/player/_/id/98624/joan-beringer,joan-beringer,Minnesota Timberwolves,https://www.spotrac.com/nba/minnesota-timberwolves/yearly,C,19,$4201080,$4411200,$4621200,$7098163,RFA
Jock Landale,https://www.spotrac.com/nba/player/_/id/74215/jock-landale,jock-landale,Memphis Grizzlies,https://www.spotrac.com/nba/memphis-grizzlies/yearly,C,30,$2296274,UFA,,,
Joe Ingles,https://www.spotrac.com/nba/player/_/id/15852/joe-ingles,joe-ingles,Minnesota Timberwolves,https://www.spotrac.com/nba/minnesota-timberwolves/yearly,SF,38,$2296274,UFA,,,
Joel Embiid,https://www.spotrac.com/nba/player/_/id/15355/joel-embiid,joel-embiid,Philadelphia 76ers,https://www.spotrac.com/nba/philadelphia-76ers/yearly,C,31,$55224526,$57915200,$62548416,$67181632,UFA
John Collins,https://www.spotrac.com/nba/player/_/id/23614/john-collins,john-collins,LA Clippers,https://www.spotrac.com/nba/la-clippers/yearly,PF,28,$26580000,UFA,,,
John Konchar,https://www.spotrac.com/nba/player/_/id/32170/john-konchar,john-konchar,Memphis Grizzlies,https://www.spotrac.com/nba/memphis-grizzlies/yearly,SG,29,$6165000,$6165000,UFA,,
Johni Broome,https://www.spotrac.com/nba/player/_/id/98634/johni-broome,johni-broome,Philadelphia 76ers,https://www.spotrac.com/nba/philadelphia-76ers/yearly,C,23,$1272870,$2150917,$2525901,$2735698,UFA
Johnny Furphy,https://www.spotrac.com/nba/player/_/id/91768/johnny-furphy,johnny-furphy,Indiana Pacers,https://www.spotrac.com/nba/indiana-pacers/yearly,SG,21,$1955377,$2296271,$2486995,UFA,
Jonas Valanciunas,https://www.spotrac.com/nba/player/_/id/8055/jonas-valanciunas,jonas-valanciunas,Denver Nuggets,https://www.spotrac.com/nba/denver-nuggets/yearly,C,33,$10395000,$10000000,UFA,,
Jonathan Isaac,https://www.spotrac.com/nba/player/_/id/23601/jonathan-isaac,jonathan-isaac,Orlando Magic,https://www.spotrac.com/nba/orlando-magic/yearly,PF,28,$15000000,$14500000,$14500000,$15000000,UFA
Jonathan Mogbo,https://www.spotrac.com/nba/player/_/id/92956/jonathan-mogbo,jonathan-mogbo,Toronto Raptors,https://www.spotrac.com/nba/toronto-raptors/yearly,C,24,$1955377,$2296271,RFA,,
Jordan Clarkson,https://www.spotrac.com/nba/player/_/id/15398/jordan-clarkson,jordan-clarkson,New York Knicks,https://www.spotrac.com/nba/new-york-knicks/yearly,SG,33,$2296274,UFA,,,
Jordan Goodwin,https://www.spotrac.com/nba/player/_/id/74333/jordan-goodwin,jordan-goodwin,Phoenix Suns,https://www.spotrac.com/nba/phoenix-suns/yearly,PG,27,$2349578,UFA,,,
Jordan Hawkins,https://www.spotrac.com/nba/player/_/id/82208/jordan-hawkins,jordan-hawkins,New Orleans Pelicans,https://www.spotrac.com/nba/new-orleans-pelicans/yearly,SG,23,$4741320,$7021895,RFA,,
Jordan McLaughlin,https://www.spotrac.com/nba/player/_/id/27975/jordan-mclaughlin,jordan-mclaughlin,San Antonio Spurs,https://www.spotrac.com/nba/san-antonio-spurs/yearly,PG,29,$2296274,UFA,,,
Jordan Miller,https://www.spotrac.com/nba/player/_/id/84474/jordan-miller,jordan-miller,LA Clippers,https://www.spotrac.com/nba/la-clippers/yearly,SF,26,Two-Way,RFA,,,
Jordan Poole,https://www.spotrac.com/nba/player/_/id/31587/jordan-poole,jordan-poole,New Orleans Pelicans,https://www.spotrac.com/nba/new-orleans-pelicans/yearly,SG,26,$31848215,$34044642,UFA,,
Jordan Walsh,https://www.spotrac.com/nba/player/_/id/84467/jordan-walsh,jordan-walsh,Boston Celtics,https://www.spotrac.com/nba/boston-celtics/yearly,SF,21,$2221677,$2406205,UFA,,
Jose Alvarado,https://www.spotrac.com/nba/player/_/id/74331/jose-alvarado,jose-alvarado,New Orleans Pelicans,https://www.spotrac.com/nba/new-orleans-pelicans/yearly,PG,27,$4500000,$4500000,UFA,,
Josh Green,https://www.spotrac.com/nba/player/_/id/70660/josh-green,josh-green,Charlotte Hornets,https://www.spotrac.com/nba/charlotte-hornets/yearly,SG,25,$13666667,$14679012,UFA,,
Josh Hart,https://www.spotrac.com/nba/player/_/id/23625/josh-hart,josh-hart,New York Knicks,https://www.spotrac.com/nba/new-york-knicks/yearly,SG,30,$19472240,$20923760,$22375280,UFA,
Josh Minott,https://www.spotrac.com/nba/player/_/id/78156/josh-minott,josh-minott,Boston Celtics,https://www.spotrac.com/nba/boston-celtics/yearly,SF,23,$2378870,$2584539,UFA,,
Josh Okogie,https://www.spotrac.com/nba/player/_/id/26986/josh-okogie,josh-okogie,Houston Rockets,https://www.spotrac.com/nba/houston-rockets/yearly,SG,27,$2296274,UFA,,,
Jrue Holiday,https://www.spotrac.com/nba/player/_/id/6316/jrue-holiday,jrue-holiday,Portland Trail Blazers,https://www.spotrac.com/nba/portland-trail-blazers/yearly,PG,35,$32400000,$34800000,$37200000,UFA,
Julian Champagnie,https://www.spotrac.com/nba/player/_/id/78268/julian-champagnie,julian-champagnie,San Antonio Spurs,https://www.spotrac.com/nba/san-antonio-spurs/yearly,SF,24,$3000000,$3000000,UFA,,
Julian Phillips,https://www.spotrac.com/nba/player/_/id/84444/julian-phillips,julian-phillips,Chicago Bulls,https://www.spotrac.com/nba/chicago-bulls/yearly,SF,22,$2221677,$2406205,UFA,,
Julian Strawther,https://www.spotrac.com/nba/player/_/id/84463/julian-strawther,julian-strawther,Denver Nuggets,https://www.spotrac.com/nba/denver-nuggets/yearly,SF,23,$2674200,$4826931,RFA,,
Julius Randle,https://www.spotrac.com/nba/player/_/id/15359/julius-randle,julius-randle,Minnesota Timberwolves,https://www.spotrac.com/nba/minnesota-timberwolves/yearly,PF,31,$30864198,$33333334,$35802468,UFA,
Justin Champagnie,https://www.spotrac.com/nba/player/_/id/74240/justin-champagnie,justin-champagnie,Washington Wizards,https://www.spotrac.com/nba/washington-wizards/yearly,SF,24,$2349578,$2667944,$3005085,UFA,
Justin Edwards,https://www.spotrac.com/nba/player/_/id/91770/justin-edwards,justin-edwards,Philadelphia 76ers,https://www.spotrac.com/nba/philadelphia-76ers/yearly,SG,22,$2048494,$2411090,$2616754,UFA,
Jusuf Nurkic,https://www.spotrac.com/nba/player/_/id/15368/jusuf-nurkic,jusuf-nurkic,Utah Jazz,https://www.spotrac.com/nba/utah-jazz/yearly,C,31,$19375000,UFA,,,
Kam Jones,https://www.spotrac.com/nba/player/_/id/98618/kam-jones,kam-jones,Indiana Pacers,https://www.spotrac.com/nba/indiana-pacers/yearly,PG,23,$1272870,$2150917,$2525901,$2735698,UFA
Karl-Anthony Towns,https://www.spotrac.com/nba/player/_/id/17829/karl-anthony-towns,karl-anthony-towns,New York Knicks,https://www.spotrac.com/nba/new-york-knicks/yearly,C,30,$53142264,$57078728,$61015192,UFA,
Karlo Matkovic,https://www.spotrac.com/nba/player/_/id/78144/karlo-matkovic,karlo-matkovic,New Orleans Pelicans,https://www.spotrac.com/nba/new-orleans-pelicans/yearly,PF,24,$1955377,$2296271,RFA,,
Kasparas Jakucionis,https://www.spotrac.com/nba/player/_/id/98605/kasparas-jakucionis,kasparas-jakucionis,Miami Heat,https://www.spotrac.com/nba/miami-heat/yearly,PG,19,$3658800,$3841680,$4024440,$6205687,RFA
Kawhi Leonard,https://www.spotrac.com/nba/player/_/id/8066/kawhi-leonard,kawhi-leonard,LA Clippers,https://www.spotrac.com/nba/la-clippers/yearly,SF,34,$50000000,$50300000,UFA,,
Keaton Wallace,https://www.spotrac.com/nba/player/_/id/79960/keaton-wallace,keaton-wallace,Atlanta Hawks,https://www.spotrac.com/nba/atlanta-hawks/yearly,G,26,Two-Way,RFA,,,
Keegan Murray,https://www.spotrac.com/nba/player/_/id/78112/keegan-murray,keegan-murray,Sacramento Kings,https://www.spotrac.com/nba/sacramento-kings/yearly,PF,25,$11144093,RFA,,,
Keldon Johnson,https://www.spotrac.com/nba/player/_/id/31588/keldon-johnson,keldon-johnson,San Antonio Spurs,https://www.spotrac.com/nba/san-antonio-spurs/yearly,SF,26,$17500000,$17500000,UFA,,
Kel'el Ware,https://www.spotrac.com/nba/player/_/id/91767/kelel-ware,kelel-ware,Miami Heat,https://www.spotrac.com/nba/miami-heat/yearly,C,21,$4443360,$4654920,$7135992,RFA,
Kelly Olynyk,https://www.spotrac.com/nba/player/_/id/13326/kelly-olynyk,kelly-olynyk,San Antonio Spurs,https://www.spotrac.com/nba/san-antonio-spurs/yearly,PF,34,$13445122,UFA,,,
Kelly Oubre Jr.,https://www.spotrac.com/nba/player/_/id/17843/kelly-oubre-jr,kelly-oubre,Philadelphia 76ers,https://www.spotrac.com/nba/philadelphia-76ers/yearly,SF,30,$8382150,UFA,,,
Kenrich Williams,https://www.spotrac.com/nba/player/_/id/27758/kenrich-williams,kenrich-williams,Oklahoma City Thunder,https://www.spotrac.com/nba/oklahoma-city-thunder/yearly,PF,31,$7163000,$7163000,UFA,,
Kentavious Caldwell-Pope,https://www.spotrac.com/nba/player/_/id/13321/kentavious-caldwell-pope,kentavious-caldwell-pope,Memphis Grizzlies,https://www.spotrac.com/nba/memphis-grizzlies/yearly,SG,32,$21621500,$21621500,UFA,,
Kenyon Martin Jr.,https://www.spotrac.com/nba/player/_/id/70694/kenyon-martin-jr,kenyon-martin,Utah Jazz,https://www.spotrac.com/nba/utah-jazz/yearly,SF,25,$8025000,UFA,,,
Keon Ellis,https://www.spotrac.com/nba/player/_/id/78267/keon-ellis,keon-ellis,Sacramento Kings,https://www.spotrac.com/nba/sacramento-kings/yearly,SF,26,$2301587,UFA,,,
Keon Johnson,https://www.spotrac.com/nba/player/_/id/74128/keon-johnson,keon-johnson,Brooklyn Nets,https://www.spotrac.com/nba/brooklyn-nets/yearly,SG,23,$2349578,UFA,,,
Keshad Johnson,https://www.spotrac.com/nba/player/_/id/91786/keshad-johnson,keshad-johnson,Miami Heat,https://www.spotrac.com/nba/miami-heat/yearly,PF,24,$1955377,RFA,,,
Kessler Edwards,https://www.spotrac.com/nba/player/_/id/74151/kessler-edwards,kessler-edwards,Denver Nuggets,https://www.spotrac.com/nba/denver-nuggets/yearly,SF,25,$0,UFA,,,
Kevin Durant,https://www.spotrac.com/nba/player/_/id/2717/kevin-durant,kevin-durant,Houston Rockets,https://www.spotrac.com/nba/houston-rockets/yearly,SF,37,$54708609,UFA,,,
Kevin Huerter,https://www.spotrac.com/nba/player/_/id/26985/kevin-huerter,kevin-huerter,Chicago Bulls,https://www.spotrac.com/nba/chicago-bulls/yearly,SG,27,$17991071,UFA,,,
Kevin Love,https://www.spotrac.com/nba/player/_/id/6132/kevin-love,kevin-love,Utah Jazz,https://www.spotrac.com/nba/utah-jazz/yearly,C,37,$4150000,UFA,,,
Kevin Porter Jr.,https://www.spotrac.com/nba/player/_/id/31589/kevin-porter-jr,kevin-porter,Milwaukee Bucks,https://www.spotrac.com/nba/milwaukee-bucks/yearly,PG,25,$5134000,$5390700,UFA,,
Kevon Harris,https://www.spotrac.com/nba/player/_/id/70771/kevon-harris,kevon-harris,Houston Rockets,https://www.spotrac.com/nba/houston-rockets/yearly,SG,28,Two-Way,RFA,,,
Kevon Looney,https://www.spotrac.com/nba/player/_/id/17858/kevon-looney,kevon-looney,New Orleans Pelicans,https://www.spotrac.com/nba/new-orleans-pelicans/yearly,C,29,$8000000,$8000000,UFA,,
Keyonte George,https://www.spotrac.com/nba/player/_/id/82209/keyonte-george,keyonte-george,Utah Jazz,https://www.spotrac.com/nba/utah-jazz/yearly,SG,22,$4278960,$6563925,RFA,,
Khaman Maluach,https://www.spotrac.com/nba/player/_/id/98606/khaman-maluach,khaman-maluach,Phoenix Suns,https://www.spotrac.com/nba/phoenix-suns/yearly,C,19,$6016080,$6316680,$6617160,$8436880,RFA
Khris Middleton,https://www.spotrac.com/nba/player/_/id/10864/khris-middleton,khris-middleton,Washington Wizards,https://www.spotrac.com/nba/washington-wizards/yearly,SF,34,$33296296,UFA,,,
K.J. Simpson,https://www.spotrac.com/nba/player/_/id/91788/kj-simpson,kj-simpson,Charlotte Hornets,https://www.spotrac.com/nba/charlotte-hornets/yearly,PG,23,Two-Way,RFA,,,
Klay Thompson,https://www.spotrac.com/nba/player/_/id/8062/klay-thompson,klay-thompson,Dallas Mavericks,https://www.spotrac.com/nba/dallas-mavericks/yearly,SG,35,$16666667,$17460317,UFA,,
Kobe Brown,https://www.spotrac.com/nba/player/_/id/84464/kobe-brown,kobe-brown,LA Clippers,https://www.spotrac.com/nba/la-clippers/yearly,PF,26,$2654880,$4792059,RFA,,
Kobe Bufkin,https://www.spotrac.com/nba/player/_/id/82271/kobe-bufkin,kobe-bufkin,Atlanta Hawks,https://www.spotrac.com/nba/atlanta-hawks/yearly,PG,22,$4503720,$6904203,RFA,,
Kobe Sanders,https://www.spotrac.com/nba/player/_/id/99262/kobe-sanders,kobe-sanders,LA Clippers,https://www.spotrac.com/nba/la-clippers/yearly,G,23,Two-Way,Two-Way,RFA,,
Koby Brea,https://www.spotrac.com/nba/player/_/id/99256/koby-brea,koby-brea,Phoenix Suns,https://www.spotrac.com/nba/phoenix-suns/yearly,G,23,Two-Way,RFA,,,
Kon Knueppel,https://www.spotrac.com/nba/player/_/id/98602/kon-knueppel,kon-knueppel,Charlotte Hornets,https://www.spotrac.com/nba/charlotte-hornets/yearly,SF,20,$10015680,$10516560,$11017560,$13937214,RFA
Kris Dunn,https://www.spotrac.com/nba/player/_/id/20210/kris-dunn,kris-dunn,LA Clippers,https://www.spotrac.com/nba/la-clippers/yearly,PG,31,$5426400,$5684800,UFA,,
Kris Murray,https://www.spotrac.com/nba/player/_/id/82275/kris-murray,kris-murray,Portland Trail Blazers,https://www.spotrac.com/nba/portland-trail-blazers/yearly,PF,25,$3132000,$5315004,RFA,,
Kristaps Porzingis,https://www.spotrac.com/nba/player/_/id/17832/kristaps-porzingis,kristaps-porzingis,Atlanta Hawks,https://www.spotrac.com/nba/atlanta-hawks/yearly,PF,30,$30731707,UFA,,,
Kyle Anderson,https://www.spotrac.com/nba/player/_/id/15382/kyle-anderson,kyle-anderson,Utah Jazz,https://www.spotrac.com/nba/utah-jazz/yearly,PF,32,$9219512,$9658536,UFA,,
Kyle Filipowski,https://www.spotrac.com/nba/player/_/id/91757/kyle-filipowski,kyle-filipowski,Utah Jazz,https://www.spotrac.com/nba/utah-jazz/yearly,PF,22,$3000000,$3000000,$3000000,RFA,
Kyle Kuzma,https://www.spotrac.com/nba/player/_/id/23622/kyle-kuzma,kyle-kuzma,Milwaukee Bucks,https://www.spotrac.com/nba/milwaukee-bucks/yearly,PF,30,$22410605,$20345152,UFA,,
Kyle Lowry,https://www.spotrac.com/nba/player/_/id/2536/kyle-lowry,kyle-lowry,Philadelphia 76ers,https://www.spotrac.com/nba/philadelphia-76ers/yearly,PG,39,$2296274,UFA,,,
Kyrie Irving,https://www.spotrac.com/nba/player/_/id/8051/kyrie-irving,kyrie-irving,Dallas Mavericks,https://www.spotrac.com/nba/dallas-mavericks/yearly,PG,33,$36566002,$39491282,$42416562,UFA,
Kyshawn George,https://www.spotrac.com/nba/player/_/id/91765/kyshawn-george,kyshawn-george,Washington Wizards,https://www.spotrac.com/nba/washington-wizards/yearly,SG,22,$2966760,$3108000,$5435892,RFA,
Lachlan Olbrich,https://www.spotrac.com/nba/player/_/id/99268/lachlan-olbrich,lachlan-olbrich,Chicago Bulls,https://www.spotrac.com/nba/chicago-bulls/yearly,C,22,Two-Way,RFA,,,
LaMelo Ball,https://www.spotrac.com/nba/player/_/id/70645/lamelo-ball,lamelo-ball,Charlotte Hornets,https://www.spotrac.com/nba/charlotte-hornets/yearly,PG,24,$37958760,$40770520,$43582280,$46394040,UFA
Larry Nance Jr.,https://www.spotrac.com/nba/player/_/id/17855/larry-nance-jr,larry-nance,Cleveland Cavaliers,https://www.spotrac.com/nba/cleveland-cavaliers/yearly,PF,33,$2296274,UFA,,,
Lauri Markkanen,https://www.spotrac.com/nba/player/_/id/23602/lauri-markkanen,lauri-markkanen,Utah Jazz,https://www.spotrac.com/nba/utah-jazz/yearly,PF,28,$46394100,$46113154,$49824681,$53536209,UFA
LeBron James,https://www.spotrac.com/nba/player/_/id/2257/lebron-james,lebron-james,Los Angeles Lakers,https://www.spotrac.com/nba/los-angeles-lakers/yearly,PF,41,$52627153,UFA,,,
Leonard Miller,https://www.spotrac.com/nba/player/_/id/82215/leonard-miller,leonard-miller,Minnesota Timberwolves,https://www.spotrac.com/nba/minnesota-timberwolves/yearly,SF,22,$2221677,$2406205,UFA,,
Liam McNeeley,https://www.spotrac.com/nba/player/_/id/98608/liam-mcneeley,liam-mcneeley,Charlotte Hornets,https://www.spotrac.com/nba/charlotte-hornets/yearly,SF,20,$2763960,$2902080,$3040320,$5487778,RFA
Lindy Waters III,https://www.spotrac.com/nba/player/_/id/75746/lindy-waters-iii,lindy-waters,San Antonio Spurs,https://www.spotrac.com/nba/san-antonio-spurs/yearly,SF,28,$2296274,UFA,,,
Lonzo Ball,https://www.spotrac.com/nba/player/_/id/23597/lonzo-ball,lonzo-ball,Cleveland Cavaliers,https://www.spotrac.com/nba/cleveland-cavaliers/yearly,PG,28,$10000000,$10000000,UFA,,
Luguentz Dort,https://www.spotrac.com/nba/player/_/id/33033/luguentz-dort,luguentz-dort,Oklahoma City Thunder,https://www.spotrac.com/nba/oklahoma-city-thunder/yearly,SG,26,$18222222,$18222222,UFA,,
Luka Doncic,https://www.spotrac.com/nba/player/_/id/26969/luka-doncic,luka-doncic,Los Angeles Lakers,https://www.spotrac.com/nba/los-angeles-lakers/yearly,PG,26,$45999660,$49641600,$53612928,$57584256,UFA
Luka Garza,https://www.spotrac.com/nba/player/_/id/74159/luka-garza,luka-garza,Boston Celtics,https://www.spotrac.com/nba/boston-celtics/yearly,C,27,$2461463,$2801346,UFA,,
Luke Kennard,https://www.spotrac.com/nba/player/_/id/23607/luke-kennard,luke-kennard,Atlanta Hawks,https://www.spotrac.com/nba/atlanta-hawks/yearly,SG,29,$11000000,UFA,,,
Luke Kornet,https://www.spotrac.com/nba/player/_/id/23670/luke-kornet,luke-kornet,San Antonio Spurs,https://www.spotrac.com/nba/san-antonio-spurs/yearly,C,30,$11000000,$10450000,$9900000,$9350000,UFA
Luke Travers,https://www.spotrac.com/nba/player/_/id/78166/luke-travers,luke-travers,Cleveland Cavaliers,https://www.spotrac.com/nba/cleveland-cavaliers/yearly,SG,24,Two-Way,RFA,,,
Malaki Branham,https://www.spotrac.com/nba/player/_/id/78120/malaki-branham,malaki-branham,Washington Wizards,https://www.spotrac.com/nba/washington-wizards/yearly,SG,22,$4962033,RFA,,,
Malevy Leons,https://www.spotrac.com/nba/player/_/id/95611/malevy-leons,malevy-leons,Oklahoma City Thunder,https://www.spotrac.com/nba/oklahoma-city-thunder/yearly,PF,26,$0,RFA,,,
Malik Monk,https://www.spotrac.com/nba/player/_/id/23606/malik-monk,malik-monk,Sacramento Kings,https://www.spotrac.com/nba/sacramento-kings/yearly,SG,27,$18797619,$20190035,$21582451,UFA,
Marcus Sasser,https://www.spotrac.com/nba/player/_/id/84442/marcus-sasser,marcus-sasser,Detroit Pistons,https://www.spotrac.com/nba/detroit-pistons/yearly,PG,25,$2886720,$5198983,RFA,,
Marcus Smart,https://www.spotrac.com/nba/player/_/id/15358/marcus-smart,marcus-smart,Los Angeles Lakers,https://www.spotrac.com/nba/los-angeles-lakers/yearly,PG,31,$5134000,$5390700,UFA,,
Mark Sears,https://www.spotrac.com/nba/player/_/id/99652/mark-sears,mark-sears,Milwaukee Bucks,https://www.spotrac.com/nba/milwaukee-bucks/yearly,G,23,Two-Way,RFA,,,
Mark Williams,https://www.spotrac.com/nba/player/_/id/78121/mark-williams,mark-williams,Phoenix Suns,https://www.spotrac.com/nba/phoenix-suns/yearly,C,24,$6276531,RFA,,,
Marvin Bagley III,https://www.spotrac.com/nba/player/_/id/26968/marvin-bagley-iii,marvin-bagley,Washington Wizards,https://www.spotrac.com/nba/washington-wizards/yearly,PF,26,$2296274,UFA,,,
Mason Plumlee,https://www.spotrac.com/nba/player/_/id/13335/mason-plumlee,mason-plumlee,Charlotte Hornets,https://www.spotrac.com/nba/charlotte-hornets/yearly,C,35,$2296274,UFA,,,
Matas Buzelis,https://www.spotrac.com/nba/player/_/id/91738/matas-buzelis,matas-buzelis,Chicago Bulls,https://www.spotrac.com/nba/chicago-bulls/yearly,SF,21,$5455560,$5715360,$7584283,RFA,
Matisse Thybulle,https://www.spotrac.com/nba/player/_/id/31577/matisse-thybulle,matisse-thybulle,Portland Trail Blazers,https://www.spotrac.com/nba/portland-trail-blazers/yearly,SG,28,$11550000,UFA,,,
Matthew Cleveland,https://www.spotrac.com/nba/player/_/id/99886/matthew-cleveland,matthew-cleveland,Dallas Mavericks,https://www.spotrac.com/nba/dallas-mavericks/yearly,SG,23,$0,RFA,,,
Max Christie,https://www.spotrac.com/nba/player/_/id/78136/max-christie,max-christie,Dallas Mavericks,https://www.spotrac.com/nba/dallas-mavericks/yearly,SG,22,$7714286,$8285714,$8857143,UFA,
Max Shulga,https://www.spotrac.com/nba/player/_/id/99270/max-shulga,max-shulga,Boston Celtics,https://www.spotrac.com/nba/boston-celtics/yearly,G,23,Two-Way,RFA,,,
Max Strus,https://www.spotrac.com/nba/player/_/id/32411/max-strus,max-strus,Cleveland Cavaliers,https://www.spotrac.com/nba/cleveland-cavaliers/yearly,SG,29,$15936452,$16660836,UFA,,
Maxi Kleber,https://www.spotrac.com/nba/player/_/id/24212/maxi-kleber,maxi-kleber,Los Angeles Lakers,https://www.spotrac.com/nba/los-angeles-lakers/yearly,PF,34,$11000000,UFA,,,
Maxime Raynaud,https://www.spotrac.com/nba/player/_/id/98635/maxime-raynaud,maxime-raynaud,Sacramento Kings,https://www.spotrac.com/nba/sacramento-kings/yearly,C,22,$1272870,$2150918,$2525901,RFA,
Micah Peavy,https://www.spotrac.com/nba/player/_/id/98645/micah-peavy,micah-peavy,New Orleans Pelicans,https://www.spotrac.com/nba/new-orleans-pelicans/yearly,SG,24,$1272870,$2150917,$2525901,$2735698,UFA
Micah Potter,https://www.spotrac.com/nba/player/_/id/74418/micah-potter,micah-potter,San Antonio Spurs,https://www.spotrac.com/nba/san-antonio-spurs/yearly,C,27,$0,UFA,,,
Michael Porter Jr.,https://www.spotrac.com/nba/player/_/id/26980/michael-porter-jr,michael-porter,Brooklyn Nets,https://www.spotrac.com/nba/brooklyn-nets/yearly,SF,27,$38333050,$40806150,UFA,,
Mikal Bridges,https://www.spotrac.com/nba/player/_/id/26976/mikal-bridges,mikal-bridges,New York Knicks,https://www.spotrac.com/nba/new-york-knicks/yearly,SF,29,$24900000,$33482145,$36160714,$38839285,$41517856
Mike Conley,https://www.spotrac.com/nba/player/_/id/2532/mike-conley,mike-conley,Minnesota Timberwolves,https://www.spotrac.com/nba/minnesota-timberwolves/yearly,PG,38,$10774038,UFA,,,
Miles Bridges,https://www.spotrac.com/nba/player/_/id/26978/miles-bridges,miles-bridges,Charlotte Hornets,https://www.spotrac.com/nba/charlotte-hornets/yearly,SF,27,$25000000,$22826087,UFA,,
Miles Kelly,https://www.spotrac.com/nba/player/_/id/99653/miles-kelly,miles-kelly,Dallas Mavericks,https://www.spotrac.com/nba/dallas-mavericks/yearly,F,23,Two-Way,RFA,,,
Miles McBride,https://www.spotrac.com/nba/player/_/id/74143/miles-mcbride,miles-mcbride,New York Knicks,https://www.spotrac.com/nba/new-york-knicks/yearly,PG,25,$4333333,$3956523,UFA,,
Mitchell Robinson,https://www.spotrac.com/nba/player/_/id/27002/mitchell-robinson,mitchell-robinson,New York Knicks,https://www.spotrac.com/nba/new-york-knicks/yearly,C,27,$12954546,UFA,,,
Moritz Wagner,https://www.spotrac.com/nba/player/_/id/26991/moritz-wagner,moritz-wagner,Orlando Magic,https://www.spotrac.com/nba/orlando-magic/yearly,C,28,$5000000,UFA,,,
Moses Moody,https://www.spotrac.com/nba/player/_/id/74121/moses-moody,moses-moody,Golden State Warriors,https://www.spotrac.com/nba/golden-state-warriors/yearly,SG,23,$11574075,$12500000,$13425925,UFA,
Mouhamed Gueye,https://www.spotrac.com/nba/player/_/id/84468/mouhamed-gueye,mouhamed-gueye,Atlanta Hawks,https://www.spotrac.com/nba/atlanta-hawks/yearly,PF,23,$2221677,$2406205,UFA,,
Moussa Cisse,https://www.spotrac.com/nba/player/_/id/99882/moussa-cisse,moussa-cisse,Dallas Mavericks,https://www.spotrac.com/nba/dallas-mavericks/yearly,F,23,$0,RFA,,,
Moussa Diabate,https://www.spotrac.com/nba/player/_/id/78154/moussa-diabate,moussa-diabate,Charlotte Hornets,https://www.spotrac.com/nba/charlotte-hornets/yearly,PF,24,$2270735,$2461462,UFA,,
Myles Turner,https://www.spotrac.com/nba/player/_/id/17839/myles-turner,myles-turner,Milwaukee Bucks,https://www.spotrac.com/nba/milwaukee-bucks/yearly,C,29,$25318251,$26584164,$27850077,$29115990,UFA
Myron Gardner,https://www.spotrac.com/nba/player/_/id/95569/myron-gardner,myron-gardner,Miami Heat,https://www.spotrac.com/nba/miami-heat/yearly,G,24,Two-Way,Two-Way,RFA,,
Nae'qwan Tomlin,https://www.spotrac.com/nba/player/_/id/95599/naeqwan-tomlin,naeqwan-tomlin,Cleveland Cavaliers,https://www.spotrac.com/nba/cleveland-cavaliers/yearly,F,25,Two-Way,RFA,,,
Naji Marshall,https://www.spotrac.com/nba/player/_/id/70704/naji-marshall,naji-marshall,Dallas Mavericks,https://www.spotrac.com/nba/dallas-mavericks/yearly,SF,28,$9000000,$9428571,UFA,,
Naz Reid,https://www.spotrac.com/nba/player/_/id/32045/naz-reid,naz-reid,Minnesota Timberwolves,https://www.spotrac.com/nba/minnesota-timberwolves/yearly,C,26,$21551724,$23275862,$25000000,$26724138,$28448276
Neemias Queta,https://www.spotrac.com/nba/player/_/id/74146/neemias-queta,neemias-queta,Boston Celtics,https://www.spotrac.com/nba/boston-celtics/yearly,C,26,$2349578,$2667944,UFA,,
N'Faly Dante,https://www.spotrac.com/nba/player/_/id/94513/nfaly-dante,nfaly-dante,Atlanta Hawks,https://www.spotrac.com/nba/atlanta-hawks/yearly,PF,24,$2048494,$2411090,RFA,,
Nick Richards,https://www.spotrac.com/nba/player/_/id/70684/nick-richards,nick-richards,Phoenix Suns,https://www.spotrac.com/nba/phoenix-suns/yearly,C,28,$5000000,UFA,,,
Nick Smith Jr.,https://www.spotrac.com/nba/player/_/id/82206/nick-smith-jr,nick-smith,Charlotte Hornets,https://www.spotrac.com/nba/charlotte-hornets/yearly,PG,21,$2710680,$4890067,RFA,,
Nickeil Alexander-Walker,https://www.spotrac.com/nba/player/_/id/31574/nickeil-alexander-walker,nickeil-alexander-walker,Atlanta Hawks,https://www.spotrac.com/nba/atlanta-hawks/yearly,SG,27,$15161800,$14403710,$15161800,$15919890,UFA
Nicolas Batum,https://www.spotrac.com/nba/player/_/id/6149/nicolas-batum,nicolas-batum,LA Clippers,https://www.spotrac.com/nba/la-clippers/yearly,SF,37,$5601600,$5881680,UFA,,
Nicolas Claxton,https://www.spotrac.com/nba/player/_/id/31590/nicolas-claxton,nicolas-claxton,Brooklyn Nets,https://www.spotrac.com/nba/brooklyn-nets/yearly,C,26,$25352272,$23147727,$20943184,UFA,
Nigel Hayes-Davis,https://www.spotrac.com/nba/player/_/id/23669/nigel-hayes-davis,nigel-hayes-davis,Phoenix Suns,https://www.spotrac.com/nba/phoenix-suns/yearly,PF,31,$2048494,RFA,,,
Nikola Djurisic,https://www.spotrac.com/nba/player/_/id/92954/nikola-djurisic,nikola-djurisic,Atlanta Hawks,https://www.spotrac.com/nba/atlanta-hawks/yearly,SF,21,$1272870,$2150917,$2525901,RFA,
Nikola Jokic,https://www.spotrac.com/nba/player/_/id/15393/nikola-jokic,nikola-jokic,Denver Nuggets,https://www.spotrac.com/nba/denver-nuggets/yearly,C,30,$55224526,$59033114,$62841702,UFA,
Nikola Jovic,https://www.spotrac.com/nba/player/_/id/78135/nikola-jovic,nikola-jovic,Miami Heat,https://www.spotrac.com/nba/miami-heat/yearly,SF,22,$4445417,RFA,,,
Nikola Topic,https://www.spotrac.com/nba/player/_/id/91737/nikola-topic,nikola-topic,Oklahoma City Thunder,https://www.spotrac.com/nba/oklahoma-city-thunder/yearly,PG,20,$5182920,$5429760,$7482210,RFA,
Nikola Vucevic,https://www.spotrac.com/nba/player/_/id/8067/nikola-vucevic,nikola-vucevic,Chicago Bulls,https://www.spotrac.com/nba/chicago-bulls/yearly,C,35,$21481481,UFA,,,
Nique Clifford,https://www.spotrac.com/nba/player/_/id/98612/nique-clifford,nique-clifford,Sacramento Kings,https://www.spotrac.com/nba/sacramento-kings/yearly,SF,23,$3108120,$3263400,$3418800,$5979481,RFA
Noa Essengue,https://www.spotrac.com/nba/player/_/id/98619/noa-essengue,noa-essengue,Chicago Bulls,https://www.spotrac.com/nba/chicago-bulls/yearly,PF,19,$5429520,$5701200,$5972760,$8230464,RFA
Noah Clowney,https://www.spotrac.com/nba/player/_/id/82214/noah-clowney,noah-clowney,Brooklyn Nets,https://www.spotrac.com/nba/brooklyn-nets/yearly,PF,21,$3398640,$5414034,UFA,,
Noah Penda,https://www.spotrac.com/nba/player/_/id/98630/noah-penda,noah-penda,Orlando Magic,https://www.spotrac.com/nba/orlando-magic/yearly,SF,21,$1272870,$2150917,$2525901,$2735698,UFA
Nolan Traore,https://www.spotrac.com/nba/player/_/id/98615/nolan-traore,nolan-traore,Brooklyn Nets,https://www.spotrac.com/nba/brooklyn-nets/yearly,PG,19,$3811560,$4002000,$4193040,$6457282,RFA
Norman Powell,https://www.spotrac.com/nba/player/_/id/17874/norman-powell,norman-powell,Miami Heat,https://www.spotrac.com/nba/miami-heat/yearly,SG,32,$20482758,UFA,,,
Obi Toppin,https://www.spotrac.com/nba/player/_/id/70650/obi-toppin,obi-toppin,Indiana Pacers,https://www.spotrac.com/nba/indiana-pacers/yearly,PF,27,$14000000,$15000000,$16025000,UFA,
Ochai Agbaji,https://www.spotrac.com/nba/player/_/id/78124/ochai-agbaji,ochai-agbaji,Toronto Raptors,https://www.spotrac.com/nba/toronto-raptors/yearly,SF,25,$6383525,RFA,,,
OG Anunoby,https://www.spotrac.com/nba/player/_/id/23618/og-anunoby,og-anunoby,New York Knicks,https://www.spotrac.com/nba/new-york-knicks/yearly,SF,28,$39568966,$42500000,$45431034,$48362068,UFA
Olivier-Maxence Prosper,https://www.spotrac.com/nba/player/_/id/84439/olivier-maxence-prosper,olivier-maxence-prosper,Dallas Mavericks,https://www.spotrac.com/nba/dallas-mavericks/yearly,PF,23,$3007080,$5259383,RFA,,
Olivier Sarr,https://www.spotrac.com/nba/player/_/id/74604/olivier-sarr,olivier-sarr,Toronto Raptors,https://www.spotrac.com/nba/toronto-raptors/yearly,C,26,$0,UFA,,,
Onyeka Okongwu,https://www.spotrac.com/nba/player/_/id/70648/onyeka-okongwu,onyeka-okongwu,Atlanta Hawks,https://www.spotrac.com/nba/atlanta-hawks/yearly,C,25,$15000000,$16100000,$16880000,UFA,
Orlando Robinson,https://www.spotrac.com/nba/player/_/id/78309/orlando-robinson,orlando-robinson,Orlando Magic,https://www.spotrac.com/nba/orlando-magic/yearly,C,25,Two-Way,UFA,,,
Oso Ighodaro,https://www.spotrac.com/nba/player/_/id/93953/oso-ighodaro,oso-ighodaro,Phoenix Suns,https://www.spotrac.com/nba/phoenix-suns/yearly,C,23,$1955377,$2296271,$2486995,UFA,
Ousmane Dieng,https://www.spotrac.com/nba/player/_/id/78118/ousmane-dieng,ousmane-dieng,Oklahoma City Thunder,https://www.spotrac.com/nba/oklahoma-city-thunder/yearly,SF,22,$6670882,RFA,,,
Pacome Dadiet,https://www.spotrac.com/nba/player/_/id/91782/pacome-dadiet,pacome-dadiet,New York Knicks,https://www.spotrac.com/nba/new-york-knicks/yearly,SG,20,$2847600,$2983680,$5373608,RFA,
Paolo Banchero,https://www.spotrac.com/nba/player/_/id/78110/paolo-banchero,paolo-banchero,Orlando Magic,https://www.spotrac.com/nba/orlando-magic/yearly,PF,23,$15334769,$41368000,$44677440,$47986880,$51296320
Pascal Siakam,https://www.spotrac.com/nba/player/_/id/20232/pascal-siakam,pascal-siakam,Indiana Pacers,https://www.spotrac.com/nba/indiana-pacers/yearly,PF,31,$45550512,$48924624,$52298736,UFA,
Pat Connaughton,https://www.spotrac.com/nba/player/_/id/17869/pat-connaughton,pat-connaughton,Charlotte Hornets,https://www.spotrac.com/nba/charlotte-hornets/yearly,SG,33,$9423869,UFA,,,
Patrick Baldwin Jr.,https://www.spotrac.com/nba/player/_/id/78139/patrick-baldwin-jr,patrick-baldwin,LA Clippers,https://www.spotrac.com/nba/la-clippers/yearly,SF,23,$0,UFA,,,
Patrick Williams,https://www.spotrac.com/nba/player/_/id/70646/patrick-williams,patrick-williams,Chicago Bulls,https://www.spotrac.com/nba/chicago-bulls/yearly,PF,24,$18000000,$18000000,$18000000,$18000000,UFA
Paul George,https://www.spotrac.com/nba/player/_/id/6892/paul-george,paul-george,Philadelphia 76ers,https://www.spotrac.com/nba/philadelphia-76ers/yearly,SG,35,$51666090,$54126380,$56586670,UFA,
Paul Reed,https://www.spotrac.com/nba/player/_/id/70700/paul-reed,paul-reed,Detroit Pistons,https://www.spotrac.com/nba/detroit-pistons/yearly,C,26,$5335894,$5602689,UFA,,
Payton Pritchard,https://www.spotrac.com/nba/player/_/id/70668/payton-pritchard,payton-pritchard,Boston Celtics,https://www.spotrac.com/nba/boston-celtics/yearly,PG,28,$7232143,$7767857,$8303571,UFA,
Pelle Larsson,https://www.spotrac.com/nba/player/_/id/91787/pelle-larsson,pelle-larsson,Miami Heat,https://www.spotrac.com/nba/miami-heat/yearly,SG,24,$1955378,$2296271,RFA,,
Pete Nance,https://www.spotrac.com/nba/player/_/id/86006/pete-nance,pete-nance,Milwaukee Bucks,https://www.spotrac.com/nba/milwaukee-bucks/yearly,PF,25,Two-Way,RFA,,,
Peyton Watson,https://www.spotrac.com/nba/player/_/id/78138/peyton-watson,peyton-watson,Denver Nuggets,https://www.spotrac.com/nba/denver-nuggets/yearly,SG,23,$4356476,RFA,,,
P.J. Hall,https://www.spotrac.com/nba/player/_/id/94515/pj-hall,pj-hall,Memphis Grizzlies,https://www.spotrac.com/nba/memphis-grizzlies/yearly,PF,23,Two-Way,RFA,,,
PJ Washington,https://www.spotrac.com/nba/player/_/id/31569/pj-washington,pj-washington,Dallas Mavericks,https://www.spotrac.com/nba/dallas-mavericks/yearly,PF,27,$14152174,UFA,,,
Quenton Jackson,https://www.spotrac.com/nba/player/_/id/79955/quenton-jackson,quenton-jackson,Indiana Pacers,https://www.spotrac.com/nba/indiana-pacers/yearly,G,27,Two-Way,RFA,,,
Quinten Post,https://www.spotrac.com/nba/player/_/id/93959/quinten-post,quinten-post,Golden State Warriors,https://www.spotrac.com/nba/golden-state-warriors/yearly,C,25,$1955377,RFA,,,
Rasheer Fleming,https://www.spotrac.com/nba/player/_/id/98617/rasheer-fleming,rasheer-fleming,Phoenix Suns,https://www.spotrac.com/nba/phoenix-suns/yearly,PF,21,$1272870,$2150917,$2525901,$2735698,UFA
Rayan Rupert,https://www.spotrac.com/nba/player/_/id/82212/rayan-rupert,rayan-rupert,Portland Trail Blazers,https://www.spotrac.com/nba/portland-trail-blazers/yearly,SG,21,$2221677,RFA,,,
RayJ Dennis,https://www.spotrac.com/nba/player/_/id/95567/rayj-dennis,rayj-dennis,Indiana Pacers,https://www.spotrac.com/nba/indiana-pacers/yearly,PG,24,Two-Way,RFA,,,
Reed Sheppard,https://www.spotrac.com/nba/player/_/id/91739/reed-sheppard,reed-sheppard,Houston Rockets,https://www.spotrac.com/nba/houston-rockets/yearly,SG,21,$10603560,$11108880,$14041625,RFA,
Reggie Luis Jr.,https://www.spotrac.com/nba/player/_/id/99784/reggie-luis-jr,reggie-luis,Boston Celtics,https://www.spotrac.com/nba/boston-celtics/yearly,F,23,Two-Way,Two-Way,RFA,,
Riley Minix,https://www.spotrac.com/nba/player/_/id/95269/riley-minix,riley-minix,San Antonio Spurs,https://www.spotrac.com/nba/san-antonio-spurs/yearly,SF,25,Two-Way,RFA,,,
R.J. Barrett,https://www.spotrac.com/nba/player/_/id/31560/rj-barrett,rj-barrett,Toronto Raptors,https://www.spotrac.com/nba/toronto-raptors/yearly,SG,25,$27705357,$29616071,UFA,,
R.J. Davis,https://www.spotrac.com/nba/player/_/id/100565/rj-davis,rj-davis,Los Angeles Lakers,https://www.spotrac.com/nba/los-angeles-lakers/yearly,SG,24,$0,RFA,,,
Rob Dillingham,https://www.spotrac.com/nba/player/_/id/91736/rob-dillingham,rob-dillingham,Minnesota Timberwolves,https://www.spotrac.com/nba/minnesota-timberwolves/yearly,PG,21,$6576120,$6889320,$8763216,RFA,
Robert Williams III,https://www.spotrac.com/nba/player/_/id/26993/robert-williams-iii,robert-williams,Portland Trail Blazers,https://www.spotrac.com/nba/portland-trail-blazers/yearly,C,28,$13285713,UFA,,,
Rocco Zikarsky,https://www.spotrac.com/nba/player/_/id/99259/rocco-zikarsky,rocco-zikarsky,Minnesota Timberwolves,https://www.spotrac.com/nba/minnesota-timberwolves/yearly,C,19,Two-Way,Two-Way,RFA,,
Ron Holland II,https://www.spotrac.com/nba/player/_/id/91751/ron-holland-ii,ron-holland,Detroit Pistons,https://www.spotrac.com/nba/detroit-pistons/yearly,SF,20,$8657280,$9069600,$11491183,RFA,
Royce O'Neale,https://www.spotrac.com/nba/player/_/id/24240/royce-oneale,royce-oneale,Phoenix Suns,https://www.spotrac.com/nba/phoenix-suns/yearly,SF,32,$10125000,$10875000,$11625000,UFA,
Rudy Gobert,https://www.spotrac.com/nba/player/_/id/13340/rudy-gobert,rudy-gobert,Minnesota Timberwolves,https://www.spotrac.com/nba/minnesota-timberwolves/yearly,C,33,$35000000,$36500000,$38000000,UFA,
Rui Hachimura,https://www.spotrac.com/nba/player/_/id/31566/rui-hachimura,rui-hachimura,Los Angeles Lakers,https://www.spotrac.com/nba/los-angeles-lakers/yearly,PF,27,$18259259,UFA,,,
Ryan Dunn,https://www.spotrac.com/nba/player/_/id/91771/ryan-dunn,ryan-dunn,Phoenix Suns,https://www.spotrac.com/nba/phoenix-suns/yearly,SF,23,$2657760,$2784240,$5025553,RFA,
Ryan Kalkbrenner,https://www.spotrac.com/nba/player/_/id/98627/ryan-kalkbrenner,ryan-kalkbrenner,Charlotte Hornets,https://www.spotrac.com/nba/charlotte-hornets/yearly,C,24,$2296274,$2411090,$2525901,$2735698,UFA
Ryan Nembhard,https://www.spotrac.com/nba/player/_/id/99651/ryan-nembhard,ryan-nembhard,Dallas Mavericks,https://www.spotrac.com/nba/dallas-mavericks/yearly,PG,22,Two-Way,RFA,,,
Ryan Rollins,https://www.spotrac.com/nba/player/_/id/78155/ryan-rollins,ryan-rollins,Milwaukee Bucks,https://www.spotrac.com/nba/milwaukee-bucks/yearly,SG,23,$4000000,$4000000,$4000000,UFA,
Saddiq Bey,https://www.spotrac.com/nba/player/_/id/70661/saddiq-bey,saddiq-bey,New Orleans Pelicans,https://www.spotrac.com/nba/new-orleans-pelicans/yearly,SF,26,$6118644,$6440678,UFA,,
Sam Hauser,https://www.spotrac.com/nba/player/_/id/74311/sam-hauser,sam-hauser,Boston Celtics,https://www.spotrac.com/nba/boston-celtics/yearly,SF,28,$10044644,$10848215,$11651785,$12455356,UFA
Sam Merrill,https://www.spotrac.com/nba/player/_/id/70702/sam-merrill,sam-merrill,Cleveland Cavaliers,https://www.spotrac.com/nba/cleveland-cavaliers/yearly,SG,29,$8482144,$9160715,$9839285,$10517856,UFA
Sandro Mamukelashvili,https://www.spotrac.com/nba/player/_/id/74161/sandro-mamukelashvili,sandro-mamukelashvili,Toronto Raptors,https://www.spotrac.com/nba/toronto-raptors/yearly,C,26,$2461463,$2801346,UFA,,
Santi Aldama,https://www.spotrac.com/nba/player/_/id/74137/santi-aldama,santi-aldama,Memphis Grizzlies,https://www.spotrac.com/nba/memphis-grizzlies/yearly,C,25,$18485916,$17007043,$17007043,UFA,
Scoot Henderson,https://www.spotrac.com/nba/player/_/id/82198/scoot-henderson,scoot-henderson,Portland Trail Blazers,https://www.spotrac.com/nba/portland-trail-blazers/yearly,PG,21,$10748040,$13585523,RFA,,
Scottie Barnes,https://www.spotrac.com/nba/player/_/id/74111/scottie-barnes,scottie-barnes,Toronto Raptors,https://www.spotrac.com/nba/toronto-raptors/yearly,PF,24,$38661750,$41754690,$44847630,$47940570,$51033510
Scotty Pippen Jr.,https://www.spotrac.com/nba/player/_/id/78256/scotty-pippen-jr,scotty-pippen,Memphis Grizzlies,https://www.spotrac.com/nba/memphis-grizzlies/yearly,PG,25,$2270735,$2461462,$2789215,UFA,
Shaedon Sharpe,https://www.spotrac.com/nba/player/_/id/78113/shaedon-sharpe,shaedon-sharpe,Portland Trail Blazers,https://www.spotrac.com/nba/portland-trail-blazers/yearly,SG,22,$8399983,RFA,,,
Shai Gilgeous-Alexander,https://www.spotrac.com/nba/player/_/id/26977/shai-gilgeous-alexander,shai-gilgeous-alexander,Oklahoma City Thunder,https://www.spotrac.com/nba/oklahoma-city-thunder/yearly,PG,27,$38333050,$40806150,$60811100,$65675988,$70540876
Sidy Cissoko,https://www.spotrac.com/nba/player/_/id/84471/sidy-cissoko,sidy-cissoko,Portland Trail Blazers,https://www.spotrac.com/nba/portland-trail-blazers/yearly,SG,21,Two-Way,RFA,,,
Simone Fontecchio,https://www.spotrac.com/nba/player/_/id/78654/simone-fontecchio,simone-fontecchio,Miami Heat,https://www.spotrac.com/nba/miami-heat/yearly,SF,30,$8307692,UFA,,,
Sion James,https://www.spotrac.com/nba/player/_/id/98641/sion-james,sion-james,Charlotte Hornets,https://www.spotrac.com/nba/charlotte-hornets/yearly,SF,23,$2296274,$2411090,$2525901,$2735698,UFA
Spencer Dinwiddie,https://www.spotrac.com/nba/player/_/id/15390/spencer-dinwiddie,spencer-dinwiddie,Charlotte Hornets,https://www.spotrac.com/nba/charlotte-hornets/yearly,PG,32,$2296274,UFA,,,
Spencer Jones,https://www.spotrac.com/nba/player/_/id/95438/spencer-jones,spencer-jones,Denver Nuggets,https://www.spotrac.com/nba/denver-nuggets/yearly,SF,24,Two-Way,RFA,,,
Stephen Curry,https://www.spotrac.com/nba/player/_/id/6287/stephen-curry,stephen-curry,Golden State Warriors,https://www.spotrac.com/nba/golden-state-warriors/yearly,PG,37,$59606817,$62587158,UFA,,
Stephon Castle,https://www.spotrac.com/nba/player/_/id/91750/stephon-castle,stephon-castle,San Antonio Spurs,https://www.spotrac.com/nba/san-antonio-spurs/yearly,PG,21,$9560520,$10015920,$12670139,RFA,
Steven Adams,https://www.spotrac.com/nba/player/_/id/13325/steven-adams,steven-adams,Houston Rockets,https://www.spotrac.com/nba/houston-rockets/yearly,C,32,$14130435,$13000000,$11869565,UFA,
Sviatoslav Mykhailiuk,https://www.spotrac.com/nba/player/_/id/27013/sviatoslav-mykhailiuk,sviatoslav-mykhailiuk,Utah Jazz,https://www.spotrac.com/nba/utah-jazz/yearly,SG,28,$3675000,$3850000,$4025000,UFA,
Taelon Peter,https://www.spotrac.com/nba/player/_/id/99267/taelon-peter,taelon-peter,Indiana Pacers,https://www.spotrac.com/nba/indiana-pacers/yearly,G,23,Two-Way,Two-Way,RFA,,
Tamar Bates,https://www.spotrac.com/nba/player/_/id/99631/tamar-bates,tamar-bates,Denver Nuggets,https://www.spotrac.com/nba/denver-nuggets/yearly,G,22,Two-Way,RFA,,,
Tari Eason,https://www.spotrac.com/nba/player/_/id/78123/tari-eason,tari-eason,Houston Rockets,https://www.spotrac.com/nba/houston-rockets/yearly,PF,24,$5675766,RFA,,,
Taurean Prince,https://www.spotrac.com/nba/player/_/id/20217/taurean-prince,taurean-prince,Milwaukee Bucks,https://www.spotrac.com/nba/milwaukee-bucks/yearly,PF,31,$3303774,$3815861,UFA,,
Taylor Hendricks,https://www.spotrac.com/nba/player/_/id/82205/taylor-hendricks,taylor-hendricks,Utah Jazz,https://www.spotrac.com/nba/utah-jazz/yearly,PF,22,$6127080,$7805900,UFA,,
Terance Mann,https://www.spotrac.com/nba/player/_/id/31607/terance-mann,terance-mann,Brooklyn Nets,https://www.spotrac.com/nba/brooklyn-nets/yearly,SG,29,$15500000,$15500000,$16000000,UFA,
Terence Davis,https://www.spotrac.com/nba/player/_/id/32059/terence-davis,terence-davis,Sacramento Kings,https://www.spotrac.com/nba/sacramento-kings/yearly,SG,28,$2546675,UFA,,,
Terrence Shannon Jr.,https://www.spotrac.com/nba/player/_/id/91774/terrence-shannon-jr,terrence-shannon,Minnesota Timberwolves,https://www.spotrac.com/nba/minnesota-timberwolves/yearly,SG,25,$2674080,$2801640,$5054159,RFA,
Terry Rozier,https://www.spotrac.com/nba/player/_/id/17844/terry-rozier,terry-rozier,Miami Heat,https://www.spotrac.com/nba/miami-heat/yearly,PG,31,$26643031,UFA,,,
Thomas Sorber,https://www.spotrac.com/nba/player/_/id/98621/thomas-sorber,thomas-sorber,Oklahoma City Thunder,https://www.spotrac.com/nba/oklahoma-city-thunder/yearly,C,20,$4655040,$4887720,$5120400,$7849573,RFA
Tidjane Salaun,https://www.spotrac.com/nba/player/_/id/91756/tidjane-salaun,tidjane-salaun,Charlotte Hornets,https://www.spotrac.com/nba/charlotte-hornets/yearly,PF,20,$7863240,$8237880,$10445633,RFA,
Tim Hardaway Jr.,https://www.spotrac.com/nba/player/_/id/13337/tim-hardaway-jr,tim-hardaway,Denver Nuggets,https://www.spotrac.com/nba/denver-nuggets/yearly,SG,33,$2296274,UFA,,,
T.J. McConnell,https://www.spotrac.com/nba/player/_/id/18252/tj-mcconnell,tj-mcconnell,Indiana Pacers,https://www.spotrac.com/nba/indiana-pacers/yearly,PG,33,$10200000,$11000000,$11800000,$11800000,UFA
Tobias Harris,https://www.spotrac.com/nba/player/_/id/8070/tobias-harris,tobias-harris,Detroit Pistons,https://www.spotrac.com/nba/detroit-pistons/yearly,PF,33,$26634146,UFA,,,
Tolu Smith III,https://www.spotrac.com/nba/player/_/id/95591/tolu-smith-iii,tolu-smith,Detroit Pistons,https://www.spotrac.com/nba/detroit-pistons/yearly,F,25,Two-Way,RFA,,,
Tony Bradley,https://www.spotrac.com/nba/player/_/id/23623/tony-bradley,tony-bradley,Indiana Pacers,https://www.spotrac.com/nba/indiana-pacers/yearly,C,28,UFA,UFA,,,
Tosan Evbuomwan,https://www.spotrac.com/nba/player/_/id/85500/tosan-evbuomwan,tosan-evbuomwan,Brooklyn Nets,https://www.spotrac.com/nba/brooklyn-nets/yearly,SG,24,Two-Way,RFA,,,
Toumani Camara,https://www.spotrac.com/nba/player/_/id/84478/toumani-camara,toumani-camara,Portland Trail Blazers,https://www.spotrac.com/nba/portland-trail-blazers/yearly,PF,25,$2221677,$2406205,UFA,,
Trae Young,https://www.spotrac.com/nba/player/_/id/26971/trae-young,trae-young,Atlanta Hawks,https://www.spotrac.com/nba/atlanta-hawks/yearly,PG,27,$45999660,$48967380,UFA,,
Trayce Jackson-Davis,https://www.spotrac.com/nba/player/_/id/84443/trayce-jackson-davis,trayce-jackson-davis,Golden State Warriors,https://www.spotrac.com/nba/golden-state-warriors/yearly,PF,25,$2221677,$2406205,UFA,,
Tre Johnson,https://www.spotrac.com/nba/player/_/id/98601/tre-johnson,tre-johnson,Washington Wizards,https://www.spotrac.com/nba/washington-wizards/yearly,SG,19,$8237640,$8649600,$9061680,$11490211,RFA
Tre Jones,https://www.spotrac.com/nba/player/_/id/70683/tre-jones,tre-jones,Chicago Bulls,https://www.spotrac.com/nba/chicago-bulls/yearly,PG,26,$8000000,$8000000,$8000000,UFA,
Tre Mann,https://www.spotrac.com/nba/player/_/id/74125/tre-mann,tre-mann,Charlotte Hornets,https://www.spotrac.com/nba/charlotte-hornets/yearly,PG,24,$8000000,$8000000,$8000000,UFA,
Trendon Watford,https://www.spotrac.com/nba/player/_/id/74232/trendon-watford,trendon-watford,Philadelphia 76ers,https://www.spotrac.com/nba/philadelphia-76ers/yearly,PF,25,$2461463,$2801346,UFA,,
Trentyn Flowers,https://www.spotrac.com/nba/player/_/id/95276/trentyn-flowers,trentyn-flowers,LA Clippers,https://www.spotrac.com/nba/la-clippers/yearly,F,20,Two-Way,RFA,,,
Trey Alexander,https://www.spotrac.com/nba/player/_/id/94483/trey-alexander,trey-alexander,New Orleans Pelicans,https://www.spotrac.com/nba/new-orleans-pelicans/yearly,SG,22,Two-Way,RFA,,,
Trey Murphy III,https://www.spotrac.com/nba/player/_/id/74124/trey-murphy-iii,trey-murphy,New Orleans Pelicans,https://www.spotrac.com/nba/new-orleans-pelicans/yearly,SF,25,$25000000,$27000000,$29000000,$31000000,UFA
Tristan Da Silva,https://www.spotrac.com/nba/player/_/id/91759/tristan-da-silva,tristan-da-silva,Orlando Magic,https://www.spotrac.com/nba/orlando-magic/yearly,SF,24,$3809520,$3991200,$6138466,RFA,
Tristan Vukcevic,https://www.spotrac.com/nba/player/_/id/84470/tristan-vukcevic,tristan-vukcevic,Washington Wizards,https://www.spotrac.com/nba/washington-wizards/yearly,C,22,Two-Way,RFA,,,
Ty Jerome,https://www.spotrac.com/nba/player/_/id/31582/ty-jerome,ty-jerome,Memphis Grizzlies,https://www.spotrac.com/nba/memphis-grizzlies/yearly,SG,28,$8781000,$9220050,$9659100,UFA,
Tyler Herro,https://www.spotrac.com/nba/player/_/id/31570/tyler-herro,tyler-herro,Miami Heat,https://www.spotrac.com/nba/miami-heat/yearly,SG,26,$31000000,$33000000,UFA,,
Tyler Kolek,https://www.spotrac.com/nba/player/_/id/91769/tyler-kolek,tyler-kolek,New York Knicks,https://www.spotrac.com/nba/new-york-knicks/yearly,PG,24,$2191897,$2296271,$2486995,RFA,
Tyler Smith,https://www.spotrac.com/nba/player/_/id/91762/tyler-smith,tyler-smith,Milwaukee Bucks,https://www.spotrac.com/nba/milwaukee-bucks/yearly,SF,21,$1955377,$2296271,$2486995,UFA,
Tyrese Haliburton,https://www.spotrac.com/nba/player/_/id/70654/tyrese-haliburton,tyrese-haliburton,Indiana Pacers,https://www.spotrac.com/nba/indiana-pacers/yearly,PG,25,$45550512,$48924624,$52298736,$55672848,UFA
Tyrese Martin,https://www.spotrac.com/nba/player/_/id/78162/tyrese-martin,tyrese-martin,Brooklyn Nets,https://www.spotrac.com/nba/brooklyn-nets/yearly,SF,26,$2191897,RFA,,,
Tyrese Maxey,https://www.spotrac.com/nba/player/_/id/70663/tyrese-maxey,tyrese-maxey,Philadelphia 76ers,https://www.spotrac.com/nba/philadelphia-76ers/yearly,PG,25,$37958760,$40770520,$43582280,$46394040,UFA
Tyrese Proctor,https://www.spotrac.com/nba/player/_/id/98636/tyrese-proctor,tyrese-proctor,Cleveland Cavaliers,https://www.spotrac.com/nba/cleveland-cavaliers/yearly,SG,21,$1272870,$2150917,$2525901,$2735698,UFA
Tyson Etienne,https://www.spotrac.com/nba/player/_/id/79693/tyson-etienne,tyson-etienne,Brooklyn Nets,https://www.spotrac.com/nba/brooklyn-nets/yearly,G,26,Two-Way,RFA,,,
TyTy Washington Jr.,https://www.spotrac.com/nba/player/_/id/78125/tyty-washington-jr,tyty-washington,LA Clippers,https://www.spotrac.com/nba/la-clippers/yearly,PG,24,$0,UFA,,,
Tyus Jones,https://www.spotrac.com/nba/player/_/id/17852/tyus-jones,tyus-jones,Orlando Magic,https://www.spotrac.com/nba/orlando-magic/yearly,PG,29,$7000000,UFA,,,
Ulrich Chomche,https://www.spotrac.com/nba/player/_/id/91781/ulrich-chomche,ulrich-chomche,Toronto Raptors,https://www.spotrac.com/nba/toronto-raptors/yearly,PF,20,Two-Way,RFA,,,
Victor Wembanyama,https://www.spotrac.com/nba/player/_/id/82196/victor-wembanyama,victor-wembanyama,San Antonio Spurs,https://www.spotrac.com/nba/san-antonio-spurs/yearly,C,22,$13376880,$16868246,RFA,,
Vincent Williams Jr.,https://www.spotrac.com/nba/player/_/id/78158/vincent-williams-jr,vincent-williams,Memphis Grizzlies,https://www.spotrac.com/nba/memphis-grizzlies/yearly,SF,25,$2301587,$2489752,UFA,,
Vit Krejci,https://www.spotrac.com/nba/player/_/id/70679/vit-krejci,vit-krejci,Atlanta Hawks,https://www.spotrac.com/nba/atlanta-hawks/yearly,PG,25,$2349578,$2667944,$3005085,UFA,
VJ Edgecombe,https://www.spotrac.com/nba/player/_/id/98600/vj-edgecombe,vj-edgecombe,Philadelphia 76ers,https://www.spotrac.com/nba/philadelphia-76ers/yearly,SG,20,$11108880,$11663880,$12219840,$15445878,RFA
Vladislav Goldin,https://www.spotrac.com/nba/player/_/id/99644/vladislav-goldin,vladislav-goldin,Miami Heat,https://www.spotrac.com/nba/miami-heat/yearly,C,24,Two-Way,RFA,,,
Walker Kessler,https://www.spotrac.com/nba/player/_/id/78133/walker-kessler,walker-kessler,Utah Jazz,https://www.spotrac.com/nba/utah-jazz/yearly,C,24,$4878938,RFA,,,
Walter Clayton Jr.,https://www.spotrac.com/nba/player/_/id/98613/walter-clayton-jr,walter-clayton,Utah Jazz,https://www.spotrac.com/nba/utah-jazz/yearly,PG,22,$3991320,$4190520,$4390320,$6752312,RFA
Wendell Carter Jr.,https://www.spotrac.com/nba/player/_/id/26973/wendell-carter-jr,wendell-carter,Orlando Magic,https://www.spotrac.com/nba/orlando-magic/yearly,C,26,$10850000,$18102000,$19550160,$20998320,UFA
Will Riley,https://www.spotrac.com/nba/player/_/id/98622/will-riley,will-riley,Washington Wizards,https://www.spotrac.com/nba/washington-wizards/yearly,SF,19,$3512520,$3688320,$3864000,$6155352,RFA
Wooga Poplar,https://www.spotrac.com/nba/player/_/id/99787/wooga-poplar,wooga-poplar,Chicago Bulls,https://www.spotrac.com/nba/chicago-bulls/yearly,G,23,$0,RFA,,,
Xavier Tillman,https://www.spotrac.com/nba/player/_/id/70677/xavier-tillman,xavier-tillman,Boston Celtics,https://www.spotrac.com/nba/boston-celtics/yearly,C,27,$2546675,UFA,,,
Yanic Konan Niederhauser,https://www.spotrac.com/nba/player/_/id/99185/yanic-konan-niederhauser,yanic-konan-niederhauser,LA Clippers,https://www.spotrac.com/nba/la-clippers/yearly,F,22,$2743800,$2880960,$3018480,$5448356,RFA
Yuki Kawamura,https://www.spotrac.com/nba/player/_/id/95565/yuki-kawamura,yuki-kawamura,Chicago Bulls,https://www.spotrac.com/nba/chicago-bulls/yearly,G,24,Two-Way,RFA,,,
Yves Missi,https://www.spotrac.com/nba/player/_/id/91761/yves-missi,yves-missi,New Orleans Pelicans,https://www.spotrac.com/nba/new-orleans-pelicans/yearly,C,21,$3353040,$3512760,$5595827,RFA,
Zaccharie Risacher,https://www.spotrac.com/nba/player/_/id/91733/zaccharie-risacher,zaccharie-risacher,Atlanta Hawks,https://www.spotrac.com/nba/atlanta-hawks/yearly,SF,20,$13197720,$13826040,$17434637,RFA,
Zach Collins,https://www.spotrac.com/nba/player/_/id/23605/zach-collins,zach-collins,Chicago Bulls,https://www.spotrac.com/nba/chicago-bulls/yearly,C,28,$18080496,UFA,,,
Zach Edey,https://www.spotrac.com/nba/player/_/id/91755/zach-edey,zach-edey,Memphis Grizzlies,https://www.spotrac.com/nba/memphis-grizzlies/yearly,C,23,$6045000,$6332760,$8067937,RFA,
Zach LaVine,https://www.spotrac.com/nba/player/_/id/15365/zach-lavine,zach-lavine,Sacramento Kings,https://www.spotrac.com/nba/sacramento-kings/yearly,SG,30,$47499660,$48967380,UFA,,
Zeke Nnaji,https://www.spotrac.com/nba/player/_/id/70664/zeke-nnaji,zeke-nnaji,Denver Nuggets,https://www.spotrac.com/nba/denver-nuggets/yearly,PF,25,$8177778,$7466667,$7466667,UFA,
Ziaire Williams,https://www.spotrac.com/nba/player/_/id/74117/ziaire-williams,ziaire-williams,Brooklyn Nets,https://www.spotrac.com/nba/brooklyn-nets/yearly,SF,24,$5769231,$6230769,UFA,,
Zion Williamson,https://www.spotrac.com/nba/player/_/id/31558/zion-williamson,zion-williamson,New Orleans Pelicans,https://www.spotrac.com/nba/new-orleans-pelicans/yearly,PF,25,$39446090,$42166510,$44886930,UFA,
