"Player","Age","Team","Pos","G","GS","MP","FG","FGA","FG%","3P","3PA","3P%","2P","2PA","2P%","eFG%","FT","FTA","FT%","ORB","DRB","TRB","AST","STL","BLK","TOV","PF","PTS","Trp-Dbl","Awards","Player Key"
"Aaron Gordon","29","DEN","PF","7","7","212","37","70",".529","12","22",".545","25","48",".521",".614","22","26",".846","19","28","47","22","5","2","9","13","108","0","","aaron-gordon"
"Aaron Holiday","28","HOU","PG","7","0","64","9","19",".474","6","14",".429","3","5",".600",".632","5","7",".714","0","5","5","10","1","1","3","4","29","0","","aaron-holiday"
"Aaron Nesmith","25","IND","SF","6","6","136","19","36",".528","6","11",".545","13","25",".520",".611","11","13",".846","4","20","24","6","4","2","5","24","55","0","","aaron-nesmith"
"Aaron Wiggins","26","OKC","SG","14","5","305","53","116",".457","22","50",".440","31","66",".470",".552","9","11",".818","18","37","55","29","12","5","10","21","137","0","","aaron-wiggins"
"Adam Flagler","25","OKC","SG","6","0","15","3","5",".600","3","5",".600","0","0","",".900","0","0","","0","2","2","0","1","0","0","3","9","0","","adam-flagler"
"Adama Sanogo","22","CHI","C","3","0","14","3","5",".600","0","0","","3","5",".600",".600","0","0","","2","0","2","1","0","0","1","1","6","0","","adama-sanogo"
"Adem Bona","21","PHI","PF","9","0","33","5","6",".833","0","0","","5","6",".833",".833","1","1","1.000","5","8","13","0","0","3","2","5","11","0","","adem-bona"
"A.J. Green","25","MIL","SG","12","2","203","29","59",".492","28","57",".491","1","2",".500",".729","2","2","1.000","2","16","18","10","7","0","6","10","88","0","","aj-green"
"AJ Johnson","20","MIL","SG","4","0","8","1","3",".333","0","0","","1","3",".333",".333","0","0","","0","1","1","1","0","0","1","0","2","0","","aj-johnson"
"Ajay Mitchell","22","OKC","SG","14","0","224","30","61",".492","6","15",".400","24","46",".522",".541","7","9",".778","4","20","24","28","12","1","10","24","73","0","","ajay-mitchell"
"Al Horford","38","BOS","C","12","12","324","41","82",".500","27","60",".450","14","22",".636",".665","4","4","1.000","12","53","65","28","12","8","13","15","113","0","","al-horford"
"Alec Burks","33","MIA","SG","5","0","91","10","20",".500","9","14",".643","1","6",".167",".725","2","2","1.000","2","6","8","9","3","1","1","2","31","0","","alec-burks"
"Alex Caruso","30","OKC","SG","11","0","215","17","55",".309","7","32",".219","10","23",".435",".373","5","7",".714","9","23","32","25","19","7","7","32","46","0","","alex-caruso"
"Alex Ducas","24","OKC","SG","4","0","7","0","3",".000","0","2",".000","0","1",".000",".000","0","0","","0","0","0","0","0","0","0","0","0","0","","alex-ducas"
"Alex Len","31","SAC","C","11","1","88","10","16",".625","0","3",".000","10","13",".769",".625","2","4",".500","5","22","27","9","2","8","5","12","22","0","","alex-len"
"Alex Reese","25","OKC","PF","1","0","2","1","1","1.000","0","0","","1","1","1.000","1.000","0","0","","1","0","1","0","0","0","0","0","2","0","","alex-reese"
"Alex Sarr","19","WAS","C","12","12","308","43","122",".352","12","55",".218","31","67",".463",".402","21","30",".700","21","47","68","27","10","27","15","34","119","0","","alex-sarr"
"Alperen Sengun","22","HOU","C","14","14","404","95","199",".477","7","23",".304","88","176",".500",".495","48","63",".762","50","109","159","69","13","21","27","38","245","2","","alperen-sengun"
"Amen Thompson","22","HOU","SF","14","1","351","57","104",".548","4","15",".267","53","89",".596",".567","41","57",".719","26","68","94","32","14","10","22","34","159","0","","amen-thompson"
"Amir Coffey","27","LAC","SG","14","0","326","44","90",".489","20","43",".465","24","47",".511",".600","20","24",".833","8","24","32","16","9","0","7","20","128","0","","amir-coffey"
"Andre Drummond","31","PHI","C","11","9","257","37","75",".493","1","4",".250","36","71",".507",".500","19","36",".528","36","69","105","5","14","5","21","34","94","0","","andre-drummond"
"Andre Jackson Jr.","23","MIL","SG","12","4","222","17","37",".459","9","22",".409","8","15",".533",".581","4","8",".500","4","24","28","19","10","4","18","32","47","0","","andre-jackson"
"Andrew Nembhard","25","IND","SG","7","7","187","20","52",".385","3","13",".231","17","39",".436",".413","8","10",".800","1","13","14","33","6","0","10","15","51","0","","andrew-nembhard"
"Andrew Wiggins","29","GSW","SF","10","10","267","50","117",".427","17","46",".370","33","71",".465",".500","28","39",".718","17","26","43","23","9","8","9","21","145","0","","andrew-wiggins"
"Anfernee Simons","25","POR","SG","12","12","357","68","178",".382","26","87",".299","42","91",".462",".455","33","36",".917","2","22","24","51","9","1","29","16","195","0","","anfernee-simons"
"Anthony Black","21","ORL","PG","14","1","340","39","94",".415","8","31",".258","31","63",".492",".457","21","29",".724","10","30","40","55","12","13","28","33","107","0","","anthony-black"
"Anthony Davis","31","LAL","C","12","12","421","129","230",".561","12","28",".429","117","202",".579",".587","103","129",".798","29","105","134","31","15","24","27","20","373","0","","anthony-davis"
"Anthony Edwards","23","MIN","SG","14","14","520","140","294",".476","67","158",".424","73","136",".537",".590","46","61",".754","6","65","71","53","16","7","44","30","393","0","","anthony-edwards"
"Anthony Gill","32","WAS","PF","8","0","24","3","5",".600","1","2",".500","2","3",".667",".700","1","2",".500","1","3","4","3","2","0","1","1","8","0","","anthony-gill"
"Antonio Reeves","24","NOP","SG","7","0","45","6","19",".316","2","11",".182","4","8",".500",".368","0","0","","0","6","6","1","3","0","1","1","14","0","","antonio-reeves"
"Ariel Hukporti","22","NYK","C","6","0","62","3","7",".429","0","0","","3","7",".429",".429","1","2",".500","2","11","13","3","0","8","6","9","7","0","","ariel-hukporti"
"Armel Traoré","22","LAL","SF","1","0","4","0","1",".000","0","1",".000","0","0","",".000","0","0","","0","1","1","0","0","0","0","1","0","0","","armel-traore"
"Austin Reaves","26","LAL","SG","13","13","452","80","177",".452","37","102",".363","43","75",".573",".556","37","47",".787","11","41","52","71","16","4","26","35","234","0","","austin-reaves"
"Ayo Dosunmu","25","CHI","SG","14","3","389","59","134",".440","16","61",".262","43","73",".589",".500","24","27",".889","9","52","61","60","4","7","18","35","158","0","","ayo-dosunmu"
"Bam Adebayo","27","MIA","C","12","12","427","76","175",".434","9","30",".300","67","145",".462",".460","46","65",".708","39","71","110","48","22","14","17","21","207","0","","bam-adebayo"
"Baylor Scheierman","24","BOS","SG","3","0","18","1","6",".167","0","4",".000","1","2",".500",".167","2","2","1.000","1","3","4","0","0","0","0","2","4","0","","baylor-scheierman"
"Ben Sheppard","23","IND","SG","13","5","272","28","66",".424","19","47",".404","9","19",".474",".568","0","0","","5","24","29","17","5","4","5","33","75","0","","ben-sheppard"
"Ben Simmons","28","BRK","PG","10","8","243","25","45",".556","0","0","","25","45",".556",".556","3","4",".750","9","49","58","70","8","5","29","32","53","0","","ben-simmons"
"Bennedict Mathurin","22","IND","SG","13","8","405","80","152",".526","21","48",".438","59","104",".567",".595","65","78",".833","15","74","89","22","8","1","22","31","246","0","","bennedict-mathurin"
"Bilal Coulibaly","20","WAS","SF","12","12","415","67","121",".554","13","35",".371","54","86",".628",".607","30","40",".750","23","46","69","31","15","8","26","30","177","0","","bilal-coulibaly"
"Blake Wesley","21","SAS","SG","13","0","153","22","50",".440","2","13",".154","20","37",".541",".460","9","11",".818","3","5","8","22","5","1","14","9","55","0","","blake-wesley"
"Bobby Portis","29","MIL","PF","12","1","292","71","151",".470","10","39",".256","61","112",".545",".503","11","16",".688","26","71","97","11","5","6","15","20","163","0","","bobby-portis"
"Bogdan Bogdanović","32","ATL","SG","1","0","28","2","6",".333","2","6",".333","0","0","",".500","2","2","1.000","0","2","2","2","0","2","2","3","8","0","","bogdan-bogdanovic"
"Bol Bol","25","PHO","PF","2","0","11","3","6",".500","1","3",".333","2","3",".667",".583","3","4",".750","1","2","3","1","0","0","1","1","10","0","","bol-bol"
"Bones Hyland","24","LAC","PG","4","0","21","5","14",".357","3","7",".429","2","7",".286",".464","4","4","1.000","1","2","3","0","2","2","1","2","17","0","","bones-hyland"
"Bradley Beal","31","PHO","SG","9","9","313","58","122",".475","23","60",".383","35","62",".565",".570","21","26",".808","6","30","36","33","13","8","12","24","160","0","","bradley-beal"
"Brandin Podziemski","21","GSW","SG","11","3","283","38","96",".396","9","45",".200","29","51",".569",".443","8","12",".667","11","42","53","39","10","4","15","28","93","0","","brandin-podziemski"
"Brandon Boston Jr.","23","NOP","SG","11","7","320","50","113",".442","15","42",".357","35","71",".493",".509","20","22",".909","11","39","50","44","15","3","17","19","135","0","","brandon-boston"
"Brandon Clarke","28","MEM","PF","13","4","201","31","61",".508","1","12",".083","30","49",".612",".516","8","11",".727","12","34","46","7","12","1","4","18","71","0","","brandon-clarke"
"Brandon Ingram","27","NOP","SF","14","14","471","131","279",".470","35","96",".365","96","183",".525",".532","34","39",".872","15","69","84","76","13","8","53","36","331","0","","brandon-ingram"
"Brandon Miller","22","CHO","SF","9","9","272","48","136",".353","26","85",".306","22","51",".431",".449","16","17",".941","5","33","38","34","12","4","16","19","138","0","","brandon-miller"
"Brandon Williams","25","DAL","PG","4","0","19","2","9",".222","0","2",".000","2","7",".286",".222","2","3",".667","1","3","4","2","0","0","2","2","6","0","","brandon-williams"
"Brice Sensabaugh","21","UTA","SF","9","0","113","15","34",".441","8","22",".364","7","12",".583",".559","8","9",".889","6","11","17","4","3","0","11","3","46","0","","brice-sensabaugh"
"Bronny James","20","LAL","SG","6","0","16","1","6",".167","0","4",".000","1","2",".500",".167","2","2","1.000","1","0","1","2","1","0","0","2","4","0","","bronny-james"
"Brook Lopez","36","MIL","C","13","13","413","49","122",".402","21","70",".300","28","52",".538",".488","18","24",".750","16","48","64","20","16","30","18","35","137","0","","brook-lopez"
"Bruno Fernando","26","TOR","C","11","0","100","17","35",".486","0","0","","17","35",".486",".486","5","6",".833","16","21","37","12","1","7","10","18","39","0","","bruno-fernando"
"Buddy Hield","32","GSW","SG","12","1","300","77","156",".494","46","98",".469","31","58",".534",".641","12","14",".857","11","37","48","23","10","5","14","26","212","0","","buddy-hield"
"Cade Cunningham","23","DET","PG","15","15","545","132","297",".444","32","90",".356","100","207",".483",".498","50","60",".833","15","95","110","131","14","15","71","38","346","4","","cade-cunningham"
"Caleb Houstan","22","ORL","SF","9","0","43","3","13",".231","2","10",".200","1","3",".333",".308","0","0","","1","6","7","0","0","1","0","6","8","0","","caleb-houstan"
"Caleb Martin","29","PHI","SF","12","11","409","44","102",".431","11","34",".324","33","68",".485",".485","32","47",".681","21","47","68","32","14","3","27","28","131","0","","caleb-martin"
"Cam Reddish","25","LAL","SF","7","4","147","12","20",".600","5","9",".556","7","11",".636",".725","4","8",".500","4","17","21","5","7","2","3","12","33","0","","cam-reddish"
"Cam Thomas","23","BRK","SG","14","14","478","114","249",".458","40","102",".392","74","147",".503",".538","77","89",".865","5","42","47","43","12","1","39","28","345","0","","cam-thomas"
"Cam Whitmore","20","HOU","SF","7","0","74","17","44",".386","1","18",".056","16","26",".615",".398","8","12",".667","4","7","11","3","1","1","3","8","43","0","","cam-whitmore"
"Cameron Johnson","28","BRK","PF","14","14","465","79","168",".470","40","105",".381","39","63",".619",".589","39","43",".907","9","50","59","40","9","5","6","30","237","0","","cameron-johnson"
"Cameron Payne","30","NYK","PG","9","0","139","24","59",".407","13","33",".394","11","26",".423",".517","0","2",".000","4","12","16","27","7","2","4","20","61","0","","cameron-payne"
"Caris LeVert","30","CLE","SG","13","0","317","55","103",".534","22","48",".458","33","55",".600",".641","21","28",".750","9","29","38","58","13","7","14","18","153","0","","caris-levert"
"Carlton Carrington","19","WAS","PG","12","11","362","42","96",".438","17","46",".370","25","50",".500",".526","16","20",".800","3","50","53","63","16","4","22","39","117","0","","carlton-carrington"
"Cason Wallace","21","OKC","SG","14","6","352","38","96",".396","10","40",".250","28","56",".500",".448","3","3","1.000","9","36","45","22","24","7","7","28","89","0","","cason-wallace"
"Charles Bassey","24","SAS","C","7","0","39","3","7",".429","0","0","","3","7",".429",".429","2","2","1.000","2","11","13","3","3","4","3","1","8","0","","charles-bassey"
"Chet Holmgren","22","OKC","C","10","10","265","56","111",".505","14","37",".378","42","74",".568",".568","38","49",".776","16","71","87","20","8","26","23","18","164","0","","chet-holmgren"
"Chris Boucher","32","TOR","PF","14","0","261","58","115",".504","18","53",".340","40","62",".645",".583","22","30",".733","18","46","64","10","6","10","10","15","156","0","","chris-boucher"
"Chris Duarte","27","CHI","SG","6","0","28","6","10",".600","3","7",".429","3","3","1.000",".750","6","8",".750","1","3","4","2","0","0","0","1","21","0","","chris-duarte"
"Chris Livingston","21","MIL","SF","1","0","2","0","1",".000","0","0","","0","1",".000",".000","0","0","","0","0","0","0","0","0","0","0","0","0","","chris-livingston"
"Chris Paul","39","SAS","PG","14","14","396","51","110",".464","27","71",".380","24","39",".615",".586","17","17","1.000","6","46","52","117","20","1","28","27","146","0","","chris-paul"
"Christian Braun","23","DEN","SG","12","12","425","70","128",".547","17","38",".447","53","90",".589",".613","34","42",".810","14","48","62","23","15","9","14","29","191","0","","christian-braun"
"Christian Koloko","24","LAL","C","5","0","48","7","10",".700","0","1",".000","7","9",".778",".700","0","0","","5","5","10","2","2","2","2","6","14","0","","christian-koloko"
"CJ McCollum","33","NOP","PG","4","4","137","29","65",".446","13","34",".382","16","31",".516",".546","4","6",".667","1","13","14","16","9","4","8","6","75","0","","cj-mccollum"
"Clint Capela","30","ATL","C","14","14","309","66","105",".629","0","0","","66","105",".629",".629","20","32",".625","44","65","109","18","7","9","13","28","152","0","","clint-capela"
"Coby White","24","CHI","SG","14","14","460","89","202",".441","49","125",".392","40","77",".519",".562","46","52",".885","3","43","46","67","20","3","40","35","273","0","","coby-white"
"Cody Martin","29","CHO","SF","13","3","318","43","92",".467","18","46",".391","25","46",".543",".565","14","20",".700","15","41","56","26","12","7","13","25","118","0","","cody-martin"
"Cody Williams","20","UTA","SG","13","7","267","18","62",".290","7","34",".206","11","28",".393",".347","6","10",".600","8","24","32","18","7","4","10","16","49","0","","cody-williams"
"Colby Jones","22","SAC","SG","6","0","12","2","2","1.000","1","1","1.000","1","1","1.000","1.250","0","0","","0","0","0","0","0","1","2","2","5","0","","colby-jones"
"Cole Anthony","24","ORL","PG","12","0","127","16","48",".333","6","23",".261","10","25",".400",".396","13","19",".684","4","24","28","22","8","1","15","15","51","0","","cole-anthony"
"Colin Castleton","24","MEM","C","6","0","14","0","1",".000","0","1",".000","0","0","",".000","4","4","1.000","0","5","5","0","0","1","0","2","4","0","","colin-castleton"
"Collin Gillespie","25","PHO","PG","1","0","3","1","2",".500","1","1","1.000","0","1",".000",".750","0","0","","0","0","0","0","0","0","0","0","3","0","","collin-gillespie"
"Collin Sexton","26","UTA","SG","13","11","343","66","146",".452","22","50",".440","44","96",".458",".527","48","55",".873","9","29","38","39","10","2","32","40","202","0","","collin-sexton"
"Corey Kispert","25","WAS","SF","12","0","355","48","118",".407","24","73",".329","24","45",".533",".508","12","15",".800","2","34","36","19","8","1","12","19","132","0","","corey-kispert"
"Cory Joseph","33","ORL","PG","9","0","33","4","14",".286","4","11",".364","0","3",".000",".429","0","0","","2","4","6","7","1","2","1","3","12","0","","cory-joseph"
"Craig Porter Jr.","24","CLE","PG","10","0","70","8","15",".533","2","5",".400","6","10",".600",".600","3","4",".750","1","9","10","10","2","4","4","4","21","0","","craig-porter"
"Dalano Banton","25","POR","PG","12","0","168","44","92",".478","14","32",".438","30","60",".500",".554","23","33",".697","4","18","22","29","13","7","17","11","125","0","","dalano-banton"
"Dalen Terry","22","CHI","SG","14","0","184","21","46",".457","4","14",".286","17","32",".531",".500","13","19",".684","13","13","26","14","9","6","15","19","59","0","","dalen-terry"
"Dalton Knecht","23","LAL","SF","13","3","263","45","93",".484","23","57",".404","22","36",".611",".608","8","8","1.000","7","23","30","16","6","0","6","15","121","0","","dalton-knecht"
"Damian Lillard","34","MIL","PG","10","10","358","79","178",".444","32","92",".348","47","86",".547",".534","70","77",".909","8","38","46","66","10","2","27","19","260","0","","damian-lillard"
"Damion Lee","32","PHO","SG","3","0","34","3","9",".333","1","5",".200","2","4",".500",".389","4","4","1.000","0","5","5","4","1","0","2","1","11","0","","damion-lee"
"D'Angelo Russell","28","LAL","PG","13","8","364","56","138",".406","24","73",".329","32","65",".492",".493","21","23",".913","4","23","27","63","13","1","21","25","157","0","","dangelo-russell"
"Daniel Gafford","26","DAL","C","14","11","287","75","106",".708","0","0","","75","106",".708",".708","27","41",".659","42","49","91","15","6","18","12","44","177","0","","daniel-gafford"
"Daniel Theis","32","NOP","C","11","5","157","16","36",".444","2","10",".200","14","26",".538",".472","6","8",".750","8","31","39","15","3","7","8","14","40","0","","daniel-theis"
"Daniss Jenkins","23","DET","PG","2","0","5","0","2",".000","0","2",".000","0","0","",".000","0","0","","0","0","0","0","0","0","0","1","0","0","","daniss-jenkins"
"Dario Šarić","30","DEN","C","7","2","110","10","31",".323","3","13",".231","7","18",".389",".371","1","2",".500","7","19","26","9","4","0","6","8","24","0","","dario-saric"
"Dariq Whitehead","20","BRK","SF","1","0","2","0","0","","0","0","","0","0","","","0","0","","0","1","1","0","0","0","2","0","0","0","","dariq-whitehead"
"Darius Garland","25","CLE","PG","15","15","453","117","223",".525","46","101",".455","71","122",".582",".628","41","44",".932","8","28","36","105","18","4","40","37","321","0","","darius-garland"
"David Duke Jr.","25","SAS","SG","1","0","8","1","4",".250","0","1",".000","1","3",".333",".250","1","2",".500","0","0","0","2","0","0","0","1","3","0","","david-duke"
"David Roddy","23","ATL","PF","10","1","188","24","43",".558","9","21",".429","15","22",".682",".663","11","13",".846","4","35","39","19","6","2","12","11","68","0","","david-roddy"
"Davion Mitchell","26","TOR","PG","14","11","406","45","108",".417","14","49",".286","31","59",".525",".481","11","16",".688","9","32","41","84","15","4","29","39","115","0","","davion-mitchell"
"De'Aaron Fox","27","SAC","PG","14","14","522","147","289",".509","30","87",".345","117","202",".579",".561","80","95",".842","14","56","70","78","25","2","51","41","404","0","","deaaron-fox"
"Dean Wade","28","CLE","PF","13","7","285","24","61",".393","18","51",".353","6","10",".600",".541","5","12",".417","8","46","54","20","13","5","4","22","71","0","","dean-wade"
"Deandre Ayton","26","POR","C","11","11","322","68","131",".519","5","13",".385","63","118",".534",".538","5","8",".625","33","83","116","11","10","5","16","22","146","0","","deandre-ayton"
"De'Andre Hunter","27","ATL","SF","3","2","80","17","37",".459","7","15",".467","10","22",".455",".554","17","20",".850","2","14","16","5","2","1","1","12","58","0","","deandre-hunter"
"DeAndre Jordan","36","DEN","C","3","0","35","6","11",".545","0","0","","6","11",".545",".545","0","2",".000","7","8","15","2","0","1","5","4","12","0","","deandre-jordan"
"De'Anthony Melton","26","GSW","SG","6","2","121","22","54",".407","13","35",".371","9","19",".474",".528","5","8",".625","6","14","20","17","7","2","10","18","62","0","","deanthony-melton"
"Dejounte Murray","28","NOP","PG","1","1","30","4","15",".267","0","3",".000","4","12",".333",".267","6","7",".857","0","8","8","10","1","0","1","0","14","0","","dejounte-murray"
"Delon Wright","32","MIL","PG","10","2","175","10","33",".303","4","20",".200","6","13",".462",".364","0","2",".000","4","10","14","22","10","5","4","8","24","0","","delon-wright"
"DeMar DeRozan","35","SAC","SF","12","12","438","102","194",".526","10","25",".400","92","169",".544",".552","61","71",".859","7","42","49","49","20","8","23","15","275","0","","demar-derozan"
"Deni Avdija","24","POR","SF","14","10","349","41","115",".357","12","47",".255","29","68",".426",".409","41","50",".820","18","62","80","43","15","11","27","24","135","0","","deni-avdija"
"Dennis Schröder","31","BRK","PG","14","14","479","87","193",".451","40","94",".426","47","99",".475",".554","39","45",".867","2","38","40","85","18","0","30","34","253","0","","dennis-schroder"
"Dereck Lively II","20","DAL","C","10","3","226","36","53",".679","0","0","","36","53",".679",".679","14","26",".538","26","42","68","22","6","16","12","34","86","0","","dereck-lively"
"Derrick Jones Jr.","27","LAC","SF","14","14","365","55","115",".478","22","50",".440","33","65",".508",".574","11","14",".786","21","28","49","14","18","4","18","33","143","0","","derrick-jones"
"Derrick White","30","BOS","SG","14","14","480","91","197",".462","53","131",".405","38","66",".576",".596","30","35",".857","16","47","63","60","12","16","21","35","265","0","","derrick-white"
"Desmond Bane","26","MEM","SG","7","6","188","47","97",".485","15","43",".349","32","54",".593",".562","14","16",".875","7","37","44","23","7","4","14","17","123","0","","desmond-bane"
"Devin Booker","28","PHO","SG","14","14","512","109","251",".434","38","107",".355","71","144",".493",".510","80","91",".879","19","35","54","93","15","7","30","27","336","0","","devin-booker"
"Devin Vassell","24","SAS","SG","4","0","90","22","49",".449","10","27",".370","12","22",".545",".551","11","11","1.000","1","4","5","14","2","2","7","9","65","0","","devin-vassell"
"Dillon Brooks","29","HOU","SF","14","14","443","65","154",".422","29","73",".397","36","81",".444",".516","17","20",".850","16","32","48","17","10","2","10","42","176","0","","dillon-brooks"
"Dillon Jones","23","OKC","SF","13","0","100","13","35",".371","3","19",".158","10","16",".625",".414","3","6",".500","10","14","24","9","3","1","6","14","32","0","","dillon-jones"
"D.J. Carton","24","TOR","SG","4","0","33","1","7",".143","0","3",".000","1","4",".250",".143","1","1","1.000","0","4","4","3","2","0","4","1","3","0","","dj-carton"
"Domantas Sabonis","28","SAC","C","13","13","474","100","156",".641","12","30",".400","88","126",".698",".679","50","59",".847","37","126","163","86","8","6","44","47","262","3","","domantas-sabonis"
"Dominick Barlow","21","ATL","SF","2","0","11","0","1",".000","0","0","","0","1",".000",".000","1","2",".500","0","0","0","0","0","0","0","1","1","0","","dominick-barlow"
"Donovan Clingan","20","POR","C","14","3","227","32","58",".552","1","5",".200","31","53",".585",".560","15","18",".833","37","42","79","3","6","30","13","39","80","0","","donovan-clingan"
"Donovan Mitchell","28","CLE","SG","14","14","436","122","260",".469","53","126",".421","69","134",".515",".571","47","55",".855","8","53","61","57","21","4","29","30","344","0","","donovan-mitchell"
"Donte DiVincenzo","28","MIN","SG","14","0","359","44","126",".349","32","99",".323","12","27",".444",".476","11","14",".786","6","39","45","46","18","4","23","26","131","0","","donte-divincenzo"
"Dorian Finney-Smith","31","BRK","PF","12","12","350","47","104",".452","27","68",".397","20","36",".556",".582","10","16",".625","26","32","58","21","12","8","14","41","131","0","","dorian-finney-smith"
"Doug McDermott","33","SAC","SF","10","2","103","11","37",".297","9","31",".290","2","6",".333",".419","3","5",".600","0","9","9","2","2","1","0","9","34","0","","doug-mcdermott"
"Draymond Green","34","GSW","PF","12","12","334","34","76",".447","19","42",".452","15","34",".441",".572","22","31",".710","9","57","66","64","13","11","21","41","109","0","","draymond-green"
"Drew Eubanks","27","UTA","C","10","0","138","17","29",".586","1","3",".333","16","26",".615",".603","9","13",".692","14","23","37","10","3","6","7","11","44","0","","drew-eubanks"
"Drew Peterson","25","BOS","PF","3","0","7","0","1",".000","0","1",".000","0","0","",".000","0","0","","0","1","1","1","1","2","1","0","0","0","","drew-peterson"
"Dru Smith","27","MIA","SG","4","0","28","2","6",".333","0","1",".000","2","5",".400",".333","0","0","","2","5","7","2","0","4","2","3","4","0","","dru-smith"
"Duncan Robinson","30","MIA","SF","11","0","221","38","98",".388","28","72",".389","10","26",".385",".531","5","5","1.000","3","21","24","19","6","3","7","21","109","0","","duncan-robinson"
"Duop Reath","28","POR","C","7","0","28","3","13",".231","2","9",".222","1","4",".250",".308","0","0","","2","2","4","2","0","1","1","3","8","0","","duop-reath"
"Dwight Powell","33","DAL","C","12","0","110","6","8",".750","0","0","","6","8",".750",".750","11","16",".688","9","17","26","9","4","6","4","21","23","0","","dwight-powell"
"Dyson Daniels","21","ATL","SG","12","12","402","76","161",".472","14","51",".275","62","110",".564",".516","14","23",".609","17","38","55","36","44","10","24","32","180","0","","dyson-daniels"
"E.J. Liddell","24","CHI","PF","1","0","1","0","0","","0","0","","0","0","","","0","0","","0","0","0","0","0","0","0","0","0","0","","ej-liddell"
"Enrique Freeman","24","IND","PF","6","0","49","1","6",".167","0","2",".000","1","4",".250",".167","4","4","1.000","1","3","4","3","1","1","1","7","6","0","","enrique-freeman"
"Eric Gordon","36","PHI","SG","10","1","193","18","47",".383","8","27",".296","10","20",".500",".468","14","18",".778","2","8","10","13","3","3","12","9","58","0","","eric-gordon"
"Evan Mobley","23","CLE","PF","14","14","429","100","175",".571","9","24",".375","91","151",".603",".597","45","55",".818","26","97","123","33","13","21","33","32","254","0","","evan-mobley"
"Franz Wagner","23","ORL","SF","14","14","429","116","248",".468","28","81",".346","88","167",".527",".524","51","60",".850","15","63","78","67","21","4","28","30","311","0","","franz-wagner"
"Fred VanVleet","30","HOU","PG","13","13","452","70","174",".402","29","92",".315","41","82",".500",".486","24","32",".750","10","48","58","80","23","5","15","33","193","0","","fred-vanvleet"
"Gabe Vincent","28","LAL","PG","13","0","235","15","54",".278","6","34",".176","9","20",".450",".333","2","4",".500","4","9","13","7","9","0","7","19","38","0","","gabe-vincent"
"Garrett Temple","38","TOR","SG","4","0","13","1","3",".333","0","1",".000","1","2",".500",".333","0","0","","1","0","1","2","1","0","1","3","2","0","","garrett-temple"
"Garrison Mathews","28","ATL","SG","13","0","275","38","83",".458","32","70",".457","6","13",".462",".651","23","26",".885","3","13","16","21","10","3","7","26","131","0","","garrison-mathews"
"Gary Harris","30","ORL","SG","12","0","205","16","45",".356","12","34",".353","4","11",".364",".489","2","3",".667","6","12","18","6","4","5","5","5","46","0","","gary-harris"
"Gary Payton II","32","GSW","PG","12","2","142","25","36",".694","2","8",".250","23","28",".821",".722","5","8",".625","10","11","21","13","8","4","8","17","57","0","","gary-payton"
"Gary Trent Jr.","26","MIL","SG","11","7","273","26","79",".329","14","51",".275","12","28",".429",".418","13","14",".929","0","16","16","11","11","0","7","23","79","0","","gary-trent"
"Georges Niang","31","CLE","PF","15","1","288","46","96",".479","23","64",".359","23","32",".719",".599","2","3",".667","8","43","51","15","7","4","14","33","117","0","","georges-niang"
"Giannis Antetokounmpo","30","MIL","PF","12","12","423","157","259",".606","2","10",".200","155","249",".622",".610","72","119",".605","27","121","148","73","6","17","33","37","388","1","","giannis-antetokounmpo"
"Goga Bitadze","25","ORL","C","10","7","197","32","47",".681","0","5",".000","32","42",".762",".681","6","9",".667","28","37","65","17","5","13","14","20","70","0","","goga-bitadze"
"Gradey Dick","21","TOR","SG","14","14","461","89","212",".420","33","98",".337","56","114",".491",".498","55","61",".902","8","30","38","33","13","5","22","28","266","0","","gradey-dick"
"Grant Williams","26","CHO","PF","13","4","374","43","99",".434","24","65",".369","19","34",".559",".556","20","25",".800","13","52","65","30","16","8","22","41","130","0","","grant-williams"
"Grayson Allen","29","PHO","SG","10","0","211","31","82",".378","23","63",".365","8","19",".421",".518","14","16",".875","6","18","24","10","7","4","10","11","99","0","","grayson-allen"
"Guerschon Yabusele","29","PHI","PF","12","1","267","41","85",".482","18","48",".375","23","37",".622",".588","10","16",".625","19","40","59","22","10","5","16","35","110","0","","guerschon-yabusele"
"Gui Santos","22","GSW","PF","5","0","20","2","3",".667","1","2",".500","1","1","1.000",".833","1","2",".500","1","4","5","2","0","0","2","3","6","0","","gui-santos"
"Harrison Barnes","32","SAS","PF","14","14","396","44","91",".484","16","42",".381","28","49",".571",".571","25","30",".833","21","33","54","21","4","3","12","10","129","0","","harrison-barnes"
"Harrison Ingram","22","SAS","SF","1","0","7","0","1",".000","0","0","","0","1",".000",".000","0","0","","0","1","1","0","0","0","0","1","0","0","","harrison-ingram"
"Haywood Highsmith","28","MIA","SF","10","4","243","30","54",".556","10","26",".385","20","28",".714",".648","7","11",".636","8","23","31","8","15","4","5","19","77","0","","haywood-highsmith"
"Herbert Jones","26","NOP","SF","4","4","113","12","25",".480","2","11",".182","10","14",".714",".520","1","2",".500","4","6","10","4","7","1","5","9","27","0","","herbert-jones"
"Hunter Tyson","24","DEN","PF","8","0","79","7","16",".438","1","9",".111","6","7",".857",".469","3","3","1.000","2","11","13","4","2","1","3","11","18","0","","hunter-tyson"
"Immanuel Quickley","25","TOR","PG","3","3","68","16","42",".381","6","16",".375","10","26",".385",".452","8","9",".889","1","5","6","12","2","0","4","7","46","0","","immanuel-quickley"
"Isaac Jones","24","SAC","PF","6","0","22","4","6",".667","0","0","","4","6",".667",".667","2","2","1.000","1","2","3","0","0","1","0","6","10","0","","isaac-jones"
"Isaac Okoro","24","CLE","SG","15","8","303","32","65",".492","16","36",".444","16","29",".552",".615","8","13",".615","11","20","31","23","12","5","4","30","88","0","","isaac-okoro"
"Isaiah Collier","20","UTA","PG","6","1","108","11","21",".524","1","9",".111","10","12",".833",".548","3","6",".500","1","13","14","16","6","2","11","9","26","0","","isaiah-collier"
"Isaiah Jackson","23","IND","C","5","1","84","14","23",".609","0","0","","14","23",".609",".609","7","14",".500","11","17","28","5","3","8","5","14","35","0","","isaiah-jackson"
"Isaiah Joe","25","OKC","SG","14","7","310","44","108",".407","32","88",".364","12","20",".600",".556","6","8",".750","10","34","44","24","10","4","4","28","126","0","","isaiah-joe"
"Isaiah Stewart","23","DET","C","15","2","334","37","66",".561","2","8",".250","35","58",".603",".576","19","22",".864","40","66","106","28","7","20","15","46","95","0","","isaiah-stewart"
"Ivica Zubac","27","LAC","C","14","14","475","96","167",".575","0","0","","96","167",".575",".575","30","51",".588","59","110","169","31","9","17","31","38","222","0","","ivica-zubac"
"Ja Morant","25","MEM","PG","8","8","223","56","125",".448","8","31",".258","48","94",".511",".480","45","54",".833","4","36","40","73","5","2","34","14","165","1","","ja-morant"
"Jabari Smith Jr.","21","HOU","PF","14","14","397","58","138",".420","20","66",".303","38","72",".528",".493","28","33",".848","33","66","99","11","6","6","10","32","164","0","","jabari-smith"
"Jabari Walker","22","POR","SF","11","0","92","11","27",".407","2","9",".222","9","18",".500",".444","7","8",".875","9","19","28","3","2","1","5","12","31","0","","jabari-walker"
"Jack McVeigh","28","HOU","PF","5","0","17","2","9",".222","1","6",".167","1","3",".333",".278","0","0","","0","2","2","0","0","1","1","1","5","0","","jack-mcveigh"
"Jacob Toppin","24","NYK","SF","3","0","10","1","2",".500","0","1",".000","1","1","1.000",".500","0","0","","0","1","1","1","0","0","0","0","2","0","","jacob-toppin"
"Jaden Hardy","22","DAL","SG","13","0","182","25","61",".410","9","33",".273","16","28",".571",".484","8","8","1.000","4","14","18","16","7","1","16","19","67","0","","jaden-hardy"
"Jaden Ivey","22","DET","SG","14","14","453","97","214",".453","26","71",".366","71","143",".497",".514","45","61",".738","21","44","65","59","12","8","45","39","265","0","","jaden-ivey"
"Jaden McDaniels","24","MIN","PF","14","14","416","57","122",".467","16","51",".314","41","71",".577",".533","12","20",".600","17","32","49","24","19","14","17","51","142","0","","jaden-mcdaniels"
"Jaden Springer","22","BOS","PG","4","0","16","1","5",".200","0","2",".000","1","3",".333",".200","1","2",".500","2","2","4","1","2","0","1","1","3","0","","jaden-springer"
"Jae'Sean Tate","29","HOU","SF","6","0","25","6","10",".600","0","1",".000","6","9",".667",".600","3","5",".600","3","10","13","4","1","0","3","4","15","0","","jaesean-tate"
"Jaime Jaquez Jr.","23","MIA","SF","9","0","207","31","73",".425","7","18",".389","24","55",".436",".473","11","19",".579","16","38","54","25","10","1","16","18","80","0","","jaime-jaquez"
"Jake LaRavia","23","MEM","PF","14","0","346","43","86",".500","14","34",".412","29","52",".558",".581","23","36",".639","22","47","69","52","14","8","21","32","123","0","","jake-laravia"
"Jakob Poeltl","29","TOR","C","14","14","457","100","168",".595","0","0","","100","168",".595",".595","27","42",".643","62","101","163","38","16","18","35","51","227","0","","jakob-poeltl"
"Ja'Kobe Walter","20","TOR","SG","4","0","49","3","16",".188","1","6",".167","2","10",".200",".219","3","5",".600","4","7","11","3","0","1","0","8","10","0","","jakobe-walter"
"Jalen Bridges","23","PHO","SF","2","0","11","0","2",".000","0","2",".000","0","0","",".000","1","2",".500","0","1","1","0","0","0","2","0","1","0","","jalen-bridges"
"Jalen Brunson","28","NYK","PG","13","13","448","110","239",".460","26","74",".351","84","165",".509",".515","70","86",".814","6","34","40","89","7","0","30","31","316","0","","jalen-brunson"
"Jalen Duren","21","DET","C","13","13","317","47","59",".797","0","0","","47","59",".797",".797","18","35",".514","42","83","125","35","4","14","24","43","112","0","","jalen-duren"
"Jalen Green","22","HOU","SG","14","14","451","94","238",".395","38","117",".325","56","121",".463",".475","49","56",".875","7","59","66","39","12","5","36","29","275","0","","jalen-green"
"Jalen Hood-Schifino","21","LAL","SG","1","0","1","0","0","","0","0","","0","0","","","0","0","","0","0","0","0","0","0","0","0","0","0","","jalen-hood-schifino"
"Jalen Johnson","23","ATL","SF","14","14","512","104","218",".477","20","64",".313","84","154",".545",".523","43","59",".729","26","113","139","75","20","16","50","35","271","1","","jalen-johnson"
"Jalen Pickett","25","DEN","SG","2","0","4","0","1",".000","0","1",".000","0","0","",".000","0","0","","0","0","0","0","0","0","0","0","0","0","","jalen-pickett"
"Jalen Smith","24","CHI","C","12","0","174","32","73",".438","14","40",".350","18","33",".545",".534","13","18",".722","17","44","61","7","5","6","7","25","91","0","","jalen-smith"
"Jalen Suggs","23","ORL","PG","14","14","422","73","178",".410","29","95",".305","44","83",".530",".492","37","40",".925","9","61","70","56","22","15","42","36","212","0","","jalen-suggs"
"Jalen Williams","23","OKC","SG","14","14","451","116","226",".513","27","67",".403","89","159",".560",".573","32","40",".800","14","75","89","70","28","14","30","42","291","0","","jalen-williams"
"Jalen Wilson","24","BRK","PF","14","0","303","41","91",".451","14","47",".298","27","44",".614",".527","25","29",".862","15","33","48","27","4","0","13","29","121","0","","jalen-wilson"
"Jamal Cain","25","NOP","SF","10","0","134","16","38",".421","7","20",".350","9","18",".500",".513","6","10",".600","11","18","29","6","1","5","7","15","45","0","","jamal-cain"
"Jamal Murray","27","DEN","PG","9","9","327","55","138",".399","16","53",".302","39","85",".459",".457","30","35",".857","4","35","39","49","11","2","18","15","156","0","","jamal-murray"
"Jamal Shead","22","TOR","PG","14","0","221","28","75",".373","5","24",".208","23","51",".451",".407","9","10",".900","1","12","13","48","5","2","21","27","70","0","","jamal-shead"
"James Harden","35","LAC","PG","14","14","483","85","224",".379","35","113",".310","50","111",".450",".458","84","98",".857","11","99","110","119","22","13","63","33","289","1","","james-harden"
"James Johnson","37","IND","PF","2","0","6","1","2",".500","0","1",".000","1","1","1.000",".500","0","0","","0","0","0","1","0","1","1","0","2","0","","james-johnson"
"James Wiseman","23","IND","C","1","0","5","2","4",".500","0","1",".000","2","3",".667",".500","2","2","1.000","0","1","1","0","0","0","0","0","6","0","","james-wiseman"
"Jamison Battle","23","TOR","SF","13","0","183","24","56",".429","16","41",".390","8","15",".533",".571","6","8",".750","10","20","30","11","0","2","4","19","70","0","","jamison-battle"
"Jarace Walker","21","IND","PF","13","0","201","28","60",".467","13","28",".464","15","32",".469",".575","6","10",".600","7","38","45","19","17","5","19","19","75","0","","jarace-walker"
"Jared Butler","24","WAS","SG","9","0","77","15","32",".469","1","5",".200","14","27",".519",".484","13","18",".722","2","5","7","20","5","2","2","7","44","0","","jared-butler"
"Jared McCain","20","PHI","SG","12","2","240","63","133",".474","25","62",".403","38","71",".535",".568","27","27","1.000","6","18","24","29","5","0","11","15","178","0","","jared-mccain"
"Jared Rhoden","25","CHO","SG","4","0","12","2","8",".250","0","2",".000","2","6",".333",".250","0","0","","2","2","4","2","1","0","1","1","4","0","","jared-rhoden"
"Jaren Jackson Jr.","25","MEM","C","12","12","346","100","186",".538","22","60",".367","78","126",".619",".597","55","69",".797","14","54","68","13","17","17","23","36","277","0","","jaren-jackson"
"Jarrett Allen","26","CLE","C","15","15","453","86","130",".662","0","0","","86","130",".662",".662","46","61",".754","30","134","164","25","15","19","18","16","218","0","","jarrett-allen"
"Javonte Green","31","NOP","SG","14","4","329","25","65",".385","10","28",".357","15","37",".405",".462","17","20",".850","12","35","47","12","17","7","5","15","77","0","","javonte-green"
"Jaxson Hayes","24","LAL","C","10","1","175","24","34",".706","0","0","","24","34",".706",".706","15","19",".789","19","27","46","9","3","9","6","27","63","0","","jaxson-hayes"
"Jay Huff","26","MEM","C","14","1","203","47","83",".566","23","52",".442","24","31",".774",".705","15","17",".882","8","28","36","11","4","24","7","15","132","0","","jay-huff"
"Jaylen Brown","28","BOS","SF","10","10","368","86","200",".430","20","68",".294","66","132",".500",".480","64","82",".780","16","55","71","40","11","4","23","28","256","0","","jaylen-brown"
"Jaylen Martin","21","BRK","SF","2","0","3","1","1","1.000","1","1","1.000","0","0","","1.500","0","0","","0","0","0","0","0","0","0","1","3","0","","jaylen-martin"
"Jaylen Nowell","25","NOP","SG","7","0","147","24","64",".375","8","24",".333","16","40",".400",".438","7","11",".636","6","14","20","14","1","2","5","4","63","0","","jaylen-nowell"
"Jaylen Wells","21","MEM","SG","14","9","365","60","139",".432","24","65",".369","36","74",".486",".518","21","28",".750","12","32","44","22","4","4","14","24","165","0","","jaylen-wells"
"Jaylon Tyson","22","CLE","SG","6","0","26","2","6",".333","2","4",".500","0","2",".000",".500","1","2",".500","0","4","4","2","0","0","4","7","7","0","","jaylon-tyson"
"Jayson Tatum","26","BOS","PF","14","14","510","129","280",".461","59","155",".381","70","125",".560",".566","99","121",".818","6","104","110","82","19","8","40","37","416","0","","jayson-tatum"
"Jazian Gortman","21","DAL","PG","2","0","5","1","1","1.000","1","1","1.000","0","0","","1.500","0","0","","0","0","0","0","0","0","1","0","3","0","","jazian-gortman"
"JD Davison","22","BOS","PG","3","0","14","1","4",".250","0","2",".000","1","2",".500",".250","1","2",".500","0","1","1","1","1","0","4","1","3","0","","jd-davison"
"Jeenathan Williams","25","HOU","SG","2","0","7","3","4",".750","1","2",".500","2","2","1.000",".875","0","0","","0","3","3","0","1","0","0","0","7","0","","jeenathan-williams"
"Jeff Dowtin","27","PHI","PG","7","0","60","5","16",".313","1","6",".167","4","10",".400",".344","3","4",".750","2","4","6","4","3","0","0","3","14","0","","jeff-dowtin"
"Jeff Green","38","HOU","PF","4","0","25","4","7",".571","2","5",".400","2","2","1.000",".714","0","0","","0","3","3","1","1","0","1","2","10","0","","jeff-green"
"Jerami Grant","30","POR","PF","14","14","462","79","205",".385","32","94",".340","47","111",".423",".463","47","59",".797","4","43","47","30","13","17","20","29","237","0","","jerami-grant"
"Jeremiah Robinson-Earl","24","NOP","PF","14","3","272","33","73",".452","11","30",".367","22","43",".512",".527","15","15","1.000","31","29","60","13","7","1","11","18","92","0","","jeremiah-robinson-earl"
"Jeremy Sochan","21","SAS","PF","7","7","205","44","86",".512","3","12",".250","41","74",".554",".529","17","25",".680","17","37","54","21","7","3","16","21","108","0","","jeremy-sochan"
"Jericho Sims","26","NYK","C","13","1","174","10","14",".714","0","0","","10","14",".714",".714","0","2",".000","20","31","51","8","2","5","7","20","20","0","","jericho-sims"
"Jett Howard","21","ORL","SF","14","0","122","20","50",".400","17","42",".405","3","8",".375",".570","2","2","1.000","1","11","12","3","1","5","5","12","59","0","","jett-howard"
"Jevon Carter","29","CHI","PG","5","0","35","5","15",".333","3","10",".300","2","5",".400",".433","0","0","","1","4","5","4","3","0","1","1","13","0","","jevon-carter"
"Jimmy Butler","35","MIA","PF","8","8","244","43","90",".478","2","13",".154","41","77",".532",".489","41","56",".732","21","17","38","39","12","2","14","12","129","0","","jimmy-butler"
"Jock Landale","29","HOU","C","10","0","113","17","37",".459","3","5",".600","14","32",".438",".500","7","12",".583","15","19","34","9","2","4","5","11","44","0","","jock-landale"
"Joe Ingles","37","MIN","SF","7","0","26","0","2",".000","0","2",".000","0","0","",".000","0","0","","2","0","2","9","0","0","1","5","0","0","","joe-ingles"
"Joel Embiid","30","PHI","C","2","2","59","7","26",".269","1","10",".100","6","16",".375",".288","18","18","1.000","2","9","11","7","1","2","8","5","33","0","","joel-embiid"
"John Collins","27","UTA","PF","13","4","352","87","166",".524","13","36",".361","74","130",".569",".563","41","42",".976","33","69","102","34","19","10","35","39","228","0","","john-collins"
"John Konchar","28","MEM","SG","7","0","111","6","14",".429","4","12",".333","2","2","1.000",".571","3","4",".750","7","19","26","8","3","5","3","6","19","0","","john-konchar"
"Johnny Davis","22","WAS","SG","10","0","74","11","24",".458","2","3",".667","9","21",".429",".500","1","2",".500","4","10","14","2","2","1","1","8","25","0","","johnny-davis"
"Johnny Furphy","20","IND","SG","5","0","31","3","12",".250","0","4",".000","3","8",".375",".250","1","1","1.000","3","3","6","1","1","1","3","0","7","0","","johnny-furphy"
"Johnny Juzang","23","UTA","SG","9","0","133","14","35",".400","9","25",".360","5","10",".500",".529","10","10","1.000","2","9","11","7","5","2","5","16","47","0","","johnny-juzang"
"Jonas Valančiūnas","32","WAS","C","12","2","244","57","104",".548","2","5",".400","55","99",".556",".558","30","32",".938","28","65","93","27","5","8","20","19","146","0","","jonas-valanciunas"
"Jonathan Isaac","27","ORL","PF","11","0","173","27","54",".500","9","28",".321","18","26",".692",".583","10","16",".625","21","32","53","4","9","10","5","14","73","0","","jonathan-isaac"
"Jonathan Kuminga","22","GSW","PF","12","3","285","62","135",".459","13","41",".317","49","94",".521",".507","33","52",".635","16","36","52","21","10","5","19","23","170","0","","jonathan-kuminga"
"Jonathan Mogbo","23","TOR","PF","14","1","219","22","48",".458","1","7",".143","21","41",".512",".469","20","29",".690","31","27","58","23","13","7","12","30","65","0","","jonathan-mogbo"
"Jordan Clarkson","32","UTA","SG","11","2","287","60","150",".400","21","75",".280","39","75",".520",".470","32","41",".780","8","34","42","42","11","1","22","15","173","0","","jordan-clarkson"
"Jordan Hawkins","22","NOP","SG","8","3","242","42","103",".408","19","52",".365","23","51",".451",".500","27","29",".931","4","32","36","11","1","3","13","11","130","0","","jordan-hawkins"
"Jordan McLaughlin","28","SAC","PG","11","0","97","10","25",".400","5","14",".357","5","11",".455",".500","5","6",".833","2","9","11","11","6","0","5","8","30","0","","jordan-mclaughlin"
"Jordan Miller","25","LAC","SF","4","0","30","4","12",".333","1","5",".200","3","7",".429",".375","11","13",".846","3","2","5","2","0","0","3","1","20","0","","jordan-miller"
"Jordan Poole","25","WAS","SG","12","12","362","89","194",".459","43","95",".453","46","99",".465",".570","45","49",".918","3","23","26","55","25","7","40","43","266","0","","jordan-poole"
"Jordan Walsh","20","BOS","PF","12","0","108","6","20",".300","4","16",".250","2","4",".500",".400","0","1",".000","3","9","12","3","4","3","2","9","16","0","","jordan-walsh"
"Jose Alvarado","26","NOP","PG","11","7","282","40","101",".396","24","60",".400","16","41",".390",".515","14","17",".824","6","18","24","49","17","3","14","26","118","0","","jose-alvarado"
"Josh Giddey","22","CHI","PG","14","14","383","62","151",".411","19","51",".373","43","100",".430",".474","29","43",".674","19","68","87","89","11","3","33","21","172","0","","josh-giddey"
"Josh Green","24","CHO","SG","11","10","265","25","53",".472","15","29",".517","10","24",".417",".613","6","9",".667","7","16","23","17","8","4","7","32","71","0","","josh-green"
"Josh Hart","29","NYK","SG","13","13","487","67","116",".578","15","46",".326","52","70",".743",".642","29","33",".879","22","96","118","79","13","3","26","30","178","1","","josh-hart"
"Josh Minott","22","MIN","SF","6","0","42","4","8",".500","0","4",".000","4","4","1.000",".500","1","2",".500","0","4","4","1","0","2","3","8","9","0","","josh-minott"
"Josh Okogie","26","PHO","SG","6","1","108","24","44",".545","6","14",".429","18","30",".600",".614","9","14",".643","11","15","26","2","7","0","6","7","63","0","","josh-okogie"
"Josh Richardson","31","MIA","SG","7","0","135","10","32",".313","6","18",".333","4","14",".286",".406","2","2","1.000","6","6","12","11","8","1","7","16","28","0","","josh-richardson"
"Jrue Holiday","34","BOS","PG","13","13","400","61","126",".484","24","66",".364","37","60",".617",".579","20","23",".870","11","40","51","52","7","3","21","16","166","0","","jrue-holiday"
"JT Thor","22","CLE","PF","1","0","2","1","1","1.000","0","0","","1","1","1.000","1.000","0","0","","0","0","0","0","0","1","0","0","2","0","","jt-thor"
"Julian Champagnie","23","SAS","SF","14","14","395","54","124",".435","33","89",".371","21","35",".600",".569","11","13",".846","12","62","74","22","8","7","15","21","152","0","","julian-champagnie"
"Julian Phillips","21","CHI","SF","14","0","193","22","54",".407","10","33",".303","12","21",".571",".500","6","12",".500","11","16","27","6","12","2","7","18","60","0","","julian-phillips"
"Julian Strawther","22","DEN","SG","12","0","258","41","92",".446","18","47",".383","23","45",".511",".543","17","22",".773","5","22","27","18","11","5","13","32","117","0","","julian-strawther"
"Julius Randle","30","MIN","PF","14","14","476","105","207",".507","26","68",".382","79","139",".568",".570","67","81",".827","28","63","91","62","9","1","41","35","303","0","","julius-randle"
"Justin Champagnie","23","WAS","SF","2","0","5","0","0","","0","0","","0","0","","","0","0","","1","1","2","1","0","0","0","3","0","0","","justin-champagnie"
"Jusuf Nurkić","30","PHO","C","13","13","308","35","91",".385","10","38",".263","25","53",".472",".440","31","47",".660","25","103","128","14","11","7","35","38","111","0","","jusuf-nurkic"
"Kai Jones","24","LAC","C","10","0","85","10","14",".714","0","0","","10","14",".714",".714","3","5",".600","10","11","21","3","0","7","5","9","23","0","","kai-jones"
"Karl-Anthony Towns","29","NYK","C","12","12","403","115","212",".542","31","62",".500","84","150",".560",".616","56","67",".836","37","112","149","36","10","10","23","42","317","0","","karl-anthony-towns"
"Karlo Matković","23","NOP","PF","2","0","5","1","1","1.000","0","0","","1","1","1.000","1.000","0","0","","3","1","4","0","0","1","2","1","2","0","","karlo-matkovic"
"Keaton Wallace","25","ATL","PG","12","1","194","22","55",".400","8","26",".308","14","29",".483",".473","4","4","1.000","2","16","18","22","10","6","12","13","56","0","","keaton-wallace"
"Keegan Murray","24","SAC","PF","14","14","527","71","163",".436","25","84",".298","46","79",".582",".512","18","21",".857","33","80","113","24","6","9","11","43","185","0","","keegan-murray"
"Keldon Johnson","25","SAS","SF","14","0","371","63","143",".441","13","51",".255","50","92",".543",".486","27","35",".771","17","61","78","21","14","4","11","26","166","0","","keldon-johnson"
"Kel'el Ware","20","MIA","C","7","0","47","8","19",".421","2","6",".333","6","13",".462",".474","0","0","","0","9","9","0","2","4","3","6","18","0","","kelel-ware"
"Kelly Oubre Jr.","29","PHI","SF","12","11","373","63","154",".409","15","56",".268","48","98",".490",".458","25","33",".758","17","39","56","14","10","4","16","43","166","0","","kelly-oubre"
"Kenrich Williams","30","OKC","PF","4","0","53","7","15",".467","2","8",".250","5","7",".714",".533","2","2","1.000","1","10","11","4","3","4","2","9","18","0","","kenrich-williams"
"Kentavious Caldwell-Pope","31","ORL","SG","14","14","415","33","98",".337","15","64",".234","18","34",".529",".413","19","19","1.000","6","28","34","28","19","8","10","30","100","0","","kentavious-caldwell-pope"
"Keon Ellis","25","SAC","SG","13","1","270","24","51",".471","11","32",".344","13","19",".684",".578","10","12",".833","10","15","25","10","16","11","13","28","69","0","","keon-ellis"
"Keon Johnson","22","BRK","SG","13","0","169","22","60",".367","12","38",".316","10","22",".455",".467","6","7",".857","7","30","37","13","4","4","10","19","62","0","","keon-johnson"
"Kessler Edwards","24","DAL","SF","3","0","7","0","2",".000","0","2",".000","0","0","",".000","0","0","","0","0","0","0","0","0","1","2","0","0","","kessler-edwards"
"Kevin Durant","36","PHO","PF","9","9","349","89","161",".553","24","56",".429","65","105",".619",".627","46","55",".836","2","57","59","31","7","13","30","16","248","0","","kevin-durant"
"Kevin Huerter","26","SAC","SG","12","12","333","53","115",".461","25","74",".338","28","41",".683",".570","5","9",".556","5","42","47","30","15","6","12","33","136","0","","kevin-huerter"
"Kevin Love","36","MIA","PF","4","4","47","12","25",".480","7","15",".467","5","10",".500",".620","1","1","1.000","3","18","21","4","6","0","1","2","32","0","","kevin-love"
"Kevin Porter Jr.","24","LAC","SG","14","0","239","47","113",".416","8","34",".235","39","79",".494",".451","12","22",".545","8","37","45","39","9","2","31","17","114","0","","kevin-porter"
"Kevon Looney","28","GSW","C","11","0","173","25","52",".481","0","0","","25","52",".481",".481","14","23",".609","47","45","92","19","10","4","8","31","64","0","","kevon-looney"
"Keyonte George","21","UTA","PG","12","12","383","57","162",".352","29","94",".309","28","68",".412",".441","33","42",".786","7","28","35","66","7","1","35","19","176","0","","keyonte-george"
"KJ Martin","24","PHI","PF","10","1","158","18","28",".643","2","4",".500","16","24",".667",".679","9","12",".750","4","19","23","5","3","6","1","22","47","0","","kj-martin"
"KJ Simpson","22","CHO","PG","1","0","7","1","2",".500","0","1",".000","1","1","1.000",".500","0","0","","2","1","3","1","0","0","0","0","2","0","","kj-simpson"
"Klay Thompson","34","DAL","SF","14","14","407","69","174",".397","42","118",".356","27","56",".482",".517","11","11","1.000","6","41","47","25","8","4","14","18","191","0","","klay-thompson"
"Kobe Brown","25","LAC","PF","4","0","26","5","13",".385","0","4",".000","5","9",".556",".385","1","2",".500","4","6","10","2","1","0","0","1","11","0","","kobe-brown"
"Kris Dunn","30","LAC","PG","14","3","313","45","84",".536","18","46",".391","27","38",".711",".643","3","8",".375","13","40","53","44","15","3","11","38","111","0","","kris-dunn"
"Kris Murray","24","POR","SF","13","0","175","21","48",".438","8","22",".364","13","26",".500",".521","6","17",".353","15","19","34","10","8","2","8","11","56","0","","kris-murray"
"Kyle Anderson","31","GSW","SF","11","0","186","23","62",".371","8","27",".296","15","35",".429",".435","10","14",".714","10","31","41","30","11","9","4","11","64","0","","kyle-anderson"
"Kyle Filipowski","21","UTA","C","12","6","223","37","67",".552","9","27",".333","28","40",".700",".619","12","25",".480","10","42","52","23","6","2","11","16","95","0","","kyle-filipowski"
"Kyle Kuzma","29","WAS","PF","7","7","200","49","121",".405","13","45",".289","36","76",".474",".459","14","20",".700","8","38","46","15","2","3","24","14","125","0","","kyle-kuzma"
"Kyle Lowry","38","PHI","PG","12","9","296","24","60",".400","17","45",".378","7","15",".467",".542","15","19",".789","6","22","28","43","15","5","10","22","80","0","","kyle-lowry"
"Kyrie Irving","32","DAL","SG","13","13","456","122","224",".545","38","73",".521","84","151",".556",".629","40","47",".851","15","45","60","66","18","3","25","27","322","0","","kyrie-irving"
"Kyshawn George","21","WAS","SG","12","4","336","39","109",".358","20","73",".274","19","36",".528",".450","13","16",".813","7","44","51","38","10","11","10","43","111","0","","kyshawn-george"
"LaMelo Ball","23","CHO","PG","13","13","441","133","306",".435","60","166",".361","73","140",".521",".533","60","68",".882","13","52","65","87","16","3","57","53","386","0","","lamelo-ball"
"Larry Nance Jr.","32","ATL","PF","9","1","140","28","43",".651","14","22",".636","14","21",".667",".814","1","2",".500","10","12","22","11","7","3","4","11","71","0","","larry-nance"
"Lauri Markkanen","27","UTA","PF","10","10","308","51","118",".432","26","57",".456","25","61",".410",".542","45","54",".833","17","47","64","24","6","0","17","15","173","0","","lauri-markkanen"
"LeBron James","40","LAL","SF","13","13","460","111","216",".514","31","72",".431","80","144",".556",".586","50","66",".758","10","102","112","120","9","6","47","17","303","5","","lebron-james"
"Lester Quiñones","24","PHI","SG","2","0","5","1","2",".500","0","1",".000","1","1","1.000",".500","1","1","1.000","2","1","3","1","0","0","0","0","3","0","","lester-quinones"
"Liam Robbins","25","MIL","C","3","0","17","2","3",".667","0","1",".000","2","2","1.000",".667","1","4",".250","2","1","3","0","0","0","0","3","5","0","","liam-robbins"
"Lindy Waters III","27","GSW","SG","10","2","134","20","40",".500","11","27",".407","9","13",".692",".638","2","2","1.000","4","13","17","14","3","2","1","10","53","0","","lindy-waters"
"Lonzo Ball","27","CHI","PG","3","0","47","5","14",".357","4","12",".333","1","2",".500",".500","0","0","","0","8","8","11","0","1","3","4","14","0","","lonzo-ball"
"Luguentz Dort","25","OKC","SG","14","14","399","57","120",".475","35","78",".449","22","42",".524",".621","22","27",".815","14","41","55","23","17","10","10","39","171","0","","luguentz-dort"
"Luka Dončić","25","DAL","PG","13","13","484","128","301",".425","42","131",".321","86","170",".506",".495","69","87",".793","8","94","102","102","19","4","43","39","367","0","","luka-doncic"
"Luka Garza","26","MIN","PF","4","0","17","4","11",".364","0","4",".000","4","7",".571",".364","0","1",".000","1","4","5","0","0","0","2","1","8","0","","luka-garza"
"Luke Kennard","28","MEM","SG","6","0","122","14","33",".424","11","24",".458","3","9",".333",".591","3","5",".600","2","14","16","24","2","1","6","8","42","0","","luke-kennard"
"Luke Kornet","29","BOS","C","13","2","217","20","32",".625","0","0","","20","32",".625",".625","16","17",".941","25","26","51","22","7","9","5","19","56","0","","luke-kornet"
"Luke Travers","23","CLE","SG","3","0","9","1","1","1.000","0","0","","1","1","1.000","1.000","2","2","1.000","1","3","4","2","0","1","1","3","4","0","","luke-travers"
"Mac McClung","26","ORL","SG","1","0","5","0","0","","0","0","","0","0","","","0","0","","0","1","1","2","0","0","0","0","0","0","","mac-mcclung"
"Malaki Branham","21","SAS","SG","12","0","175","37","75",".493","14","30",".467","23","45",".511",".587","15","18",".833","1","20","21","14","5","2","15","6","103","0","","malaki-branham"
"Malcolm Brogdon","32","WAS","PG","1","0","22","0","4",".000","0","1",".000","0","3",".000",".000","1","2",".500","0","2","2","0","0","0","1","0","1","0","","malcolm-brogdon"
"Malevy Leons","25","OKC","SF","6","0","21","0","2",".000","0","1",".000","0","1",".000",".000","2","4",".500","1","2","3","1","0","0","1","4","2","0","","malevy-leons"
"Malik Beasley","28","DET","SG","15","3","429","80","193",".415","52","131",".397","28","62",".452",".549","14","21",".667","10","34","44","24","10","1","20","22","226","0","","malik-beasley"
"Malik Monk","26","SAC","SG","10","0","250","46","104",".442","12","43",".279","34","61",".557",".500","22","26",".846","0","30","30","28","9","4","8","18","126","0","","malik-monk"
"Marcus Sasser","24","DET","PG","7","0","81","12","25",".480","2","10",".200","10","15",".667",".520","2","2","1.000","1","6","7","6","3","2","2","2","28","0","","marcus-sasser"
"Marcus Smart","30","MEM","PG","7","5","141","15","50",".300","6","28",".214","9","22",".409",".360","16","19",".842","7","11","18","26","7","6","14","15","52","0","","marcus-smart"
"MarJon Beauchamp","24","MIL","SF","8","0","27","5","14",".357","1","6",".167","4","8",".500",".393","4","4","1.000","2","4","6","1","1","0","7","3","15","0","","marjon-beauchamp"
"Markieff Morris","35","DAL","PF","2","0","10","1","6",".167","0","2",".000","1","4",".250",".167","0","0","","0","4","4","2","0","0","0","0","2","0","","markieff-morris"
"Marvin Bagley III","25","WAS","C","8","0","47","11","22",".500","0","4",".000","11","18",".611",".500","5","7",".714","8","12","20","2","0","1","7","1","27","0","","marvin-bagley"
"Mason Jones","26","SAC","SG","3","0","13","0","2",".000","0","2",".000","0","0","",".000","0","0","","1","3","4","7","0","0","0","1","0","0","","mason-jones"
"Mason Plumlee","34","PHO","C","13","2","237","26","43",".605","0","0","","26","43",".605",".605","14","27",".519","19","58","77","21","5","6","11","29","66","0","","mason-plumlee"
"Matas Buzelis","20","CHI","SF","13","0","117","13","40",".325","8","21",".381","5","19",".263",".425","7","10",".700","6","21","27","3","6","7","9","11","41","0","","matas-buzelis"
"Matt Ryan","27","NYK","SF","3","0","20","1","6",".167","1","4",".250","0","2",".000",".250","0","0","","0","0","0","0","0","0","0","0","3","0","","matt-ryan"
"Max Christie","21","LAL","SG","12","1","191","16","46",".348","6","23",".261","10","23",".435",".413","13","14",".929","8","16","24","12","9","4","6","15","51","0","","max-christie"
"Maxi Kleber","33","DAL","PF","5","2","74","5","10",".500","1","3",".333","4","7",".571",".550","1","2",".500","1","10","11","3","0","1","3","9","12","0","","maxi-kleber"
"Maxwell Lewis","22","LAL","SF","2","0","3","0","0","","0","0","","0","0","","","0","0","","0","0","0","0","0","0","0","1","0","0","","maxwell-lewis"
"Michael Porter Jr.","26","DEN","SF","12","12","434","81","171",".474","35","87",".402","46","84",".548",".576","17","22",".773","14","65","79","33","11","5","13","25","214","0","","michael-porter"
"Mikal Bridges","28","NYK","SF","13","13","504","90","185",".486","28","86",".326","62","99",".626",".562","7","11",".636","16","37","53","44","16","9","20","20","215","0","","mikal-bridges"
"Mike Conley","37","MIN","PG","13","13","325","30","94",".319","22","65",".338","8","29",".276",".436","16","19",".842","8","33","41","62","22","3","15","22","98","0","","mike-conley"
"Miles Bridges","26","CHO","PF","10","10","298","54","132",".409","19","60",".317","35","72",".486",".481","28","33",".848","8","61","69","31","7","5","14","14","155","0","","miles-bridges"
"Miles McBride","24","NYK","PG","11","0","290","44","100",".440","22","58",".379","22","42",".524",".550","8","10",".800","4","21","25","28","12","3","12","19","118","0","","miles-mcbride"
"Mo Bamba","26","LAC","C","1","0","15","4","8",".500","0","2",".000","4","6",".667",".500","1","1","1.000","3","5","8","1","1","0","1","3","9","0","","mo-bamba"
"Monte Morris","29","PHO","PG","10","0","114","15","37",".405","7","18",".389","8","19",".421",".500","10","12",".833","2","10","12","15","5","3","4","2","47","0","","monte-morris"
"Moritz Wagner","27","ORL","C","14","1","261","60","110",".545","13","38",".342","47","72",".653",".605","44","55",".800","11","51","62","13","10","3","27","28","177","0","","moritz-wagner"
"Moses Moody","22","GSW","SG","12","4","194","39","81",".481","22","48",".458","17","33",".515",".617","15","21",".714","6","19","25","12","4","3","12","14","115","0","","moses-moody"
"Mouhamed Gueye","22","ATL","PF","2","0","11","1","4",".250","0","2",".000","1","2",".500",".250","0","0","","0","2","2","0","0","0","1","0","2","0","","mouhamed-gueye"
"Moussa Diabaté","23","CHO","PF","13","0","209","25","37",".676","0","0","","25","37",".676",".676","3","8",".375","39","56","95","7","5","12","11","16","53","0","","moussa-diabate"
"Myles Turner","28","IND","C","12","12","395","76","159",".478","28","66",".424","48","93",".516",".566","31","45",".689","11","71","82","17","11","21","30","39","211","0","","myles-turner"
"Naji Marshall","27","DAL","SF","14","4","333","49","98",".500","4","28",".143","45","70",".643",".520","19","19","1.000","16","35","51","40","15","2","17","20","121","0","","naji-marshall"
"Naz Reid","25","MIN","C","14","0","346","76","144",".528","32","74",".432","44","70",".629",".639","29","32",".906","11","62","73","23","7","6","15","33","213","0","","naz-reid"
"Neemias Queta","25","BOS","C","13","4","247","38","58",".655","0","2",".000","38","56",".679",".655","9","12",".750","27","44","71","8","2","11","8","24","85","0","","neemias-queta"
"Nic Claxton","25","BRK","C","11","5","273","41","63",".651","0","0","","41","63",".651",".651","13","28",".464","22","63","85","28","6","13","11","27","95","0","","nic-claxton"
"Nick Richards","27","CHO","C","5","5","137","21","33",".636","0","1",".000","21","32",".656",".636","13","22",".591","20","30","50","9","2","12","7","14","55","0","","nick-richards"
"Nick Smith Jr.","20","CHO","SG","5","0","23","3","10",".300","1","5",".200","2","5",".400",".350","0","0","","0","1","1","1","1","0","1","1","7","0","","nick-smith"
"Nickeil Alexander-Walker","26","MIN","SG","14","1","331","45","85",".529","23","48",".479","22","37",".595",".665","10","14",".714","9","27","36","37","14","5","21","16","123","0","","nickeil-alexander-walker"
"Nicolas Batum","36","LAC","PF","14","0","232","15","44",".341","9","33",".273","6","11",".545",".443","6","8",".750","9","26","35","22","6","10","7","19","45","0","","nicolas-batum"
"Nikola Jokić","29","DEN","C","10","10","381","108","192",".563","22","39",".564","86","153",".562",".620","59","70",".843","45","92","137","117","17","10","41","20","297","6","","nikola-jokic"
"Nikola Jović","21","MIA","PF","12","8","241","38","82",".463","14","42",".333","24","40",".600",".549","15","18",".833","8","40","48","16","12","1","8","20","105","0","","nikola-jovic"
"Nikola Vučević","34","CHI","C","14","14","447","115","194",".593","25","56",".446","90","138",".652",".657","27","31",".871","31","105","136","42","9","10","25","33","282","0","","nikola-vucevic"
"Noah Clowney","20","BRK","PF","12","1","195","29","76",".382","17","48",".354","12","28",".429",".493","12","17",".706","13","25","38","10","4","6","9","30","87","0","","noah-clowney"
"Norman Powell","31","LAC","SG","14","14","476","112","232",".483","53","113",".469","59","119",".496",".597","49","60",".817","4","41","45","35","16","3","28","28","326","0","","norman-powell"
"Obi Toppin","26","IND","PF","12","0","245","44","80",".550","11","34",".324","33","46",".717",".619","13","15",".867","11","26","37","18","6","4","10","15","112","0","","obi-toppin"
"Ochai Agbaji","24","TOR","SG","14","12","453","72","138",".522","27","61",".443","45","77",".584",".620","13","18",".722","16","53","69","27","18","8","15","38","184","0","","ochai-agbaji"
"OG Anunoby","27","NYK","PF","13","13","479","85","170",".500","28","75",".373","57","95",".600",".582","29","36",".806","13","58","71","29","18","9","16","34","227","0","","og-anunoby"
"Olivier-Maxence Prosper","22","DAL","PF","8","0","51","6","17",".353","0","3",".000","6","14",".429",".353","1","1","1.000","6","4","10","0","0","0","1","6","13","0","","olivier-maxence-prosper"
"Onyeka Okongwu","24","ATL","C","12","0","289","53","96",".552","4","22",".182","49","74",".662",".573","27","32",".844","28","54","82","22","10","10","12","28","137","0","","onyeka-okongwu"
"Orlando Robinson","24","SAC","C","1","0","12","2","2","1.000","1","1","1.000","1","1","1.000","1.250","1","2",".500","2","1","3","0","0","0","1","2","6","0","","orlando-robinson"
"Oso Ighodaro","22","PHO","PF","9","0","130","14","23",".609","0","0","","14","23",".609",".609","8","9",".889","9","25","34","4","2","4","6","19","36","0","","oso-ighodaro"
"Ousmane Dieng","21","OKC","SF","14","0","172","20","58",".345","9","35",".257","11","23",".478",".422","7","9",".778","9","31","40","13","9","4","3","18","56","0","","ousmane-dieng"
"Pacome Dadiet","19","NYK","SG","6","0","49","3","9",".333","2","5",".400","1","4",".250",".444","2","2","1.000","0","9","9","2","1","2","1","4","10","0","","pacome-dadiet"
"Paolo Banchero","22","ORL","PF","5","5","182","48","97",".495","11","32",".344","37","65",".569",".552","38","59",".644","12","32","44","28","3","4","11","13","145","0","","paolo-banchero"
"Pascal Siakam","30","IND","PF","13","13","439","103","183",".563","28","60",".467","75","123",".610",".639","28","36",".778","21","60","81","52","9","2","18","38","262","0","","pascal-siakam"
"Pat Connaughton","32","MIL","SG","13","0","229","22","62",".355","12","40",".300","10","22",".455",".452","8","10",".800","6","31","37","24","3","2","10","15","64","0","","pat-connaughton"
"Pat Spencer","28","GSW","PG","3","0","5","2","3",".667","0","0","","2","3",".667",".667","0","0","","0","0","0","1","0","0","0","0","4","0","","pat-spencer"
"Patrick Baldwin Jr.","22","WAS","SF","8","0","41","7","17",".412","3","9",".333","4","8",".500",".500","2","4",".500","2","6","8","1","2","1","1","4","19","0","","patrick-baldwin"
"Patrick Williams","23","CHI","PF","14","14","400","47","123",".382","26","67",".388","21","56",".375",".488","21","25",".840","14","56","70","33","15","8","28","18","141","0","","patrick-williams"
"Patty Mills","36","UTA","PG","9","0","138","11","31",".355","7","24",".292","4","7",".571",".468","3","3","1.000","1","7","8","13","6","2","8","8","32","0","","patty-mills"
"Paul George","34","PHI","PF","6","6","181","35","88",".398","14","45",".311","21","43",".488",".477","15","18",".833","6","27","33","31","14","2","21","15","99","0","","paul-george"
"Paul Reed","25","DET","PF","7","0","69","12","20",".600","1","2",".500","11","18",".611",".625","4","5",".800","4","7","11","3","4","4","6","15","29","0","","paul-reed"
"Payton Pritchard","27","BOS","PG","14","0","395","71","153",".464","52","124",".419","19","29",".655",".634","23","26",".885","11","25","36","39","16","1","17","26","217","0","","payton-pritchard"
"Pelle Larsson","23","MIA","SG","7","0","97","12","23",".522","5","12",".417","7","11",".636",".630","6","10",".600","2","6","8","11","4","0","4","11","35","0","","pelle-larsson"
"Peyton Watson","22","DEN","SF","12","5","290","38","90",".422","11","30",".367","27","60",".450",".483","22","29",".759","12","29","41","12","11","11","6","23","109","0","","peyton-watson"
"PJ Dozier","28","MIN","SG","4","0","15","1","2",".500","1","2",".500","0","0","",".750","1","2",".500","1","2","3","2","1","0","0","2","4","0","","pj-dozier"
"PJ Hall","22","DEN","C","1","0","1","0","0","","0","0","","0","0","","","0","0","","0","0","0","0","0","0","0","0","0","0","","pj-hall"
"P.J. Washington","26","DAL","PF","9","8","275","35","81",".432","10","36",".278","25","45",".556",".494","13","18",".722","18","57","75","14","13","10","9","18","93","0","","pj-washington"
"Quentin Grimes","24","DAL","SG","13","2","216","22","51",".431","12","32",".375","10","19",".526",".549","10","13",".769","5","31","36","14","6","1","8","22","66","0","","quentin-grimes"
"Quenton Jackson","26","IND","PG","5","0","53","8","15",".533","1","4",".250","7","11",".636",".567","2","2","1.000","3","4","7","6","2","1","4","6","19","0","","quenton-jackson"
"Rayan Rupert","20","POR","SG","13","0","140","19","39",".487","7","18",".389","12","21",".571",".577","4","6",".667","10","13","23","3","6","1","7","11","49","0","","rayan-rupert"
"Reece Beekman","23","GSW","PG","2","0","4","1","1","1.000","0","0","","1","1","1.000","1.000","0","0","","1","0","1","1","1","0","0","1","2","0","","reece-beekman"
"Reed Sheppard","20","HOU","SG","14","0","174","22","54",".407","11","30",".367","11","24",".458",".509","0","0","","5","13","18","22","5","4","9","14","55","0","","reed-sheppard"
"Reggie Jackson","34","PHI","PG","5","0","56","7","20",".350","5","12",".417","2","8",".250",".475","0","0","","0","6","6","11","2","0","3","5","19","0","","reggie-jackson"
"Richaun Holmes","31","WAS","PF","2","0","8","3","6",".500","0","1",".000","3","5",".600",".500","0","0","","1","1","2","0","0","0","0","1","6","0","","richaun-holmes"
"Ricky Council IV","23","PHI","SG","9","0","65","5","20",".250","2","9",".222","3","11",".273",".300","6","6","1.000","2","6","8","7","0","0","2","2","18","0","","ricky-council"
"Riley Minix","24","SAS","SF","1","0","7","0","1",".000","0","1",".000","0","0","",".000","0","0","","0","2","2","0","0","0","0","0","0","0","","riley-minix"
"RJ Barrett","24","TOR","SG","11","11","374","87","216",".403","21","66",".318","66","150",".440",".451","44","64",".688","10","58","68","73","11","3","34","29","239","1","","rj-barrett"
"Rob Dillingham","20","MIN","PG","7","0","37","6","11",".545","2","3",".667","4","8",".500",".636","0","0","","0","3","3","7","0","0","6","1","14","0","","rob-dillingham"
"Robert Williams","27","POR","C","4","0","79","21","25",".840","1","2",".500","20","23",".870",".860","7","7","1.000","7","18","25","7","6","6","6","1","50","0","","robert-williams"
"Ron Holland","19","DET","SF","15","1","239","34","84",".405","4","35",".114","30","49",".612",".429","16","19",".842","10","36","46","7","9","2","10","21","88","0","","ron-holland"
"Royce O'Neale","31","PHO","SF","14","1","351","47","113",".416","28","67",".418","19","46",".413",".540","12","15",".800","21","65","86","34","12","13","12","34","134","0","","royce-oneale"
"Rudy Gobert","32","MIN","C","14","14","460","58","92",".630","0","0","","58","92",".630",".630","36","45",".800","44","102","146","27","6","22","25","40","152","0","","rudy-gobert"
"Rui Hachimura","26","LAL","PF","10","10","339","45","107",".421","18","36",".500","27","71",".380",".505","19","23",".826","22","39","61","15","7","5","7","20","127","0","","rui-hachimura"
"Russell Westbrook","36","DEN","PG","12","3","291","40","114",".351","13","39",".333","27","75",".360",".408","35","51",".686","11","37","48","64","16","7","29","32","128","0","","russell-westbrook"
"Ryan Dunn","22","PHO","SF","13","7","239","36","82",".439","18","55",".327","18","27",".667",".549","1","6",".167","5","26","31","8","7","7","7","31","91","0","","ryan-dunn"
"Ryan Rollins","22","MIL","PG","9","1","68","10","23",".435","6","11",".545","4","12",".333",".565","3","4",".750","3","8","11","9","7","4","7","8","29","0","","ryan-rollins"
"Sam Hauser","27","BOS","PF","11","0","234","32","84",".381","23","71",".324","9","13",".692",".518","1","1","1.000","9","30","39","13","6","4","4","10","88","0","","sam-hauser"
"Sam Merrill","28","CLE","SG","12","0","236","27","67",".403","22","60",".367","5","7",".714",".567","6","6","1.000","2","18","20","19","8","1","6","24","82","0","","sam-merrill"
"Sandro Mamukelashvili","25","SAS","PF","11","0","100","18","32",".563","11","23",".478","7","9",".778",".734","7","7","1.000","6","25","31","4","1","5","9","7","54","0","","sandro-mamukelashvili"
"Santi Aldama","24","MEM","PF","14","11","396","68","148",".459","16","66",".242","52","82",".634",".514","14","15",".933","21","75","96","48","13","8","18","16","166","0","","santi-aldama"
"Scoot Henderson","20","POR","PG","14","2","362","60","147",".408","12","42",".286","48","105",".457",".449","29","36",".806","9","32","41","70","15","1","44","36","161","0","","scoot-henderson"
"Scottie Barnes","23","TOR","PF","4","4","134","29","63",".460","2","11",".182","27","52",".519",".476","17","23",".739","10","21","31","24","8","2","16","12","77","0","","scottie-barnes"
"Scotty Pippen Jr.","24","MEM","PG","14","5","360","58","126",".460","17","43",".395","41","83",".494",".528","28","34",".824","8","46","54","82","18","6","32","43","161","1","","scotty-pippen"
"Seth Curry","34","CHO","SG","12","4","189","23","55",".418","13","31",".419","10","24",".417",".536","3","5",".600","9","13","22","7","6","1","4","18","62","0","","seth-curry"
"Shaedon Sharpe","21","POR","SG","6","4","161","41","86",".477","10","36",".278","31","50",".620",".535","16","24",".667","5","13","18","12","6","1","11","12","108","0","","shaedon-sharpe"
"Shai Gilgeous-Alexander","26","OKC","SG","14","14","469","141","279",".505","24","76",".316","117","203",".576",".548","93","105",".886","12","62","74","88","23","17","36","23","399","0","","shai-gilgeous-alexander"
"Shake Milton","28","BRK","SG","11","0","105","8","21",".381","6","16",".375","2","5",".400",".524","2","2","1.000","4","5","9","14","2","0","2","9","24","0","","shake-milton"
"Sidy Cissoko","20","SAS","SF","7","0","20","2","4",".500","1","1","1.000","1","3",".333",".625","0","2",".000","2","4","6","4","0","0","1","4","5","0","","sidy-cissoko"
"Simone Fontecchio","29","DET","SF","13","0","251","25","68",".368","15","46",".326","10","22",".455",".478","17","21",".810","9","35","44","12","3","1","8","17","82","0","","simone-fontecchio"
"Spencer Dinwiddie","31","DAL","PG","13","0","219","17","50",".340","10","32",".313","7","18",".389",".440","9","12",".750","1","14","15","21","5","3","7","16","53","0","","spencer-dinwiddie"
"Spencer Jones","23","DEN","SF","1","0","2","0","0","","0","0","","0","0","","","0","0","","0","1","1","0","1","0","0","0","0","0","","spencer-jones"
"Stanley Umude","25","MIL","SG","3","0","14","1","3",".333","1","3",".333","0","0","",".500","0","2",".000","0","2","2","1","0","1","0","0","3","0","","stanley-umude"
"Stephen Curry","36","GSW","PG","9","9","259","68","142",".479","35","81",".432","33","61",".541",".602","33","35",".943","3","43","46","58","18","5","32","13","204","0","","stephen-curry"
"Stephon Castle","20","SAS","PG","14","7","344","49","123",".398","14","47",".298","35","76",".461",".455","26","38",".684","11","25","36","44","12","5","18","23","138","0","","stephon-castle"
"Steven Adams","31","HOU","C","6","0","75","7","11",".636","0","0","","7","11",".636",".636","3","8",".375","9","9","18","8","3","0","10","10","17","0","","steven-adams"
"Svi Mykhailiuk","27","UTA","SF","2","0","16","2","6",".333","2","5",".400","0","1",".000",".500","0","0","","0","1","1","2","1","0","2","2","6","0","","svi-mykhailiuk"
"Taj Gibson","39","CHO","C","6","5","76","10","18",".556","1","2",".500","9","16",".563",".583","2","3",".667","11","14","25","1","1","3","5","13","23","0","","taj-gibson"
"Talen Horton-Tucker","24","CHI","SG","10","0","95","16","37",".432","5","14",".357","11","23",".478",".500","11","16",".688","7","14","21","14","0","1","3","7","48","0","","talen-horton-tucker"
"Tari Eason","23","HOU","SF","14","0","315","69","131",".527","14","41",".341","55","90",".611",".580","15","22",".682","29","50","79","16","25","15","14","36","167","0","","tari-eason"
"Taurean Prince","30","MIL","SF","13","13","392","46","90",".511","29","52",".558","17","38",".447",".672","1","1","1.000","12","59","71","29","11","1","14","29","122","0","","taurean-prince"
"Taylor Hendricks","21","UTA","PF","3","3","75","4","18",".222","3","12",".250","1","6",".167",".306","3","4",".750","5","10","15","2","5","4","2","8","14","0","","taylor-hendricks"
"Terance Mann","28","LAC","SG","14","11","299","30","75",".400","7","26",".269","23","49",".469",".447","11","15",".733","17","37","54","22","7","4","8","32","78","0","","terance-mann"
"Terrence Shannon Jr. ","24","MIN","SG","4","0","15","2","3",".667","0","1",".000","2","2","1.000",".667","0","0","","0","0","0","2","2","1","2","0","4","0","","terrence-shannon"
"Terry Rozier","30","MIA","PG","12","12","381","54","142",".380","24","72",".333","30","70",".429",".465","23","26",".885","8","42","50","44","10","5","22","20","155","0","","terry-rozier"
"Thomas Bryant","27","MIA","C","7","0","89","10","21",".476","4","11",".364","6","10",".600",".571","5","5","1.000","6","19","25","4","1","5","1","7","29","0","","thomas-bryant"
"Tidjane Salaün","19","CHO","PF","11","2","179","11","47",".234","7","32",".219","4","15",".267",".309","1","4",".250","9","29","38","12","4","1","8","8","30","0","","tidjane-salaun"
"Tim Hardaway Jr.","32","DET","SG","12","12","341","47","101",".465","32","70",".457","15","31",".484",".624","24","27",".889","1","19","20","24","5","0","8","19","150","0","","tim-hardaway"
"T.J. McConnell","32","IND","PG","12","0","210","53","95",".558","1","4",".250","52","91",".571",".563","3","5",".600","6","23","29","48","11","2","21","10","110","0","","tj-mcconnell"
"Tobias Harris","32","DET","PF","15","15","502","80","182",".440","18","62",".290","62","120",".517",".489","22","28",".786","16","102","118","41","11","18","21","37","200","0","","tobias-harris"
"Torrey Craig","34","CHI","SF","3","0","17","1","6",".167","1","6",".167","0","0","",".250","2","2","1.000","0","4","4","1","0","0","0","2","5","0","","torrey-craig"
"Toumani Camara","24","POR","PF","14","14","439","45","103",".437","20","46",".435","25","57",".439",".534","12","17",".706","32","38","70","31","26","4","24","42","122","0","","toumani-camara"
"Trae Young","26","ATL","PG","13","13","473","93","239",".389","43","121",".355","50","118",".424",".479","81","91",".890","12","41","53","144","14","2","62","26","310","0","","trae-young"
"Trayce Jackson-Davis","24","GSW","C","12","12","200","42","62",".677","0","0","","42","62",".677",".677","12","20",".600","16","42","58","27","4","6","9","16","96","0","","trayce-jackson-davis"
"Tre Jones","25","SAS","PG","2","0","35","1","7",".143","1","3",".333","0","4",".000",".214","3","4",".750","1","3","4","7","1","0","1","3","6","0","","tre-jones"
"Tre Mann","23","CHO","PG","11","0","272","61","134",".455","20","51",".392","41","83",".494",".530","17","17","1.000","10","23","33","33","7","3","20","21","159","0","","tre-mann"
"Trendon Watford","24","BRK","PF","1","0","13","1","3",".333","0","1",".000","1","2",".500",".333","2","2","1.000","0","3","3","3","0","0","1","1","4","0","","trendon-watford"
"Trevelin Queen","27","ORL","SG","2","0","5","1","3",".333","1","1","1.000","0","2",".000",".500","0","0","","0","0","0","0","0","0","1","1","3","0","","trevelin-queen"
"Trey Alexander","21","DEN","SG","3","0","7","1","3",".333","0","1",".000","1","2",".500",".333","0","0","","0","1","1","0","0","0","0","0","2","0","","trey-alexander"
"Trey Jemison","25","NOP","C","8","0","81","10","18",".556","0","0","","10","18",".556",".556","6","8",".750","14","12","26","5","2","4","6","16","26","0","","trey-jemison"
"Trey Lyles","29","SAC","PF","14","1","273","27","74",".365","18","54",".333","9","20",".450",".486","9","10",".900","9","42","51","11","7","9","8","21","81","0","","trey-lyles"
"Trey Murphy III","24","NOP","SF","3","3","82","15","41",".366","6","22",".273","9","19",".474",".439","7","7","1.000","3","12","15","5","1","2","7","8","43","0","","trey-murphy"
"Tristan Da Silva","23","ORL","SF","10","8","243","26","69",".377","10","35",".286","16","34",".471",".449","8","10",".800","9","29","38","17","3","3","5","17","70","0","","tristan-da-silva"
"Tristan Thompson","33","CLE","PF","6","0","31","6","8",".750","0","0","","6","8",".750",".750","0","6",".000","0","5","5","1","0","0","3","2","12","0","","tristan-thompson"
"Ty Jerome","27","CLE","SG","15","1","262","60","101",".594","20","37",".541","40","64",".625",".693","21","25",".840","8","23","31","56","18","0","16","17","161","0","","ty-jerome"
"Tyler Herro","25","MIA","SG","12","12","407","101","205",".493","55","116",".474","46","89",".517",".627","40","46",".870","3","56","59","62","8","2","31","26","297","0","","tyler-herro"
"Tyler Kolek","23","NYK","PG","8","0","53","9","16",".563","6","11",".545","3","5",".600",".750","4","4","1.000","2","5","7","3","2","0","5","4","28","0","","tyler-kolek"
"Tyler Smith","20","MIL","PF","8","0","29","8","12",".667","3","7",".429","5","5","1.000",".792","1","2",".500","1","5","6","0","0","2","2","4","20","0","","tyler-smith"
"Tyrese Haliburton","24","IND","PG","13","13","454","72","183",".393","30","102",".294","42","81",".519",".475","36","45",".800","9","40","49","115","14","7","23","25","210","0","","tyrese-haliburton"
"Tyrese Martin","25","BRK","SG","4","0","21","3","7",".429","3","6",".500","0","1",".000",".643","0","0","","0","2","2","0","0","0","1","0","9","0","","tyrese-martin"
"Tyrese Maxey","24","PHI","PG","7","7","278","67","165",".406","22","77",".286","45","88",".511",".473","37","45",".822","0","21","21","27","10","4","14","20","193","0","","tyrese-maxey"
"TyTy Washington Jr.","23","PHO","PG","2","0","23","3","6",".500","2","3",".667","1","3",".333",".667","0","0","","0","1","1","2","1","0","0","0","8","0","","tyty-washington"
"Tyus Jones","28","PHO","PG","14","14","455","57","128",".445","26","70",".371","31","58",".534",".547","8","10",".800","10","31","41","92","14","2","15","14","148","0","","tyus-jones"
"Ulrich Chomche","19","TOR","PF","1","0","5","1","1","1.000","0","0","","1","1","1.000","1.000","0","0","","0","1","1","0","0","0","0","0","2","0","","ulrich-chomche"
"Vasilije Micić","31","CHO","PG","5","0","73","7","27",".259","4","12",".333","3","15",".200",".333","2","4",".500","5","9","14","6","2","0","6","5","20","0","","vasilije-micic"
"Victor Wembanyama","21","SAS","C","13","13","410","108","229",".472","38","112",".339","70","117",".598",".555","41","47",".872","30","106","136","37","17","48","46","26","295","0","","victor-wembanyama"
"Vince Williams Jr.","24","MEM","SG","2","0","38","5","13",".385","1","7",".143","4","6",".667",".423","1","4",".250","2","4","6","9","0","2","4","8","12","0","","vince-williams"
"Vit Krejci","24","ATL","PG","5","0","78","9","19",".474","4","10",".400","5","9",".556",".579","4","7",".571","2","5","7","7","4","2","5","12","26","0","","vit-krejci"
"Vlatko Čančar","27","DEN","PF","3","0","23","2","4",".500","0","1",".000","2","3",".667",".500","0","0","","2","2","4","0","0","1","1","3","4","0","","vlatko-cancar"
"Walker Kessler","23","UTA","C","9","9","238","35","51",".686","0","0","","35","51",".686",".686","13","23",".565","34","62","96","9","4","25","15","20","83","0","","walker-kessler"
"Wendell Carter Jr.","25","ORL","C","6","6","158","17","38",".447","2","16",".125","15","22",".682",".474","14","18",".778","12","41","53","13","8","2","3","14","50","0","","wendell-carter"
"Wendell Moore Jr.","23","DET","SG","6","0","85","10","17",".588","1","4",".250","9","13",".692",".618","2","3",".667","4","12","16","5","4","1","3","5","23","0","","wendell-moore"
"Xavier Tillman Sr.","26","BOS","C","10","1","94","6","23",".261","3","14",".214","3","9",".333",".326","0","0","","6","14","20","6","3","0","3","6","15","0","","xavier-tillman"
"Yongxi Cui","21","BRK","SG","3","0","4","0","1",".000","0","0","","0","1",".000",".000","1","2",".500","0","0","0","0","0","0","0","0","1","0","","yongxi-cui"
"Yuki Kawamura","23","MEM","PG","9","0","26","2","11",".182","1","8",".125","1","3",".333",".227","3","4",".750","0","2","2","6","0","0","3","1","8","0","","yuki-kawamura"
"Yves Missi","20","NOP","C","14","9","329","39","72",".542","0","0","","39","72",".542",".542","19","29",".655","42","52","94","22","9","16","16","20","97","0","","yves-missi"
"Zaccharie Risacher","19","ATL","SF","14","12","370","58","155",".374","15","67",".224","43","88",".489",".423","31","46",".674","21","33","54","19","13","11","17","33","162","0","","zaccharie-risacher"
"Zach Collins","27","SAS","C","14","1","209","31","65",".477","10","25",".400","21","40",".525",".554","21","22",".955","18","31","49","29","8","7","14","34","93","0","","zach-collins"
"Zach Edey","22","MEM","C","14","9","281","64","105",".610","6","10",".600","58","95",".611",".638","22","33",".667","43","54","97","11","12","14","23","44","156","0","","zach-edey"
"Zach LaVine","29","CHI","SF","11","11","376","85","167",".509","30","74",".405","55","93",".591",".599","34","44",".773","3","54","57","44","10","6","34","20","234","0","","zach-lavine"
"Zeke Nnaji","24","DEN","PF","8","0","50","6","13",".462","0","5",".000","6","8",".750",".462","1","4",".250","2","5","7","3","1","2","1","4","13","0","","zeke-nnaji"
"Ziaire Williams","23","BRK","SF","14","2","306","49","112",".438","14","48",".292","35","64",".547",".500","22","27",".815","16","50","66","14","13","6","13","42","134","0","","ziaire-williams"
"Zion Williamson","24","NOP","PF","6","6","186","47","104",".452","2","6",".333","45","98",".459",".462","40","60",".667","16","32","48","32","4","7","22","18","136","0","","zion-williamson"
