Player,Age,Team,Pos,G,GS,MP,FG,FGA,FG%,3P,3PA,3P%,2P,2PA,2P%,eFG%,FT,FTA,FT%,ORB,DRB,TRB,AST,STL,BLK,TOV,PF,PTS,Trp-Dbl,Awards,Player Key
Aaron Gordon,29,DEN,PF,7,7,212,37,70,.529,12,22,.545,25,48,.521,.614,22,26,.846,19,28,47,22,5,2,9,13,108,0,,aaron-gordon
Aaron Holiday,28,HOU,PG,6,0,57,8,16,.500,5,11,.455,3,5,.600,.656,5,5,1.000,0,4,4,9,1,0,2,3,26,0,,aaron-holiday
Aaron Nesmith,25,IND,SF,6,6,136,19,36,.528,6,11,.545,13,25,.520,.611,11,13,.846,4,20,24,6,4,2,5,24,55,0,,aaron-nesmith
Aaron Wiggins,26,OKC,SG,13,4,281,51,107,.477,20,43,.465,31,64,.484,.570,8,9,.889,17,33,50,29,10,4,9,19,130,0,,aaron-wiggins
Adam Flagler,25,OKC,SG,6,0,15,3,5,.600,3,5,.600,0,0,,.900,0,0,,0,2,2,0,1,0,0,3,9,0,,adam-flagler
Adama Sanogo,22,CHI,C,3,0,14,3,5,.600,0,0,,3,5,.600,.600,0,0,,2,0,2,1,0,0,1,1,6,0,,adama-sanogo
Adem Bona,21,PHI,PF,9,0,33,5,6,.833,0,0,,5,6,.833,.833,1,1,1.000,5,8,13,0,0,3,2,5,11,0,,adem-bona
A.J. Green,25,MIL,SG,12,2,203,29,59,.492,28,57,.491,1,2,.500,.729,2,2,1.000,2,16,18,10,7,0,6,10,88,0,,aj-green
AJ Johnson,20,MIL,SG,4,0,8,1,3,.333,0,0,,1,3,.333,.333,0,0,,0,1,1,1,0,0,1,0,2,0,,aj-johnson
Ajay Mitchell,22,OKC,SG,13,0,205,29,56,.518,6,13,.462,23,43,.535,.571,6,7,.857,4,19,23,26,11,1,10,21,70,0,,ajay-mitchell
Al Horford,38,BOS,C,12,12,324,41,82,.500,27,60,.450,14,22,.636,.665,4,4,1.000,12,53,65,28,12,8,13,15,113,0,,al-horford
Alec Burks,33,MIA,SG,5,0,91,10,20,.500,9,14,.643,1,6,.167,.725,2,2,1.000,2,6,8,9,3,1,1,2,31,0,,alec-burks
Alex Caruso,30,OKC,SG,11,0,215,17,55,.309,7,32,.219,10,23,.435,.373,5,7,.714,9,23,32,25,19,7,7,32,46,0,,alex-caruso
Alex Ducas,24,OKC,SG,4,0,7,0,3,.000,0,2,.000,0,1,.000,.000,0,0,,0,0,0,0,0,0,0,0,0,0,,alex-ducas
Alex Len,31,SAC,C,11,1,88,10,16,.625,0,3,.000,10,13,.769,.625,2,4,.500,5,22,27,9,2,8,5,12,22,0,,alex-len
Alex Reese,25,OKC,PF,1,0,2,1,1,1.000,0,0,,1,1,1.000,1.000,0,0,,1,0,1,0,0,0,0,0,2,0,,alex-reese
Alex Sarr,19,WAS,C,11,11,284,42,115,.365,11,52,.212,31,63,.492,.413,20,28,.714,21,44,65,24,10,26,13,32,115,0,,alex-sarr
Alperen Sengun,22,HOU,C,13,13,378,86,184,.467,7,21,.333,79,163,.485,.486,46,60,.767,48,100,148,58,13,20,27,37,225,1,,alperen-sengun
Amen Thompson,22,HOU,SF,13,1,328,52,98,.531,4,15,.267,48,83,.578,.551,35,49,.714,24,59,83,27,14,9,20,31,143,0,,amen-thompson
Amir Coffey,27,LAC,SG,13,0,308,42,84,.500,20,40,.500,22,44,.500,.619,17,21,.810,7,23,30,14,8,0,7,19,121,0,,amir-coffey
Andre Drummond,31,PHI,C,11,9,257,37,75,.493,1,4,.250,36,71,.507,.500,19,36,.528,36,69,105,5,14,5,21,34,94,0,,andre-drummond
Andre Jackson Jr.,23,MIL,SG,12,4,222,17,37,.459,9,22,.409,8,15,.533,.581,4,8,.500,4,24,28,19,10,4,18,32,47,0,,andre-jackson
Andrew Nembhard,25,IND,SG,7,7,187,20,52,.385,3,13,.231,17,39,.436,.413,8,10,.800,1,13,14,33,6,0,10,15,51,0,,andrew-nembhard
Andrew Wiggins,29,GSW,SF,10,10,267,50,117,.427,17,46,.370,33,71,.465,.500,28,39,.718,17,26,43,23,9,8,9,21,145,0,,andrew-wiggins
Anfernee Simons,25,POR,SG,12,12,357,68,178,.382,26,87,.299,42,91,.462,.455,33,36,.917,2,22,24,51,9,1,29,16,195,0,,anfernee-simons
Anthony Black,21,ORL,PG,14,1,340,39,94,.415,8,31,.258,31,63,.492,.457,21,29,.724,10,30,40,55,12,13,28,33,107,0,,anthony-black
Anthony Davis,31,LAL,C,12,12,421,129,230,.561,12,28,.429,117,202,.579,.587,103,129,.798,29,105,134,31,15,24,27,20,373,0,,anthony-davis
Anthony Edwards,23,MIN,SG,13,13,481,131,280,.468,64,151,.424,67,129,.519,.582,43,58,.741,6,61,67,47,15,7,42,28,369,0,,anthony-edwards
Anthony Gill,32,WAS,PF,7,0,21,3,5,.600,1,2,.500,2,3,.667,.700,1,2,.500,1,3,4,3,2,0,1,1,8,0,,anthony-gill
Antonio Reeves,24,NOP,SG,7,0,45,6,19,.316,2,11,.182,4,8,.500,.368,0,0,,0,6,6,1,3,0,1,1,14,0,,antonio-reeves
Ariel Hukporti,22,NYK,C,6,0,62,3,7,.429,0,0,,3,7,.429,.429,1,2,.500,2,11,13,3,0,8,6,9,7,0,,ariel-hukporti
Armel Traoré,22,LAL,SF,1,0,4,0,1,.000,0,1,.000,0,0,,.000,0,0,,0,1,1,0,0,0,0,1,0,0,,armel-traore
Austin Reaves,26,LAL,SG,13,13,452,80,177,.452,37,102,.363,43,75,.573,.556,37,47,.787,11,41,52,71,16,4,26,35,234,0,,austin-reaves
Ayo Dosunmu,25,CHI,SG,13,3,366,55,124,.444,15,56,.268,40,68,.588,.504,24,27,.889,9,50,59,54,4,7,17,33,149,0,,ayo-dosunmu
Bam Adebayo,27,MIA,C,11,11,387,67,157,.427,7,26,.269,60,131,.458,.449,42,60,.700,33,69,102,46,22,14,15,20,183,0,,bam-adebayo
Baylor Scheierman,24,BOS,SG,3,0,18,1,6,.167,0,4,.000,1,2,.500,.167,2,2,1.000,1,3,4,0,0,0,0,2,4,0,,baylor-scheierman
Ben Sheppard,23,IND,SG,12,4,246,27,61,.443,18,44,.409,9,17,.529,.590,0,0,,5,21,26,16,5,3,4,30,72,0,,ben-sheppard
Ben Simmons,28,BRK,PG,9,7,221,25,42,.595,0,0,,25,42,.595,.595,3,4,.750,9,45,54,62,8,4,26,29,53,0,,ben-simmons
Bennedict Mathurin,22,IND,SG,12,7,368,74,142,.521,20,46,.435,54,96,.563,.592,57,70,.814,13,64,77,20,6,1,21,31,225,0,,bennedict-mathurin
Bilal Coulibaly,20,WAS,SF,11,11,389,61,112,.545,12,33,.364,49,79,.620,.598,28,37,.757,22,43,65,32,12,8,24,28,162,0,,bilal-coulibaly
Blake Wesley,21,SAS,SG,13,0,153,22,50,.440,2,13,.154,20,37,.541,.460,9,11,.818,3,5,8,22,5,1,14,9,55,0,,blake-wesley
Bobby Portis,29,MIL,PF,12,1,292,71,151,.470,10,39,.256,61,112,.545,.503,11,16,.688,26,71,97,11,5,6,15,20,163,0,,bobby-portis
Bogdan Bogdanović,32,ATL,SG,1,0,28,2,6,.333,2,6,.333,0,0,,.500,2,2,1.000,0,2,2,2,0,2,2,3,8,0,,bogdan-bogdanovic
Bol Bol,25,PHO,PF,2,0,11,3,6,.500,1,3,.333,2,3,.667,.583,3,4,.750,1,2,3,1,0,0,1,1,10,0,,bol-bol
Bones Hyland,24,LAC,PG,4,0,21,5,14,.357,3,7,.429,2,7,.286,.464,4,4,1.000,1,2,3,0,2,2,1,2,17,0,,bones-hyland
Bradley Beal,31,PHO,SG,9,9,313,58,122,.475,23,60,.383,35,62,.565,.570,21,26,.808,6,30,36,33,13,8,12,24,160,0,,bradley-beal
Brandin Podziemski,21,GSW,SG,11,3,283,38,96,.396,9,45,.200,29,51,.569,.443,8,12,.667,11,42,53,39,10,4,15,28,93,0,,brandin-podziemski
Brandon Boston Jr.,23,NOP,SG,11,7,320,50,113,.442,15,42,.357,35,71,.493,.509,20,22,.909,11,39,50,44,15,3,17,19,135,0,,brandon-boston
Brandon Clarke,28,MEM,PF,12,3,179,27,55,.491,1,11,.091,26,44,.591,.500,8,11,.727,10,29,39,7,11,1,4,16,63,0,,brandon-clarke
Brandon Ingram,27,NOP,SF,14,14,471,131,279,.470,35,96,.365,96,183,.525,.532,34,39,.872,15,69,84,76,13,8,53,36,331,0,,brandon-ingram
Brandon Miller,22,CHO,SF,8,8,237,42,116,.362,23,73,.315,19,43,.442,.461,16,17,.941,4,29,33,30,10,4,16,16,123,0,,brandon-miller
Brandon Williams,25,DAL,PG,4,0,19,2,9,.222,0,2,.000,2,7,.286,.222,2,3,.667,1,3,4,2,0,0,2,2,6,0,,brandon-williams
Brice Sensabaugh,21,UTA,SF,9,0,113,15,34,.441,8,22,.364,7,12,.583,.559,8,9,.889,6,11,17,4,3,0,11,3,46,0,,brice-sensabaugh
Bronny James,20,LAL,SG,6,0,16,1,6,.167,0,4,.000,1,2,.500,.167,2,2,1.000,1,0,1,2,1,0,0,2,4,0,,bronny-james
Brook Lopez,36,MIL,C,13,13,413,49,122,.402,21,70,.300,28,52,.538,.488,18,24,.750,16,48,64,20,16,30,18,35,137,0,,brook-lopez
Bruno Fernando,26,TOR,C,11,0,100,17,35,.486,0,0,,17,35,.486,.486,5,6,.833,16,21,37,12,1,7,10,18,39,0,,bruno-fernando
Buddy Hield,32,GSW,SG,12,1,300,77,156,.494,46,98,.469,31,58,.534,.641,12,14,.857,11,37,48,23,10,5,14,26,212,0,,buddy-hield
Cade Cunningham,23,DET,PG,14,14,514,125,282,.443,30,86,.349,95,196,.485,.496,45,55,.818,13,87,100,121,9,14,69,36,325,3,,cade-cunningham
Caleb Houstan,22,ORL,SF,9,0,43,3,13,.231,2,10,.200,1,3,.333,.308,0,0,,1,6,7,0,0,1,0,6,8,0,,caleb-houstan
Caleb Martin,29,PHI,SF,12,11,409,44,102,.431,11,34,.324,33,68,.485,.485,32,47,.681,21,47,68,32,14,3,27,28,131,0,,caleb-martin
Cam Reddish,25,LAL,SF,7,4,147,12,20,.600,5,9,.556,7,11,.636,.725,4,8,.500,4,17,21,5,7,2,3,12,33,0,,cam-reddish
Cam Thomas,23,BRK,SG,13,13,445,110,238,.462,39,98,.398,71,140,.507,.544,70,79,.886,4,38,42,40,11,1,37,28,329,0,,cam-thomas
Cam Whitmore,20,HOU,SF,7,0,74,17,44,.386,1,18,.056,16,26,.615,.398,8,12,.667,4,7,11,3,1,1,3,8,43,0,,cam-whitmore
Cameron Johnson,28,BRK,PF,13,13,433,72,156,.462,36,98,.367,36,58,.621,.577,35,39,.897,9,45,54,35,9,5,6,29,215,0,,cameron-johnson
Cameron Payne,30,NYK,PG,8,0,122,21,52,.404,10,26,.385,11,26,.423,.500,0,2,.000,4,12,16,21,7,2,4,18,52,0,,cameron-payne
Caris LeVert,30,CLE,SG,12,0,285,54,98,.551,22,45,.489,32,53,.604,.663,19,26,.731,7,27,34,56,13,7,12,13,149,0,,caris-levert
Carlton Carrington,19,WAS,PG,11,10,337,38,89,.427,14,40,.350,24,49,.490,.506,16,20,.800,3,47,50,60,14,4,20,38,106,0,,carlton-carrington
Cason Wallace,21,OKC,SG,13,6,327,36,88,.409,10,35,.286,26,53,.491,.466,3,3,1.000,9,34,43,21,22,7,7,26,85,0,,cason-wallace
Charles Bassey,24,SAS,C,7,0,39,3,7,.429,0,0,,3,7,.429,.429,2,2,1.000,2,11,13,3,3,4,3,1,8,0,,charles-bassey
Chet Holmgren,22,OKC,C,10,10,265,56,111,.505,14,37,.378,42,74,.568,.568,38,49,.776,16,71,87,20,8,26,23,18,164,0,,chet-holmgren
Chris Boucher,32,TOR,PF,14,0,261,58,115,.504,18,53,.340,40,62,.645,.583,22,30,.733,18,46,64,10,6,10,10,15,156,0,,chris-boucher
Chris Duarte,27,CHI,SG,5,0,16,4,6,.667,3,5,.600,1,1,1.000,.917,4,6,.667,0,2,2,2,0,0,0,0,15,0,,chris-duarte
Chris Livingston,21,MIL,SF,1,0,2,0,1,.000,0,0,,0,1,.000,.000,0,0,,0,0,0,0,0,0,0,0,0,0,,chris-livingston
Chris Paul,39,SAS,PG,14,14,396,51,110,.464,27,71,.380,24,39,.615,.586,17,17,1.000,6,46,52,117,20,1,28,27,146,0,,chris-paul
Christian Braun,23,DEN,SG,11,11,390,65,117,.556,17,36,.472,48,81,.593,.628,31,38,.816,13,45,58,19,14,9,13,29,178,0,,christian-braun
Christian Koloko,24,LAL,C,5,0,48,7,10,.700,0,1,.000,7,9,.778,.700,0,0,,5,5,10,2,2,2,2,6,14,0,,christian-koloko
CJ McCollum,33,NOP,PG,4,4,137,29,65,.446,13,34,.382,16,31,.516,.546,4,6,.667,1,13,14,16,9,4,8,6,75,0,,cj-mccollum
Clint Capela,30,ATL,C,13,13,289,62,96,.646,0,0,,62,96,.646,.646,20,30,.667,39,62,101,14,6,8,13,25,144,0,,clint-capela
Coby White,24,CHI,SG,13,13,435,86,194,.443,47,121,.388,39,73,.534,.564,46,52,.885,2,42,44,63,20,2,39,34,265,0,,coby-white
Cody Martin,29,CHO,SF,12,3,292,41,84,.488,18,43,.419,23,41,.561,.595,13,18,.722,10,40,50,24,10,4,12,23,113,0,,cody-martin
Cody Williams,20,UTA,SG,12,7,247,15,57,.263,5,31,.161,10,26,.385,.307,6,10,.600,6,22,28,17,6,3,10,15,41,0,,cody-williams
Colby Jones,22,SAC,SG,6,0,12,2,2,1.000,1,1,1.000,1,1,1.000,1.250,0,0,,0,0,0,0,0,1,2,2,5,0,,colby-jones
Cole Anthony,24,ORL,PG,12,0,127,16,48,.333,6,23,.261,10,25,.400,.396,13,19,.684,4,24,28,22,8,1,15,15,51,0,,cole-anthony
Colin Castleton,24,MEM,C,5,0,14,0,1,.000,0,1,.000,0,0,,.000,4,4,1.000,0,5,5,0,0,1,0,2,4,0,,colin-castleton
Collin Gillespie,25,PHO,PG,1,0,3,1,2,.500,1,1,1.000,0,1,.000,.750,0,0,,0,0,0,0,0,0,0,0,3,0,,collin-gillespie
Collin Sexton,26,UTA,SG,12,10,323,62,137,.453,19,45,.422,43,92,.467,.522,48,55,.873,8,26,34,36,10,2,29,36,191,0,,collin-sexton
Corey Kispert,25,WAS,SF,11,0,333,45,112,.402,22,69,.319,23,43,.535,.500,12,15,.800,2,31,33,18,7,1,11,19,124,0,,corey-kispert
Cory Joseph,33,ORL,PG,9,0,33,4,14,.286,4,11,.364,0,3,.000,.429,0,0,,2,4,6,7,1,2,1,3,12,0,,cory-joseph
Craig Porter Jr.,24,CLE,PG,9,0,49,6,11,.545,1,3,.333,5,8,.625,.591,1,2,.500,0,6,6,8,0,4,3,2,14,0,,craig-porter
Dalano Banton,25,POR,PG,11,0,142,35,73,.479,10,24,.417,25,49,.510,.548,22,32,.688,3,15,18,25,12,6,12,10,102,0,,dalano-banton
Dalen Terry,22,CHI,SG,13,0,172,19,40,.475,4,13,.308,15,27,.556,.525,13,19,.684,12,13,25,13,7,5,14,17,55,0,,dalen-terry
Dalton Knecht,23,LAL,SF,13,3,263,45,93,.484,23,57,.404,22,36,.611,.608,8,8,1.000,7,23,30,16,6,0,6,15,121,0,,dalton-knecht
Damian Lillard,34,MIL,PG,10,10,358,79,178,.444,32,92,.348,47,86,.547,.534,70,77,.909,8,38,46,66,10,2,27,19,260,0,,damian-lillard
Damion Lee,32,PHO,SG,3,0,34,3,9,.333,1,5,.200,2,4,.500,.389,4,4,1.000,0,5,5,4,1,0,2,1,11,0,,damion-lee
D'Angelo Russell,28,LAL,PG,13,8,364,56,138,.406,24,73,.329,32,65,.492,.493,21,23,.913,4,23,27,63,13,1,21,25,157,0,,dangelo-russell
Daniel Gafford,26,DAL,C,13,11,269,71,97,.732,0,0,,71,97,.732,.732,24,34,.706,34,45,79,15,6,17,9,42,166,0,,daniel-gafford
Daniel Theis,32,NOP,C,11,5,157,16,36,.444,2,10,.200,14,26,.538,.472,6,8,.750,8,31,39,15,3,7,8,14,40,0,,daniel-theis
Daniss Jenkins,23,DET,PG,2,0,5,0,2,.000,0,2,.000,0,0,,.000,0,0,,0,0,0,0,0,0,0,1,0,0,,daniss-jenkins
Dario Šarić,30,DEN,C,6,1,78,6,21,.286,1,8,.125,5,13,.385,.310,1,2,.500,5,11,16,6,2,0,6,7,14,0,,dario-saric
Dariq Whitehead,20,BRK,SF,1,0,2,0,0,,0,0,,0,0,,,0,0,,0,1,1,0,0,0,2,0,0,0,,dariq-whitehead
Darius Garland,25,CLE,PG,14,14,422,110,207,.531,44,96,.458,66,111,.595,.638,32,35,.914,8,23,31,93,18,4,38,35,296,0,,darius-garland
David Duke Jr.,25,SAS,SG,1,0,8,1,4,.250,0,1,.000,1,3,.333,.250,1,2,.500,0,0,0,2,0,0,0,1,3,0,,david-duke
David Roddy,23,ATL,PF,10,1,188,24,43,.558,9,21,.429,15,22,.682,.663,11,13,.846,4,35,39,19,6,2,12,11,68,0,,david-roddy
Davion Mitchell,26,TOR,PG,14,11,406,45,108,.417,14,49,.286,31,59,.525,.481,11,16,.688,9,32,41,84,15,4,29,39,115,0,,davion-mitchell
De'Aaron Fox,27,SAC,PG,14,14,522,147,289,.509,30,87,.345,117,202,.579,.561,80,95,.842,14,56,70,78,25,2,51,41,404,0,,deaaron-fox
Dean Wade,28,CLE,PF,12,7,271,23,59,.390,17,49,.347,6,10,.600,.534,5,12,.417,8,42,50,20,13,5,3,20,68,0,,dean-wade
Deandre Ayton,26,POR,C,11,11,322,68,131,.519,5,13,.385,63,118,.534,.538,5,8,.625,33,83,116,11,10,5,16,22,146,0,,deandre-ayton
De'Andre Hunter,27,ATL,SF,3,2,80,17,37,.459,7,15,.467,10,22,.455,.554,17,20,.850,2,14,16,5,2,1,1,12,58,0,,deandre-hunter
DeAndre Jordan,36,DEN,C,2,0,20,4,8,.500,0,0,,4,8,.500,.500,0,2,.000,7,6,13,2,0,1,5,3,8,0,,deandre-jordan
De'Anthony Melton,26,GSW,SG,6,2,121,22,54,.407,13,35,.371,9,19,.474,.528,5,8,.625,6,14,20,17,7,2,10,18,62,0,,deanthony-melton
Dejounte Murray,28,NOP,PG,1,1,30,4,15,.267,0,3,.000,4,12,.333,.267,6,7,.857,0,8,8,10,1,0,1,0,14,0,,dejounte-murray
Delon Wright,32,MIL,PG,10,2,175,10,33,.303,4,20,.200,6,13,.462,.364,0,2,.000,4,10,14,22,10,5,4,8,24,0,,delon-wright
DeMar DeRozan,35,SAC,SF,12,12,438,102,194,.526,10,25,.400,92,169,.544,.552,61,71,.859,7,42,49,49,20,8,23,15,275,0,,demar-derozan
Deni Avdija,24,POR,SF,13,10,324,37,107,.346,10,43,.233,27,64,.422,.393,39,48,.813,15,57,72,39,13,10,26,23,123,0,,deni-avdija
Dennis Schröder,31,BRK,PG,13,13,448,85,182,.467,38,88,.432,47,94,.500,.571,37,43,.860,2,37,39,79,18,0,30,33,245,0,,dennis-schroder
Dereck Lively II,20,DAL,C,9,2,200,33,48,.688,0,0,,33,48,.688,.688,14,25,.560,25,38,63,19,6,14,11,31,80,0,,dereck-lively
Derrick Jones Jr.,27,LAC,SF,13,13,344,52,109,.477,21,47,.447,31,62,.500,.573,11,14,.786,21,27,48,14,15,4,17,33,136,0,,derrick-jones
Derrick White,30,BOS,SG,14,14,480,91,197,.462,53,131,.405,38,66,.576,.596,30,35,.857,16,47,63,60,12,16,21,35,265,0,,derrick-white
Desmond Bane,26,MEM,SG,6,5,159,42,85,.494,14,36,.389,28,49,.571,.576,14,16,.875,6,27,33,16,7,3,12,16,112,0,,desmond-bane
Devin Booker,28,PHO,SG,13,13,472,94,222,.423,32,94,.340,62,128,.484,.495,72,82,.878,16,32,48,86,15,6,26,23,292,0,,devin-booker
Devin Vassell,24,SAS,SG,4,0,90,22,49,.449,10,27,.370,12,22,.545,.551,11,11,1.000,1,4,5,14,2,2,7,9,65,0,,devin-vassell
Dillon Brooks,29,HOU,SF,13,13,415,58,141,.411,28,70,.400,30,71,.423,.511,17,19,.895,16,30,46,14,8,2,9,41,161,0,,dillon-brooks
Dillon Jones,23,OKC,SF,12,0,84,8,29,.276,1,16,.063,7,13,.538,.293,3,6,.500,9,13,22,6,3,1,6,13,20,0,,dillon-jones
D.J. Carton,24,TOR,SG,4,0,33,1,7,.143,0,3,.000,1,4,.250,.143,1,1,1.000,0,4,4,3,2,0,4,1,3,0,,dj-carton
Domantas Sabonis,28,SAC,C,13,13,474,100,156,.641,12,30,.400,88,126,.698,.679,50,59,.847,37,126,163,86,8,6,44,47,262,3,,domantas-sabonis
Dominick Barlow,21,ATL,SF,2,0,11,0,1,.000,0,0,,0,1,.000,.000,1,2,.500,0,0,0,0,0,0,0,1,1,0,,dominick-barlow
Donovan Clingan,20,POR,C,13,2,205,29,54,.537,1,5,.200,28,49,.571,.546,15,18,.833,32,39,71,3,5,27,12,36,74,0,,donovan-clingan
Donovan Mitchell,28,CLE,SG,14,14,436,122,260,.469,53,126,.421,69,134,.515,.571,47,55,.855,8,53,61,57,21,4,29,30,344,0,,donovan-mitchell
Donte DiVincenzo,28,MIN,SG,13,0,334,39,115,.339,27,89,.303,12,26,.462,.457,11,14,.786,6,38,44,43,18,4,23,24,116,0,,donte-divincenzo
Dorian Finney-Smith,31,BRK,PF,11,11,322,41,93,.441,23,61,.377,18,32,.563,.565,10,16,.625,23,31,54,19,12,7,13,39,115,0,,dorian-finney-smith
Doug McDermott,33,SAC,SF,10,2,103,11,37,.297,9,31,.290,2,6,.333,.419,3,5,.600,0,9,9,2,2,1,0,9,34,0,,doug-mcdermott
Draymond Green,34,GSW,PF,12,12,334,34,76,.447,19,42,.452,15,34,.441,.572,22,31,.710,9,57,66,64,13,12,21,41,109,0,,draymond-green
Drew Eubanks,27,UTA,C,9,0,121,14,25,.560,1,3,.333,13,22,.591,.580,7,11,.636,14,22,36,10,3,6,6,11,36,0,,drew-eubanks
Drew Peterson,25,BOS,PF,3,0,7,0,1,.000,0,1,.000,0,0,,.000,0,0,,0,1,1,1,1,2,1,0,0,0,,drew-peterson
Dru Smith,27,MIA,SG,4,0,28,2,6,.333,0,1,.000,2,5,.400,.333,0,0,,2,5,7,2,0,4,2,3,4,0,,dru-smith
Duncan Robinson,30,MIA,SF,10,0,190,32,88,.364,23,65,.354,9,23,.391,.494,2,2,1.000,2,18,20,15,6,3,5,19,89,0,,duncan-robinson
Duop Reath,28,POR,C,7,0,28,3,13,.231,2,9,.222,1,4,.250,.308,0,0,,2,2,4,2,0,1,1,3,8,0,,duop-reath
Dwight Powell,33,DAL,C,11,0,106,6,8,.750,0,0,,6,8,.750,.750,10,14,.714,9,17,26,9,4,6,4,21,22,0,,dwight-powell
Dyson Daniels,21,ATL,SG,11,11,366,71,144,.493,13,46,.283,58,98,.592,.538,13,22,.591,12,35,47,32,42,9,18,30,168,0,,dyson-daniels
E.J. Liddell,24,CHI,PF,1,0,1,0,0,,0,0,,0,0,,,0,0,,0,0,0,0,0,0,0,0,0,0,,ej-liddell
Enrique Freeman,24,IND,PF,6,0,49,1,6,.167,0,2,.000,1,4,.250,.167,4,4,1.000,1,3,4,3,1,1,1,7,6,0,,enrique-freeman
Eric Gordon,36,PHI,SG,10,1,193,18,47,.383,8,27,.296,10,20,.500,.468,14,18,.778,2,8,10,13,3,3,12,9,58,0,,eric-gordon
Evan Mobley,23,CLE,PF,13,13,395,91,163,.558,7,21,.333,84,142,.592,.580,42,52,.808,25,87,112,33,13,20,29,30,231,0,,evan-mobley
Franz Wagner,23,ORL,SF,14,14,429,116,248,.468,28,81,.346,88,167,.527,.524,51,60,.850,15,63,78,67,21,4,28,30,311,0,,franz-wagner
Fred VanVleet,30,HOU,PG,12,12,424,60,158,.380,26,86,.302,34,72,.472,.462,19,26,.731,9,42,51,73,21,5,14,32,165,0,,fred-vanvleet
Gabe Vincent,28,LAL,PG,13,0,235,15,54,.278,6,34,.176,9,20,.450,.333,2,4,.500,4,9,13,7,9,0,7,19,38,0,,gabe-vincent
Garrett Temple,38,TOR,SG,4,0,13,1,3,.333,0,1,.000,1,2,.500,.333,0,0,,1,0,1,2,1,0,1,3,2,0,,garrett-temple
Garrison Mathews,28,ATL,SG,12,0,265,36,78,.462,30,65,.462,6,13,.462,.654,23,26,.885,3,12,15,21,10,3,7,26,125,0,,garrison-mathews
Gary Harris,30,ORL,SG,12,0,205,16,45,.356,12,34,.353,4,11,.364,.489,2,3,.667,6,12,18,6,4,5,5,5,46,0,,gary-harris
Gary Payton II,32,GSW,PG,12,2,142,25,36,.694,2,8,.250,23,28,.821,.722,5,8,.625,10,11,21,13,8,4,8,17,57,0,,gary-payton
Gary Trent Jr.,26,MIL,SG,11,7,273,26,79,.329,14,51,.275,12,28,.429,.418,13,14,.929,0,16,16,11,11,0,7,23,79,0,,gary-trent
Georges Niang,31,CLE,PF,14,1,262,41,85,.482,20,57,.351,21,28,.750,.600,2,3,.667,7,42,49,14,7,3,10,32,104,0,,georges-niang
Giannis Antetokounmpo,30,MIL,PF,12,12,423,157,259,.606,2,10,.200,155,249,.622,.610,72,119,.605,27,121,148,73,6,17,33,37,388,1,,giannis-antetokounmpo
Goga Bitadze,25,ORL,C,10,7,197,32,47,.681,0,5,.000,32,42,.762,.681,6,9,.667,28,37,65,17,5,13,14,20,70,0,,goga-bitadze
Gradey Dick,21,TOR,SG,14,14,461,89,212,.420,33,98,.337,56,114,.491,.498,55,61,.902,8,30,38,33,13,5,22,28,266,0,,gradey-dick
Grant Williams,26,CHO,PF,12,3,339,38,90,.422,22,61,.361,16,29,.552,.544,17,22,.773,10,46,56,27,15,8,21,38,115,0,,grant-williams
Grayson Allen,29,PHO,SG,9,0,187,25,72,.347,19,56,.339,6,16,.375,.479,12,14,.857,5,14,19,9,7,4,8,9,81,0,,grayson-allen
Guerschon Yabusele,29,PHI,PF,12,1,267,41,85,.482,18,48,.375,23,37,.622,.588,10,16,.625,19,40,59,22,10,5,16,35,110,0,,guerschon-yabusele
Gui Santos,22,GSW,PF,5,0,20,2,3,.667,1,2,.500,1,1,1.000,.833,1,2,.500,1,4,5,2,0,0,2,3,6,0,,gui-santos
Harrison Barnes,32,SAS,PF,14,14,396,44,91,.484,16,42,.381,28,49,.571,.571,25,30,.833,21,33,54,21,4,3,12,10,129,0,,harrison-barnes
Harrison Ingram,22,SAS,SF,1,0,7,0,1,.000,0,0,,0,1,.000,.000,0,0,,0,1,1,0,0,0,0,1,0,0,,harrison-ingram
Haywood Highsmith,28,MIA,SF,9,3,221,30,48,.625,10,24,.417,20,24,.833,.729,7,11,.636,6,21,27,7,15,4,3,18,77,0,,haywood-highsmith
Herbert Jones,26,NOP,SF,4,4,113,12,25,.480,2,11,.182,10,14,.714,.520,1,2,.500,4,6,10,4,7,1,5,9,27,0,,herbert-jones
Hunter Tyson,24,DEN,PF,7,0,78,7,15,.467,1,8,.125,6,7,.857,.500,3,3,1.000,2,11,13,4,2,1,3,11,18,0,,hunter-tyson
Immanuel Quickley,25,TOR,PG,3,3,68,16,42,.381,6,16,.375,10,26,.385,.452,8,9,.889,1,5,6,12,2,0,4,7,46,0,,immanuel-quickley
Isaac Jones,24,SAC,PF,6,0,22,4,6,.667,0,0,,4,6,.667,.667,2,2,1.000,1,2,3,0,0,1,0,6,10,0,,isaac-jones
Isaac Okoro,24,CLE,SG,14,7,289,29,61,.475,16,35,.457,13,26,.500,.607,8,13,.615,11,20,31,22,12,5,3,29,82,0,,isaac-okoro
Isaiah Collier,20,UTA,PG,5,1,82,9,17,.529,1,8,.125,8,9,.889,.559,3,6,.500,1,10,11,8,4,2,8,7,22,0,,isaiah-collier
Isaiah Jackson,23,IND,C,5,1,84,14,23,.609,0,0,,14,23,.609,.609,7,14,.500,11,17,28,5,3,8,5,14,35,0,,isaiah-jackson
Isaiah Joe,25,OKC,SG,13,6,285,42,102,.412,30,82,.366,12,20,.600,.559,6,8,.750,10,32,42,20,9,3,3,24,120,0,,isaiah-joe
Isaiah Stewart,23,DET,C,14,2,308,33,58,.569,1,6,.167,32,52,.615,.578,19,22,.864,38,62,100,27,7,18,15,43,86,0,,isaiah-stewart
Ivica Zubac,27,LAC,C,13,13,442,85,150,.567,0,0,,85,150,.567,.567,30,49,.612,53,105,158,29,9,15,26,35,200,0,,ivica-zubac
Ja Morant,25,MEM,PG,8,8,223,56,125,.448,8,31,.258,48,94,.511,.480,45,54,.833,4,36,40,73,5,2,34,14,165,1,,ja-morant
Jabari Smith Jr.,21,HOU,PF,13,13,373,54,130,.415,19,64,.297,35,66,.530,.488,27,31,.871,31,60,91,10,6,6,10,30,154,0,,jabari-smith
Jabari Walker,22,POR,SF,11,0,92,11,27,.407,2,9,.222,9,18,.500,.444,7,8,.875,9,19,28,3,2,1,5,12,31,0,,jabari-walker
Jack McVeigh,28,HOU,PF,4,0,12,1,5,.200,1,3,.333,0,2,.000,.300,0,0,,0,2,2,0,0,0,1,1,3,0,,jack-mcveigh
Jacob Toppin,24,NYK,SF,3,0,10,1,2,.500,0,1,.000,1,1,1.000,.500,0,0,,0,1,1,1,0,0,0,0,2,0,,jacob-toppin
Jaden Hardy,22,DAL,SG,12,0,157,19,52,.365,9,32,.281,10,20,.500,.452,7,7,1.000,4,11,15,15,6,1,14,16,54,0,,jaden-hardy
Jaden Ivey,22,DET,SG,13,13,423,87,195,.446,22,64,.344,65,131,.496,.503,41,57,.719,19,42,61,51,11,8,42,37,237,0,,jaden-ivey
Jaden McDaniels,24,MIN,PF,13,13,390,53,115,.461,14,48,.292,39,67,.582,.522,11,16,.688,16,30,46,22,16,13,17,47,131,0,,jaden-mcdaniels
Jaden Springer,22,BOS,PG,4,0,16,1,5,.200,0,2,.000,1,3,.333,.200,1,2,.500,2,2,4,1,2,0,1,1,3,0,,jaden-springer
Jae'Sean Tate,29,HOU,SF,5,0,18,4,8,.500,0,1,.000,4,7,.571,.500,3,5,.600,2,8,10,2,1,0,3,4,11,0,,jaesean-tate
Jaime Jaquez Jr.,23,MIA,SF,8,0,192,30,67,.448,7,16,.438,23,51,.451,.500,11,19,.579,15,36,51,21,9,1,14,17,78,0,,jaime-jaquez
Jake LaRavia,23,MEM,PF,13,0,326,41,83,.494,13,33,.394,28,50,.560,.572,21,34,.618,22,45,67,48,13,7,20,32,116,0,,jake-laravia
Jakob Poeltl,29,TOR,C,14,14,457,100,168,.595,0,0,,100,168,.595,.595,27,42,.643,62,101,163,38,16,18,35,51,227,0,,jakob-poeltl
Ja'Kobe Walter,20,TOR,SG,4,0,49,3,16,.188,1,6,.167,2,10,.200,.219,3,5,.600,4,7,11,3,0,1,0,8,10,0,,jakobe-walter
Jalen Bridges,23,PHO,SF,2,0,11,0,2,.000,0,2,.000,0,0,,.000,1,2,.500,0,1,1,0,0,0,2,0,1,0,,jalen-bridges
Jalen Brunson,28,NYK,PG,12,12,414,107,225,.476,26,69,.377,81,156,.519,.533,64,78,.821,5,30,35,79,5,0,27,27,304,0,,jalen-brunson
Jalen Duren,21,DET,C,12,12,299,42,51,.824,0,0,,42,51,.824,.824,17,31,.548,38,77,115,34,3,14,23,40,101,0,,jalen-duren
Jalen Green,22,HOU,SG,13,13,428,88,229,.384,38,115,.330,50,114,.439,.467,43,50,.860,6,56,62,38,10,5,35,28,257,0,,jalen-green
Jalen Hood-Schifino,21,LAL,SG,1,0,1,0,0,,0,0,,0,0,,,0,0,,0,0,0,0,0,0,0,0,0,0,,jalen-hood-schifino
Jalen Johnson,23,ATL,SF,13,13,475,94,204,.461,19,62,.306,75,142,.528,.507,39,55,.709,26,109,135,71,18,15,43,35,246,1,,jalen-johnson
Jalen Pickett,25,DEN,SG,2,0,4,0,1,.000,0,1,.000,0,0,,.000,0,0,,0,0,0,0,0,0,0,0,0,0,,jalen-pickett
Jalen Smith,24,CHI,C,11,0,159,30,66,.455,14,37,.378,16,29,.552,.561,12,17,.706,14,40,54,7,5,3,7,23,86,0,,jalen-smith
Jalen Suggs,23,ORL,PG,14,14,422,73,178,.410,29,95,.305,44,83,.530,.492,37,40,.925,9,61,70,56,22,15,42,36,212,0,,jalen-suggs
Jalen Williams,23,OKC,SG,13,13,416,105,209,.502,24,61,.393,81,148,.547,.560,30,38,.789,12,72,84,65,27,13,29,37,264,0,,jalen-williams
Jalen Wilson,24,BRK,PF,13,0,278,36,84,.429,11,42,.262,25,42,.595,.494,23,26,.885,13,29,42,27,4,0,12,27,106,0,,jalen-wilson
Jamal Cain,25,NOP,SF,10,0,134,16,38,.421,7,20,.350,9,18,.500,.513,6,10,.600,11,18,29,6,1,5,7,15,45,0,,jamal-cain
Jamal Murray,27,DEN,PG,8,8,290,49,123,.398,15,47,.319,34,76,.447,.459,30,35,.857,3,30,33,42,8,0,12,12,143,0,,jamal-murray
Jamal Shead,22,TOR,PG,14,0,221,28,75,.373,5,24,.208,23,51,.451,.407,9,10,.900,1,12,13,48,5,2,21,27,70,0,,jamal-shead
James Harden,35,LAC,PG,13,13,448,78,210,.371,33,105,.314,45,105,.429,.450,80,93,.860,10,94,104,108,20,11,63,32,269,1,,james-harden
James Johnson,37,IND,PF,2,0,6,1,2,.500,0,1,.000,1,1,1.000,.500,0,0,,0,0,0,1,0,1,1,0,2,0,,james-johnson
James Wiseman,23,IND,C,1,0,5,2,4,.500,0,1,.000,2,3,.667,.500,2,2,1.000,0,1,1,0,0,0,0,0,6,0,,james-wiseman
Jamison Battle,23,TOR,SF,13,0,183,24,56,.429,16,41,.390,8,15,.533,.571,6,8,.750,10,20,30,11,0,2,4,19,70,0,,jamison-battle
Jarace Walker,21,IND,PF,12,0,184,26,53,.491,12,25,.480,14,28,.500,.604,5,7,.714,6,32,38,16,16,4,16,19,69,0,,jarace-walker
Jared Butler,24,WAS,SG,8,0,73,14,31,.452,1,5,.200,13,26,.500,.468,12,17,.706,2,5,7,20,5,2,2,7,41,0,,jared-butler
Jared McCain,20,PHI,SG,12,2,240,63,133,.474,25,62,.403,38,71,.535,.568,27,27,1.000,6,18,24,29,5,0,11,15,178,0,,jared-mccain
Jared Rhoden,25,CHO,SG,3,0,10,2,7,.286,0,2,.000,2,5,.400,.286,0,0,,1,2,3,2,1,0,0,0,4,0,,jared-rhoden
Jaren Jackson Jr.,25,MEM,C,11,11,315,93,170,.547,20,55,.364,73,115,.635,.606,51,65,.785,12,50,62,11,16,14,22,35,257,0,,jaren-jackson
Jarrett Allen,26,CLE,C,14,14,421,80,123,.650,0,0,,80,123,.650,.650,37,51,.725,26,123,149,25,14,18,16,16,197,0,,jarrett-allen
Javonte Green,31,NOP,SG,14,4,329,25,65,.385,10,28,.357,15,37,.405,.462,17,20,.850,12,35,47,12,17,7,5,15,77,0,,javonte-green
Jaxson Hayes,24,LAL,C,10,1,175,24,34,.706,0,0,,24,34,.706,.706,15,19,.789,19,27,46,9,3,9,6,27,63,0,,jaxson-hayes
Jay Huff,26,MEM,C,13,1,191,43,78,.551,21,49,.429,22,29,.759,.686,15,17,.882,8,27,35,10,4,23,6,15,122,0,,jay-huff
Jaylen Brown,28,BOS,SF,10,10,368,86,200,.430,20,68,.294,66,132,.500,.480,64,82,.780,16,55,71,40,11,4,23,28,256,0,,jaylen-brown
Jaylen Martin,21,BRK,SF,2,0,3,1,1,1.000,1,1,1.000,0,0,,1.500,0,0,,0,0,0,0,0,0,0,1,3,0,,jaylen-martin
Jaylen Nowell,25,NOP,SG,7,0,147,24,64,.375,8,24,.333,16,40,.400,.438,7,11,.636,6,14,20,14,1,2,5,4,63,0,,jaylen-nowell
Jaylen Wells,21,MEM,SG,13,8,339,54,124,.435,22,60,.367,32,64,.500,.524,20,27,.741,12,31,43,22,4,3,14,23,150,0,,jaylen-wells
Jaylon Tyson,22,CLE,SG,5,0,25,2,6,.333,2,4,.500,0,2,.000,.500,1,2,.500,0,4,4,2,0,0,4,7,7,0,,jaylon-tyson
Jayson Tatum,26,BOS,PF,14,14,510,129,280,.461,59,155,.381,70,125,.560,.566,99,121,.818,6,104,110,82,19,8,40,37,416,0,,jayson-tatum
Jazian Gortman,21,DAL,PG,2,0,5,1,1,1.000,1,1,1.000,0,0,,1.500,0,0,,0,0,0,0,0,0,1,0,3,0,,jazian-gortman
JD Davison,22,BOS,PG,3,0,14,1,4,.250,0,2,.000,1,2,.500,.250,1,2,.500,0,1,1,1,1,0,4,1,3,0,,jd-davison
Jeenathan Williams,25,HOU,SG,1,0,2,1,1,1.000,1,1,1.000,0,0,,1.500,0,0,,0,2,2,0,0,0,0,0,3,0,,jeenathan-williams
Jeff Dowtin,27,PHI,PG,7,0,60,5,16,.313,1,6,.167,4,10,.400,.344,3,4,.750,2,4,6,4,3,0,0,3,14,0,,jeff-dowtin
Jeff Green,38,HOU,PF,3,0,12,3,3,1.000,2,2,1.000,1,1,1.000,1.333,0,0,,0,1,1,1,1,0,1,1,8,0,,jeff-green
Jerami Grant,30,POR,PF,13,13,434,75,195,.385,31,90,.344,44,105,.419,.464,47,59,.797,4,43,47,29,10,15,20,24,228,0,,jerami-grant
Jeremiah Robinson-Earl,24,NOP,PF,14,3,272,33,73,.452,11,30,.367,22,43,.512,.527,15,15,1.000,31,29,60,13,7,1,11,18,92,0,,jeremiah-robinson-earl
Jeremy Sochan,21,SAS,PF,7,7,205,44,86,.512,3,12,.250,41,74,.554,.529,17,25,.680,17,37,54,21,7,3,16,21,108,0,,jeremy-sochan
Jericho Sims,26,NYK,C,12,1,156,9,13,.692,0,0,,9,13,.692,.692,0,2,.000,20,27,47,7,2,4,7,17,18,0,,jericho-sims
Jett Howard,21,ORL,SF,14,0,122,20,50,.400,17,42,.405,3,8,.375,.570,2,2,1.000,1,11,12,3,1,5,5,12,59,0,,jett-howard
Jevon Carter,29,CHI,PG,4,0,21,2,6,.333,1,4,.250,1,2,.500,.417,0,0,,1,1,2,2,1,0,0,0,5,0,,jevon-carter
Jimmy Butler,35,MIA,PF,8,8,244,43,90,.478,2,13,.154,41,77,.532,.489,41,56,.732,21,17,38,39,12,2,14,12,129,0,,jimmy-butler
Jock Landale,29,HOU,C,9,0,97,15,30,.500,3,5,.600,12,25,.480,.550,6,10,.600,11,15,26,7,2,2,3,10,39,0,,jock-landale
Joe Ingles,37,MIN,SF,6,0,26,0,2,.000,0,2,.000,0,0,,.000,0,0,,2,0,2,8,0,0,1,5,0,0,,joe-ingles
Joel Embiid,30,PHI,C,2,2,59,7,26,.269,1,10,.100,6,16,.375,.288,18,18,1.000,2,9,11,7,1,2,8,5,33,0,,joel-embiid
John Collins,27,UTA,PF,12,3,321,82,160,.513,13,36,.361,69,124,.556,.553,38,39,.974,33,61,94,32,17,10,32,38,215,0,,john-collins
John Konchar,28,MEM,SG,6,0,111,6,14,.429,4,12,.333,2,2,1.000,.571,3,4,.750,7,18,25,8,3,5,3,6,19,0,,john-konchar
Johnny Davis,22,WAS,SG,9,0,70,11,23,.478,2,3,.667,9,20,.450,.522,1,2,.500,4,9,13,2,2,1,1,8,25,0,,johnny-davis
Johnny Furphy,20,IND,SG,5,0,31,3,12,.250,0,4,.000,3,8,.375,.250,1,1,1.000,3,3,6,1,1,1,3,0,7,0,,johnny-furphy
Johnny Juzang,23,UTA,SG,9,0,133,14,35,.400,9,25,.360,5,10,.500,.529,10,10,1.000,2,9,11,7,5,2,5,16,47,0,,johnny-juzang
Jonas Valančiūnas,32,WAS,C,11,2,224,53,93,.570,1,4,.250,52,89,.584,.575,26,28,.929,27,56,83,25,5,7,19,18,133,0,,jonas-valanciunas
Jonathan Isaac,27,ORL,PF,11,0,173,27,54,.500,9,28,.321,18,26,.692,.583,10,16,.625,21,32,53,4,9,10,5,14,73,0,,jonathan-isaac
Jonathan Kuminga,22,GSW,PF,12,3,285,62,135,.459,13,41,.317,49,94,.521,.507,33,52,.635,16,36,52,21,10,5,19,23,170,0,,jonathan-kuminga
Jonathan Mogbo,23,TOR,PF,14,1,219,22,48,.458,1,7,.143,21,41,.512,.469,20,29,.690,31,27,58,23,13,7,12,30,65,0,,jonathan-mogbo
Jordan Clarkson,32,UTA,SG,10,2,258,53,133,.398,19,64,.297,34,69,.493,.470,27,36,.750,7,31,38,40,10,1,20,15,152,0,,jordan-clarkson
Jordan Hawkins,22,NOP,SG,8,3,242,42,103,.408,19,52,.365,23,51,.451,.500,27,29,.931,4,32,36,11,1,3,13,11,130,0,,jordan-hawkins
Jordan McLaughlin,28,SAC,PG,11,0,97,10,25,.400,5,14,.357,5,11,.455,.500,5,6,.833,2,9,11,11,6,0,5,8,30,0,,jordan-mclaughlin
Jordan Miller,25,LAC,SF,4,0,30,4,12,.333,1,5,.200,3,7,.429,.375,11,13,.846,3,2,5,2,0,0,3,1,20,0,,jordan-miller
Jordan Poole,25,WAS,SG,11,11,335,81,178,.455,40,90,.444,41,88,.466,.567,42,46,.913,3,22,25,49,25,7,38,39,244,0,,jordan-poole
Jordan Walsh,20,BOS,PF,12,0,108,6,20,.300,4,16,.250,2,4,.500,.400,0,1,.000,3,9,12,3,4,3,2,9,16,0,,jordan-walsh
Jose Alvarado,26,NOP,PG,11,7,282,40,101,.396,24,60,.400,16,41,.390,.515,14,17,.824,6,18,24,49,17,3,14,26,118,0,,jose-alvarado
Josh Giddey,22,CHI,PG,13,13,362,59,141,.418,18,45,.400,41,96,.427,.482,27,41,.659,17,61,78,84,11,2,32,20,163,0,,josh-giddey
Josh Green,24,CHO,SG,10,9,237,19,45,.422,13,27,.481,6,18,.333,.567,5,7,.714,5,14,19,15,7,4,7,28,56,0,,josh-green
Josh Hart,29,NYK,SG,12,12,441,59,103,.573,12,39,.308,47,64,.734,.631,28,32,.875,22,88,110,71,13,3,25,29,158,1,,josh-hart
Josh Minott,22,MIN,SF,6,0,42,4,8,.500,0,4,.000,4,4,1.000,.500,1,2,.500,0,4,4,1,0,2,3,8,9,0,,josh-minott
Josh Okogie,26,PHO,SG,5,1,91,21,40,.525,6,14,.429,15,26,.577,.600,9,14,.643,10,14,24,2,6,0,6,6,57,0,,josh-okogie
Josh Richardson,31,MIA,SG,6,0,111,8,27,.296,5,15,.333,3,12,.250,.389,2,2,1.000,5,5,10,8,7,0,7,13,23,0,,josh-richardson
Jrue Holiday,34,BOS,PG,13,13,400,61,126,.484,24,66,.364,37,60,.617,.579,20,23,.870,11,40,51,52,7,3,21,16,166,0,,jrue-holiday
Julian Champagnie,23,SAS,SF,14,14,395,54,124,.435,33,89,.371,21,35,.600,.569,11,13,.846,12,62,74,22,8,7,15,21,152,0,,julian-champagnie
Julian Phillips,21,CHI,SF,13,0,181,21,48,.438,10,29,.345,11,19,.579,.542,6,12,.500,11,16,27,5,11,2,6,15,58,0,,julian-phillips
Julian Strawther,22,DEN,SG,11,0,234,35,79,.443,14,40,.350,21,39,.538,.532,14,18,.778,5,18,23,15,10,4,13,30,98,0,,julian-strawther
Julius Randle,30,MIN,PF,13,13,443,94,187,.503,21,57,.368,73,130,.562,.559,59,72,.819,27,60,87,55,8,1,38,33,268,0,,julius-randle
Justin Champagnie,23,WAS,SF,2,0,5,0,0,,0,0,,0,0,,,0,0,,1,1,2,1,0,0,0,3,0,0,,justin-champagnie
Jusuf Nurkić,30,PHO,C,12,12,295,33,86,.384,9,35,.257,24,51,.471,.436,31,47,.660,23,98,121,13,11,7,34,35,106,0,,jusuf-nurkic
Kai Jones,24,LAC,C,10,0,85,10,14,.714,0,0,,10,14,.714,.714,3,5,.600,10,11,21,3,0,7,5,9,23,0,,kai-jones
Karl-Anthony Towns,29,NYK,C,11,11,373,105,196,.536,30,59,.508,75,137,.547,.612,51,62,.823,33,101,134,30,9,9,22,37,291,0,,karl-anthony-towns
Karlo Matković,23,NOP,PF,2,0,5,1,1,1.000,0,0,,1,1,1.000,1.000,0,0,,3,1,4,0,0,1,2,1,2,0,,karlo-matkovic
Keaton Wallace,25,ATL,PG,11,1,177,22,52,.423,8,23,.348,14,29,.483,.500,4,4,1.000,2,15,17,20,9,6,11,10,56,0,,keaton-wallace
Keegan Murray,24,SAC,PF,14,14,527,71,163,.436,25,84,.298,46,79,.582,.512,18,21,.857,33,80,113,24,6,9,11,43,185,0,,keegan-murray
Keldon Johnson,25,SAS,SF,14,0,371,63,143,.441,13,51,.255,50,92,.543,.486,27,35,.771,17,61,78,21,14,4,11,26,166,0,,keldon-johnson
Kel'el Ware,20,MIA,C,7,0,47,8,19,.421,2,6,.333,6,13,.462,.474,0,0,,0,9,9,0,2,4,3,6,18,0,,kelel-ware
Kelly Oubre Jr.,29,PHI,SF,12,11,373,63,154,.409,15,56,.268,48,98,.490,.458,25,33,.758,17,39,56,14,10,4,16,43,166,0,,kelly-oubre
Kenrich Williams,30,OKC,PF,3,0,35,5,9,.556,2,6,.333,3,3,1.000,.667,0,0,,1,6,7,2,1,4,1,5,12,0,,kenrich-williams
Kentavious Caldwell-Pope,31,ORL,SG,14,14,415,33,98,.337,15,64,.234,18,34,.529,.413,19,19,1.000,6,28,34,28,19,8,10,30,100,0,,kentavious-caldwell-pope
Keon Ellis,25,SAC,SG,13,1,270,24,51,.471,11,32,.344,13,19,.684,.578,10,12,.833,10,15,25,10,16,11,13,28,69,0,,keon-ellis
Keon Johnson,22,BRK,SG,12,0,158,22,58,.379,12,36,.333,10,22,.455,.483,6,7,.857,7,29,36,11,4,4,10,18,62,0,,keon-johnson
Kessler Edwards,24,DAL,SF,3,0,7,0,2,.000,0,2,.000,0,0,,.000,0,0,,0,0,0,0,0,0,1,2,0,0,,kessler-edwards
Kevin Durant,36,PHO,PF,9,9,349,89,161,.553,24,56,.429,65,105,.619,.627,46,55,.836,2,57,59,31,7,13,30,16,248,0,,kevin-durant
Kevin Huerter,26,SAC,SG,12,12,333,53,115,.461,25,74,.338,28,41,.683,.570,5,9,.556,5,42,47,30,15,6,12,33,136,0,,kevin-huerter
Kevin Love,36,MIA,PF,3,3,35,9,19,.474,5,12,.417,4,7,.571,.605,1,1,1.000,3,12,15,4,6,0,0,2,24,0,,kevin-love
Kevin Porter Jr.,24,LAC,SG,13,0,212,41,104,.394,8,32,.250,33,72,.458,.433,12,22,.545,7,34,41,33,8,2,30,16,102,0,,kevin-porter
Kevon Looney,28,GSW,C,11,0,173,25,52,.481,0,0,,25,52,.481,.481,14,23,.609,47,45,92,19,10,4,8,31,64,0,,kevon-looney
Keyonte George,21,UTA,PG,11,11,349,53,150,.353,28,86,.326,25,64,.391,.447,33,42,.786,5,25,30,63,7,1,31,17,167,0,,keyonte-george
KJ Martin,24,PHI,PF,10,1,158,18,28,.643,2,4,.500,16,24,.667,.679,9,12,.750,4,19,23,5,3,6,1,22,47,0,,kj-martin
KJ Simpson,22,CHO,PG,1,0,7,1,2,.500,0,1,.000,1,1,1.000,.500,0,0,,2,1,3,1,0,0,0,0,2,0,,kj-simpson
Klay Thompson,34,DAL,SF,13,13,382,68,163,.417,41,110,.373,27,53,.509,.543,9,9,1.000,6,38,44,25,6,3,14,18,186,0,,klay-thompson
Kobe Brown,25,LAC,PF,4,0,26,5,13,.385,0,4,.000,5,9,.556,.385,1,2,.500,4,6,10,2,1,0,0,1,11,0,,kobe-brown
Kris Dunn,30,LAC,PG,13,2,288,41,76,.539,15,40,.375,26,36,.722,.638,3,8,.375,11,38,49,40,13,3,11,38,100,0,,kris-dunn
Kris Murray,24,POR,SF,12,0,167,19,43,.442,6,17,.353,13,26,.500,.512,6,15,.400,15,17,32,10,8,1,7,11,50,0,,kris-murray
Kyle Anderson,31,GSW,SF,11,0,186,23,62,.371,8,27,.296,15,35,.429,.435,10,14,.714,10,31,41,30,11,9,4,11,64,0,,kyle-anderson
Kyle Filipowski,21,UTA,C,11,5,199,32,57,.561,9,23,.391,23,34,.676,.640,9,21,.429,9,41,50,19,6,2,11,15,82,0,,kyle-filipowski
Kyle Kuzma,29,WAS,PF,6,6,171,39,107,.364,12,43,.279,27,64,.422,.421,13,17,.765,6,34,40,14,2,3,20,12,103,0,,kyle-kuzma
Kyle Lowry,38,PHI,PG,12,9,296,24,60,.400,17,45,.378,7,15,.467,.542,15,19,.789,6,22,28,43,15,5,10,22,80,0,,kyle-lowry
Kyrie Irving,32,DAL,SG,12,12,420,113,206,.549,35,67,.522,78,139,.561,.633,38,45,.844,14,45,59,60,18,3,24,25,299,0,,kyrie-irving
Kyshawn George,21,WAS,SG,11,4,310,39,106,.368,20,71,.282,19,35,.543,.462,13,16,.813,7,41,48,32,10,10,10,40,111,0,,kyshawn-george
LaMelo Ball,23,CHO,PG,12,12,406,122,277,.440,55,151,.364,67,126,.532,.540,56,64,.875,13,51,64,75,15,3,52,48,355,0,,lamelo-ball
Larry Nance Jr.,32,ATL,PF,8,1,130,28,42,.667,14,21,.667,14,21,.667,.833,1,2,.500,9,10,19,11,6,2,4,11,71,0,,larry-nance
Lauri Markkanen,27,UTA,PF,9,9,269,45,106,.425,22,49,.449,23,57,.404,.528,43,50,.860,15,39,54,23,5,0,15,12,155,0,,lauri-markkanen
League Average,,,,,,,,,.463,,,.356,,,.540,.538,,,.780,,,,,,,,,,,,league-average
LeBron James,40,LAL,SF,13,13,460,111,216,.514,31,72,.431,80,144,.556,.586,50,66,.758,10,102,112,120,9,6,47,17,303,5,,lebron-james
Lester Quiñones,24,PHI,SG,2,0,5,1,2,.500,0,1,.000,1,1,1.000,.500,1,1,1.000,2,1,3,1,0,0,0,0,3,0,,lester-quinones
Liam Robbins,25,MIL,C,3,0,17,2,3,.667,0,1,.000,2,2,1.000,.667,1,4,.250,2,1,3,0,0,0,0,3,5,0,,liam-robbins
Lindy Waters III,27,GSW,SG,10,2,134,20,40,.500,11,27,.407,9,13,.692,.638,2,2,1.000,4,13,17,14,3,2,1,10,53,0,,lindy-waters
Lonzo Ball,27,CHI,PG,3,0,47,5,14,.357,4,12,.333,1,2,.500,.500,0,0,,0,8,8,11,0,1,3,4,14,0,,lonzo-ball
Luguentz Dort,25,OKC,SG,13,13,364,52,110,.473,31,69,.449,21,41,.512,.614,18,21,.857,12,38,50,20,17,10,9,37,153,0,,luguentz-dort
Luka Dončić,25,DAL,PG,13,13,484,128,301,.425,42,131,.321,86,170,.506,.495,69,87,.793,8,94,102,102,19,4,43,39,367,0,,luka-doncic
Luka Garza,26,MIN,PF,4,0,17,4,11,.364,0,4,.000,4,7,.571,.364,0,1,.000,1,4,5,0,0,0,2,1,8,0,,luka-garza
Luke Kennard,28,MEM,SG,5,0,96,11,28,.393,9,21,.429,2,7,.286,.554,3,4,.750,2,11,13,20,2,1,5,7,34,0,,luke-kennard
Luke Kornet,29,BOS,C,13,2,217,20,32,.625,0,0,,20,32,.625,.625,16,17,.941,25,26,51,22,7,9,5,19,56,0,,luke-kornet
Luke Travers,23,CLE,SG,2,0,7,1,1,1.000,0,0,,1,1,1.000,1.000,2,2,1.000,1,2,3,2,0,1,0,3,4,0,,luke-travers
Mac McClung,26,ORL,SG,1,0,5,0,0,,0,0,,0,0,,,0,0,,0,1,1,2,0,0,0,0,0,0,,mac-mcclung
Malaki Branham,21,SAS,SG,12,0,175,37,75,.493,14,30,.467,23,45,.511,.587,15,18,.833,1,20,21,14,5,2,15,6,103,0,,malaki-branham
Malevy Leons,25,OKC,SF,6,0,21,0,2,.000,0,1,.000,0,1,.000,.000,2,4,.500,1,2,3,1,0,0,1,4,2,0,,malevy-leons
Malik Beasley,28,DET,SG,14,2,400,70,177,.395,46,120,.383,24,57,.421,.525,14,21,.667,9,32,41,23,9,1,20,22,200,0,,malik-beasley
Malik Monk,26,SAC,SG,10,0,250,46,104,.442,12,43,.279,34,61,.557,.500,22,26,.846,0,30,30,28,9,4,8,18,126,0,,malik-monk
Marcus Sasser,24,DET,PG,6,0,67,9,17,.529,1,6,.167,8,11,.727,.559,2,2,1.000,1,6,7,6,3,2,2,1,21,0,,marcus-sasser
Marcus Smart,30,MEM,PG,7,5,141,15,50,.300,6,28,.214,9,22,.409,.360,16,19,.842,7,11,18,26,7,6,14,15,52,0,,marcus-smart
MarJon Beauchamp,24,MIL,SF,8,0,27,5,14,.357,1,6,.167,4,8,.500,.393,4,4,1.000,2,4,6,1,1,0,7,3,15,0,,marjon-beauchamp
Markieff Morris,35,DAL,PF,2,0,10,1,6,.167,0,2,.000,1,4,.250,.167,0,0,,0,4,4,2,0,0,0,0,2,0,,markieff-morris
Marvin Bagley III,25,WAS,C,7,0,43,9,18,.500,0,3,.000,9,15,.600,.500,5,7,.714,7,11,18,2,0,1,5,1,23,0,,marvin-bagley
Mason Jones,26,SAC,SG,3,0,13,0,2,.000,0,2,.000,0,0,,.000,0,0,,1,3,4,7,0,0,0,1,0,0,,mason-jones
Mason Plumlee,34,PHO,C,12,1,208,23,37,.622,0,0,,23,37,.622,.622,14,27,.519,16,53,69,17,4,6,7,23,60,0,,mason-plumlee
Matas Buzelis,20,CHI,SF,12,0,102,11,34,.324,6,18,.333,5,16,.313,.412,5,8,.625,5,19,24,3,5,7,7,9,33,0,,matas-buzelis
Matt Ryan,27,NYK,SF,3,0,20,1,6,.167,1,4,.250,0,2,.000,.250,0,0,,0,0,0,0,0,0,0,0,3,0,,matt-ryan
Max Christie,21,LAL,SG,12,1,191,16,46,.348,6,23,.261,10,23,.435,.413,13,14,.929,8,16,24,12,9,4,6,15,51,0,,max-christie
Maxi Kleber,33,DAL,PF,4,2,60,4,9,.444,1,3,.333,3,6,.500,.500,1,2,.500,1,8,9,3,0,1,0,5,10,0,,maxi-kleber
Maxwell Lewis,22,LAL,SF,2,0,3,0,0,,0,0,,0,0,,,0,0,,0,0,0,0,0,0,0,1,0,0,,maxwell-lewis
Michael Porter Jr.,26,DEN,SF,11,11,407,77,159,.484,35,83,.422,42,76,.553,.594,15,20,.750,14,62,76,32,11,5,11,24,204,0,,michael-porter
Mikal Bridges,28,NYK,SF,12,12,459,81,167,.485,25,76,.329,56,91,.615,.560,7,11,.636,14,33,47,43,15,8,19,18,194,0,,mikal-bridges
Mike Conley,37,MIN,PG,12,12,295,29,92,.315,21,64,.328,8,28,.286,.429,16,18,.889,8,29,37,59,20,3,14,22,95,0,,mike-conley
Miles Bridges,26,CHO,PF,9,9,271,47,117,.402,15,52,.288,32,65,.492,.466,27,32,.844,7,54,61,23,5,4,14,12,136,0,,miles-bridges
Miles McBride,24,NYK,PG,11,0,290,44,100,.440,22,58,.379,22,42,.524,.550,8,10,.800,4,21,25,28,12,3,12,19,118,0,,miles-mcbride
Monte Morris,29,PHO,PG,9,0,103,13,34,.382,6,17,.353,7,17,.412,.471,10,12,.833,2,9,11,13,4,3,2,2,42,0,,monte-morris
Moritz Wagner,27,ORL,C,14,1,261,60,110,.545,13,38,.342,47,72,.653,.605,44,55,.800,11,51,62,13,10,3,27,28,177,0,,moritz-wagner
Moses Moody,22,GSW,SG,12,4,194,39,81,.481,22,48,.458,17,33,.515,.617,15,21,.714,6,19,25,12,4,3,12,14,115,0,,moses-moody
Mouhamed Gueye,22,ATL,PF,2,0,11,1,4,.250,0,2,.000,1,2,.500,.250,0,0,,0,2,2,0,0,0,1,0,2,0,,mouhamed-gueye
Moussa Diabaté,23,CHO,PF,12,0,197,24,35,.686,0,0,,24,35,.686,.686,3,8,.375,36,55,91,7,4,11,11,15,51,0,,moussa-diabate
Myles Turner,28,IND,C,11,11,355,62,136,.456,23,58,.397,39,78,.500,.540,30,44,.682,8,65,73,16,11,19,29,38,177,0,,myles-turner
Naji Marshall,27,DAL,SF,13,4,306,45,92,.489,4,27,.148,41,65,.631,.511,14,14,1.000,14,33,47,37,15,2,13,19,108,0,,naji-marshall
Naz Reid,25,MIN,C,13,0,324,72,134,.537,31,68,.456,41,66,.621,.653,25,27,.926,9,60,69,22,6,6,13,32,200,0,,naz-reid
Neemias Queta,25,BOS,C,13,4,247,38,58,.655,0,2,.000,38,56,.679,.655,9,12,.750,27,44,71,8,2,11,8,24,85,0,,neemias-queta
Nic Claxton,25,BRK,C,11,5,273,41,63,.651,0,0,,41,63,.651,.651,13,28,.464,22,63,85,28,6,13,11,27,95,0,,nic-claxton
Nick Richards,27,CHO,C,5,5,137,21,33,.636,0,1,.000,21,32,.656,.636,13,22,.591,20,30,50,9,2,12,7,14,55,0,,nick-richards
Nick Smith Jr.,20,CHO,SG,4,0,21,3,10,.300,1,5,.200,2,5,.400,.350,0,0,,0,1,1,1,1,0,1,1,7,0,,nick-smith
Nickeil Alexander-Walker,26,MIN,SG,13,1,311,41,79,.519,23,47,.489,18,32,.563,.665,10,14,.714,8,26,34,35,14,4,19,16,115,0,,nickeil-alexander-walker
Nicolas Batum,36,LAC,PF,13,0,214,15,41,.366,9,30,.300,6,11,.545,.476,4,6,.667,9,25,34,22,6,10,7,19,43,0,,nicolas-batum
Nikola Jokić,29,DEN,C,10,10,381,108,192,.563,22,39,.564,86,153,.562,.620,59,70,.843,45,92,137,117,17,10,41,20,297,6,,nikola-jokic
Nikola Jović,21,MIA,PF,11,8,210,35,73,.479,12,36,.333,23,37,.622,.562,9,12,.750,8,37,45,14,11,1,8,18,91,0,,nikola-jovic
Nikola Vučević,34,CHI,C,13,13,422,112,187,.599,24,53,.453,88,134,.657,.663,25,29,.862,31,99,130,40,9,10,23,31,273,0,,nikola-vucevic
Noah Clowney,20,BRK,PF,11,1,178,24,69,.348,15,44,.341,9,25,.360,.457,11,14,.786,13,23,36,9,4,6,8,26,74,0,,noah-clowney
Norman Powell,31,LAC,SG,13,13,441,106,215,.493,49,102,.480,57,113,.504,.607,46,56,.821,4,39,43,32,15,3,27,27,307,0,,norman-powell
Obi Toppin,26,IND,PF,11,0,227,40,72,.556,11,32,.344,29,40,.725,.632,13,15,.867,10,24,34,16,5,4,9,14,104,0,,obi-toppin
Ochai Agbaji,24,TOR,SG,14,12,453,72,138,.522,27,61,.443,45,77,.584,.620,13,18,.722,16,53,69,27,18,8,15,38,184,0,,ochai-agbaji
OG Anunoby,27,NYK,PF,12,12,439,76,153,.497,25,68,.368,51,85,.600,.578,26,31,.839,10,53,63,29,18,8,16,30,203,0,,og-anunoby
Olivier-Maxence Prosper,22,DAL,PF,8,0,51,6,17,.353,0,3,.000,6,14,.429,.353,1,1,1.000,6,4,10,0,0,0,1,6,13,0,,olivier-maxence-prosper
Onyeka Okongwu,24,ATL,C,11,0,261,49,87,.563,4,21,.190,45,66,.682,.586,24,28,.857,26,45,71,19,8,8,10,24,126,0,,onyeka-okongwu
Orlando Robinson,24,SAC,C,1,0,12,2,2,1.000,1,1,1.000,1,1,1.000,1.250,1,2,.500,2,1,3,0,0,0,1,2,6,0,,orlando-robinson
Oso Ighodaro,22,PHO,PF,8,0,104,9,16,.563,0,0,,9,16,.563,.563,7,7,1.000,8,23,31,3,2,4,5,16,25,0,,oso-ighodaro
Ousmane Dieng,21,OKC,SF,13,0,170,20,57,.351,9,34,.265,11,23,.478,.430,7,9,.778,8,31,39,12,9,4,3,17,56,0,,ousmane-dieng
Pacome Dadiet,19,NYK,SG,5,0,39,3,7,.429,2,4,.500,1,3,.333,.571,2,2,1.000,0,8,8,1,1,1,1,2,10,0,,pacome-dadiet
Paolo Banchero,22,ORL,PF,5,5,182,48,97,.495,11,32,.344,37,65,.569,.552,38,59,.644,12,32,44,28,3,4,11,13,145,0,,paolo-banchero
Pascal Siakam,30,IND,PF,12,12,404,94,172,.547,26,57,.456,68,115,.591,.622,25,33,.758,21,56,77,49,8,2,16,32,239,0,,pascal-siakam
Pat Connaughton,32,MIL,SG,13,0,229,22,62,.355,12,40,.300,10,22,.455,.452,8,10,.800,6,31,37,24,3,2,10,15,64,0,,pat-connaughton
Pat Spencer,28,GSW,PG,3,0,5,2,3,.667,0,0,,2,3,.667,.667,0,0,,0,0,0,1,0,0,0,0,4,0,,pat-spencer
Patrick Baldwin Jr.,22,WAS,SF,7,0,37,7,17,.412,3,9,.333,4,8,.500,.500,1,2,.500,2,5,7,1,2,1,1,3,18,0,,patrick-baldwin
Patrick Williams,23,CHI,PF,13,13,383,45,114,.395,25,60,.417,20,54,.370,.504,19,23,.826,14,55,69,32,15,8,25,18,134,0,,patrick-williams
Patty Mills,36,UTA,PG,9,0,138,11,31,.355,7,24,.292,4,7,.571,.468,3,3,1.000,1,7,8,13,6,2,8,8,32,0,,patty-mills
Paul George,34,PHI,PF,6,6,181,35,88,.398,14,45,.311,21,43,.488,.477,15,18,.833,6,27,33,31,14,2,21,15,99,0,,paul-george
Paul Reed,25,DET,PF,6,0,64,12,19,.632,1,2,.500,11,17,.647,.658,4,5,.800,4,6,10,3,4,4,6,15,29,0,,paul-reed
Payton Pritchard,27,BOS,PG,14,0,395,71,153,.464,52,124,.419,19,29,.655,.634,23,26,.885,11,25,36,39,16,1,17,26,217,0,,payton-pritchard
Pelle Larsson,23,MIA,SG,7,0,97,12,23,.522,5,12,.417,7,11,.636,.630,6,10,.600,2,6,8,11,4,0,4,11,35,0,,pelle-larsson
Peyton Watson,22,DEN,SF,11,4,262,35,83,.422,10,28,.357,25,55,.455,.482,22,29,.759,11,25,36,10,10,10,6,23,102,0,,peyton-watson
PJ Dozier,28,MIN,SG,4,0,15,1,2,.500,1,2,.500,0,0,,.750,1,2,.500,1,2,3,2,1,0,0,2,4,0,,pj-dozier
P.J. Washington,26,DAL,PF,8,7,247,28,68,.412,7,32,.219,21,36,.583,.463,3,8,.375,12,46,58,12,13,9,8,18,66,0,,pj-washington
Quentin Grimes,24,DAL,SG,12,1,196,20,46,.435,10,28,.357,10,18,.556,.543,6,9,.667,5,28,33,12,6,1,7,19,56,0,,quentin-grimes
Quenton Jackson,26,IND,PG,4,0,46,8,15,.533,1,4,.250,7,11,.636,.567,2,2,1.000,3,3,6,6,2,1,4,4,19,0,,quenton-jackson
Rayan Rupert,20,POR,SG,12,0,130,18,36,.500,6,16,.375,12,20,.600,.583,4,6,.667,8,12,20,3,6,1,6,10,46,0,,rayan-rupert
Reece Beekman,23,GSW,PG,2,0,4,1,1,1.000,0,0,,1,1,1.000,1.000,0,0,,1,0,1,1,1,0,0,1,2,0,,reece-beekman
Reed Sheppard,20,HOU,SG,13,0,155,18,47,.383,7,25,.280,11,22,.500,.457,0,0,,5,11,16,21,5,1,8,13,43,0,,reed-sheppard
Reggie Jackson,34,PHI,PG,5,0,56,7,20,.350,5,12,.417,2,8,.250,.475,0,0,,0,6,6,11,2,0,3,5,19,0,,reggie-jackson
Richaun Holmes,31,WAS,PF,2,0,8,3,6,.500,0,1,.000,3,5,.600,.500,0,0,,1,1,2,0,0,0,0,1,6,0,,richaun-holmes
Ricky Council IV,23,PHI,SG,9,0,65,5,20,.250,2,9,.222,3,11,.273,.300,6,6,1.000,2,6,8,7,0,0,2,2,18,0,,ricky-council
Riley Minix,24,SAS,SF,1,0,7,0,1,.000,0,1,.000,0,0,,.000,0,0,,0,2,2,0,0,0,0,0,0,0,,riley-minix
RJ Barrett,24,TOR,SG,11,11,374,87,216,.403,21,66,.318,66,150,.440,.451,44,64,.688,10,58,68,73,11,3,34,29,239,1,,rj-barrett
Rob Dillingham,20,MIN,PG,6,0,31,6,9,.667,2,3,.667,4,6,.667,.778,0,0,,0,3,3,7,0,0,5,1,14,0,,rob-dillingham
Robert Williams,27,POR,C,3,0,54,15,19,.789,1,2,.500,14,17,.824,.816,5,5,1.000,4,13,17,5,5,5,3,1,36,0,,robert-williams
Ron Holland,19,DET,SF,14,1,224,34,81,.420,4,34,.118,30,47,.638,.444,16,19,.842,10,34,44,7,9,2,9,19,88,0,,ron-holland
Royce O'Neale,31,PHO,SF,13,1,327,44,106,.415,27,63,.429,17,43,.395,.542,12,15,.800,21,61,82,32,10,12,11,31,127,0,,royce-oneale
Rudy Gobert,32,MIN,C,13,13,423,54,84,.643,0,0,,54,84,.643,.643,33,41,.805,40,96,136,25,6,18,22,38,141,0,,rudy-gobert
Rui Hachimura,26,LAL,PF,10,10,339,45,107,.421,18,36,.500,27,71,.380,.505,19,23,.826,22,39,61,15,7,5,7,20,127,0,,rui-hachimura
Russell Westbrook,36,DEN,PG,11,3,268,36,104,.346,11,36,.306,25,68,.368,.399,33,47,.702,11,34,45,61,15,6,26,31,116,0,,russell-westbrook
Ryan Dunn,22,PHO,SF,12,6,221,35,80,.438,18,54,.333,17,26,.654,.550,1,4,.250,5,26,31,8,6,7,4,28,89,0,,ryan-dunn
Ryan Rollins,22,MIL,PG,9,1,68,10,23,.435,6,11,.545,4,12,.333,.565,3,4,.750,3,8,11,9,7,4,7,8,29,0,,ryan-rollins
Sam Hauser,27,BOS,PF,11,0,234,32,84,.381,23,71,.324,9,13,.692,.518,1,1,1.000,9,30,39,13,6,4,4,10,88,0,,sam-hauser
Sam Merrill,28,CLE,SG,12,0,236,27,67,.403,22,60,.367,5,7,.714,.567,6,6,1.000,2,18,20,19,8,1,6,24,82,0,,sam-merrill
Sandro Mamukelashvili,25,SAS,PF,11,0,100,18,32,.563,11,23,.478,7,9,.778,.734,7,7,1.000,6,25,31,4,1,5,9,7,54,0,,sandro-mamukelashvili
Santi Aldama,24,MEM,PF,13,11,377,65,142,.458,16,63,.254,49,79,.620,.514,14,15,.933,21,73,94,46,11,7,17,16,160,0,,santi-aldama
Scoot Henderson,20,POR,PG,13,1,332,57,136,.419,12,38,.316,45,98,.459,.463,29,36,.806,8,32,40,60,14,0,40,33,155,0,,scoot-henderson
Scottie Barnes,23,TOR,PF,4,4,134,29,63,.460,2,11,.182,27,52,.519,.476,17,23,.739,10,21,31,24,8,2,16,12,77,0,,scottie-barnes
Scotty Pippen Jr.,24,MEM,PG,13,4,334,55,114,.482,15,36,.417,40,78,.513,.548,26,32,.813,6,45,51,78,14,6,30,40,151,1,,scotty-pippen
Seth Curry,34,CHO,SG,11,4,180,22,51,.431,12,29,.414,10,22,.455,.549,3,5,.600,9,12,21,7,5,1,4,18,59,0,,seth-curry
Shaedon Sharpe,21,POR,SG,5,3,129,30,65,.462,7,28,.250,23,37,.622,.515,9,12,.750,5,11,16,7,3,1,8,9,76,0,,shaedon-sharpe
Shai Gilgeous-Alexander,26,OKC,SG,13,13,431,128,260,.492,23,75,.307,105,185,.568,.537,84,94,.894,12,60,72,80,21,15,35,22,363,0,,shai-gilgeous-alexander
Shake Milton,28,BRK,SG,10,0,103,8,21,.381,6,16,.375,2,5,.400,.524,2,2,1.000,4,5,9,14,2,0,2,9,24,0,,shake-milton
Sidy Cissoko,20,SAS,SF,7,0,20,2,4,.500,1,1,1.000,1,3,.333,.625,0,2,.000,2,4,6,4,0,0,1,4,5,0,,sidy-cissoko
Simone Fontecchio,29,DET,SF,12,0,229,23,62,.371,13,41,.317,10,21,.476,.476,17,21,.810,9,34,43,11,2,1,8,14,76,0,,simone-fontecchio
Spencer Dinwiddie,31,DAL,PG,12,0,202,14,43,.326,8,29,.276,6,14,.429,.419,7,10,.700,1,11,12,20,4,3,7,14,43,0,,spencer-dinwiddie
Spencer Jones,23,DEN,SF,1,0,2,0,0,,0,0,,0,0,,,0,0,,0,1,1,0,1,0,0,0,0,0,,spencer-jones
Stanley Umude,25,MIL,SG,3,0,14,1,3,.333,1,3,.333,0,0,,.500,0,2,.000,0,2,2,1,0,1,0,0,3,0,,stanley-umude
Stephen Curry,36,GSW,PG,9,9,259,68,142,.479,35,81,.432,33,61,.541,.602,33,35,.943,3,43,46,58,18,5,32,13,204,0,,stephen-curry
Stephon Castle,20,SAS,PG,14,7,344,49,123,.398,14,47,.298,35,76,.461,.455,26,38,.684,11,25,36,44,12,5,18,23,138,0,,stephon-castle
Steven Adams,31,HOU,C,6,0,75,7,11,.636,0,0,,7,11,.636,.636,3,8,.375,9,9,18,8,3,0,10,10,17,0,,steven-adams
Svi Mykhailiuk,27,UTA,SF,2,0,16,2,6,.333,2,5,.400,0,1,.000,.500,0,0,,0,1,1,2,1,0,2,2,6,0,,svi-mykhailiuk
Taj Gibson,39,CHO,C,6,5,76,10,18,.556,1,2,.500,9,16,.563,.583,2,3,.667,11,14,25,1,1,3,5,13,23,0,,taj-gibson
Talen Horton-Tucker,24,CHI,SG,9,0,85,12,26,.462,3,10,.300,9,16,.563,.519,9,13,.692,3,14,17,12,0,1,3,6,36,0,,talen-horton-tucker
Tari Eason,23,HOU,SF,13,0,297,68,123,.553,14,37,.378,54,86,.628,.610,13,20,.650,28,45,73,16,24,15,13,31,163,0,,tari-eason
Taurean Prince,30,MIL,SF,13,13,392,46,90,.511,29,52,.558,17,38,.447,.672,1,1,1.000,12,59,71,29,11,1,14,29,122,0,,taurean-prince
Taylor Hendricks,21,UTA,PF,3,3,75,4,18,.222,3,12,.250,1,6,.167,.306,3,4,.750,5,10,15,2,5,4,2,8,14,0,,taylor-hendricks
Terance Mann,28,LAC,SG,13,11,286,27,69,.391,6,24,.250,21,45,.467,.435,11,15,.733,17,35,52,21,7,3,8,31,71,0,,terance-mann
Terrence Shannon Jr. ,24,MIN,SG,4,0,15,2,3,.667,0,1,.000,2,2,1.000,.667,0,0,,0,0,0,2,2,1,2,0,4,0,,terrence-shannon
Terry Rozier,30,MIA,PG,11,11,354,50,130,.385,24,67,.358,26,63,.413,.477,22,25,.880,4,42,46,43,10,5,22,18,146,0,,terry-rozier
Thomas Bryant,27,MIA,C,7,0,89,10,21,.476,4,11,.364,6,10,.600,.571,5,5,1.000,6,19,25,4,1,5,1,7,29,0,,thomas-bryant
Tidjane Salaün,19,CHO,PF,10,2,164,11,44,.250,7,30,.233,4,14,.286,.330,1,4,.250,8,29,37,11,3,0,8,8,30,0,,tidjane-salaun
Tim Hardaway Jr.,32,DET,SG,12,12,341,47,101,.465,32,70,.457,15,31,.484,.624,24,27,.889,1,19,20,24,5,0,8,19,150,0,,tim-hardaway
T.J. McConnell,32,IND,PG,11,0,187,49,87,.563,1,4,.250,48,83,.578,.569,3,5,.600,4,22,26,43,10,2,20,9,102,0,,tj-mcconnell
Tobias Harris,32,DET,PF,14,14,473,76,171,.444,17,59,.288,59,112,.527,.494,19,24,.792,14,95,109,38,11,17,21,37,188,0,,tobias-harris
Torrey Craig,34,CHI,SF,2,0,6,0,1,.000,0,1,.000,0,0,,.000,0,0,,0,2,2,0,0,0,0,2,0,0,,torrey-craig
Toumani Camara,24,POR,PF,13,13,404,44,95,.463,19,43,.442,25,52,.481,.563,12,17,.706,29,37,66,26,22,4,23,38,119,0,,toumani-camara
Trae Young,26,ATL,PG,12,12,435,85,223,.381,38,111,.342,47,112,.420,.466,73,82,.890,11,37,48,136,14,2,56,24,281,0,,trae-young
Trayce Jackson-Davis,24,GSW,C,12,12,200,42,62,.677,0,0,,42,62,.677,.677,12,20,.600,16,42,58,27,4,6,9,16,96,0,,trayce-jackson-davis
Tre Jones,25,SAS,PG,2,0,35,1,7,.143,1,3,.333,0,4,.000,.214,3,4,.750,1,3,4,7,1,0,1,3,6,0,,tre-jones
Tre Mann,23,CHO,PG,11,0,272,61,134,.455,20,51,.392,41,83,.494,.530,17,17,1.000,10,23,33,33,7,3,20,21,159,0,,tre-mann
Trevelin Queen,27,ORL,SG,2,0,5,1,3,.333,1,1,1.000,0,2,.000,.500,0,0,,0,0,0,0,0,0,1,1,3,0,,trevelin-queen
Trey Alexander,21,DEN,SG,2,0,6,1,3,.333,0,1,.000,1,2,.500,.333,0,0,,0,1,1,0,0,0,0,0,2,0,,trey-alexander
Trey Jemison,25,NOP,C,8,0,81,10,18,.556,0,0,,10,18,.556,.556,6,8,.750,14,12,26,5,2,4,6,16,26,0,,trey-jemison
Trey Lyles,29,SAC,PF,14,1,273,27,74,.365,18,54,.333,9,20,.450,.486,9,10,.900,9,42,51,11,7,9,8,21,81,0,,trey-lyles
Trey Murphy III,24,NOP,SF,3,3,82,15,41,.366,6,22,.273,9,19,.474,.439,7,7,1.000,3,12,15,5,1,2,7,8,43,0,,trey-murphy
Tristan Da Silva,23,ORL,SF,10,8,243,26,69,.377,10,35,.286,16,34,.471,.449,8,10,.800,9,29,38,17,3,3,5,17,70,0,,tristan-da-silva
Tristan Thompson,33,CLE,PF,6,0,31,6,8,.750,0,0,,6,8,.750,.750,0,6,.000,0,5,5,1,0,0,3,2,12,0,,tristan-thompson
Ty Jerome,27,CLE,SG,14,0,231,51,86,.593,16,30,.533,35,56,.625,.686,19,23,.826,8,21,29,48,18,0,14,17,137,0,,ty-jerome
Tyler Herro,25,MIA,SG,11,11,369,93,187,.497,48,105,.457,45,82,.549,.626,35,41,.854,3,52,55,58,7,2,30,25,269,0,,tyler-herro
Tyler Kolek,23,NYK,PG,8,0,53,9,16,.563,6,11,.545,3,5,.600,.750,4,4,1.000,2,5,7,3,2,0,5,4,28,0,,tyler-kolek
Tyler Smith,20,MIL,PF,8,0,29,8,12,.667,3,7,.429,5,5,1.000,.792,1,2,.500,1,5,6,0,0,2,2,4,20,0,,tyler-smith
Tyrese Haliburton,24,IND,PG,12,12,416,68,170,.400,27,94,.287,41,76,.539,.479,31,40,.775,8,38,46,102,14,5,23,23,194,0,,tyrese-haliburton
Tyrese Martin,25,BRK,SG,3,0,20,2,6,.333,2,5,.400,0,1,.000,.500,0,0,,0,1,1,0,0,0,1,0,6,0,,tyrese-martin
Tyrese Maxey,24,PHI,PG,7,7,278,67,165,.406,22,77,.286,45,88,.511,.473,37,45,.822,0,21,21,27,10,4,14,20,193,0,,tyrese-maxey
TyTy Washington Jr.,23,PHO,PG,2,0,23,3,6,.500,2,3,.667,1,3,.333,.667,0,0,,0,1,1,2,1,0,0,0,8,0,,tyty-washington
Tyus Jones,28,PHO,PG,13,13,418,51,116,.440,25,68,.368,26,48,.542,.547,8,10,.800,9,27,36,81,11,2,14,13,135,0,,tyus-jones
Ulrich Chomche,19,TOR,PF,1,0,5,1,1,1.000,0,0,,1,1,1.000,1.000,0,0,,0,1,1,0,0,0,0,0,2,0,,ulrich-chomche
Vasilije Micić,31,CHO,PG,4,0,58,4,23,.174,1,8,.125,3,15,.200,.196,2,4,.500,5,9,14,4,2,0,5,3,11,0,,vasilije-micic
Victor Wembanyama,21,SAS,C,13,13,410,108,229,.472,38,112,.339,70,117,.598,.555,41,47,.872,30,106,136,37,17,48,46,26,295,0,,victor-wembanyama
Vince Williams Jr.,24,MEM,SG,1,0,24,4,9,.444,0,4,.000,4,5,.800,.444,1,4,.250,2,3,5,4,0,2,2,4,9,0,,vince-williams
Vit Krejci,24,ATL,PG,4,0,56,6,14,.429,2,7,.286,4,7,.571,.500,4,7,.571,1,4,5,4,3,1,4,9,18,0,,vit-krejci
Vlatko Čančar,27,DEN,PF,2,0,10,1,2,.500,0,0,,1,2,.500,.500,0,0,,1,2,3,0,0,1,0,0,2,0,,vlatko-cancar
Walker Kessler,23,UTA,C,9,9,238,35,51,.686,0,0,,35,51,.686,.686,13,23,.565,34,62,96,9,4,25,15,20,83,0,,walker-kessler
Wendell Carter Jr.,25,ORL,C,6,6,158,17,38,.447,2,16,.125,15,22,.682,.474,14,18,.778,12,41,53,13,8,2,3,14,50,0,,wendell-carter
Wendell Moore Jr.,23,DET,SG,5,0,61,9,15,.600,1,3,.333,8,12,.667,.633,0,1,.000,4,7,11,3,2,1,2,2,19,0,,wendell-moore
Xavier Tillman Sr.,26,BOS,C,10,1,94,6,23,.261,3,14,.214,3,9,.333,.326,0,0,,6,14,20,6,3,0,3,6,15,0,,xavier-tillman
Yongxi Cui,21,BRK,SG,2,0,3,0,0,,0,0,,0,0,,,1,2,.500,0,0,0,0,0,0,0,0,1,0,,yongxi-cui
Yuki Kawamura,23,MEM,PG,8,0,26,2,11,.182,1,8,.125,1,3,.333,.227,3,4,.750,0,2,2,6,0,0,3,1,8,0,,yuki-kawamura
Yves Missi,20,NOP,C,14,9,329,39,72,.542,0,0,,39,72,.542,.542,19,29,.655,42,52,94,22,9,16,16,20,97,0,,yves-missi
Zaccharie Risacher,19,ATL,SF,13,11,349,55,149,.369,15,65,.231,40,84,.476,.419,26,41,.634,20,30,50,17,13,11,15,31,151,0,,zaccharie-risacher
Zach Collins,27,SAS,C,14,1,209,31,65,.477,10,25,.400,21,40,.525,.554,21,22,.955,18,31,49,29,8,7,14,34,93,0,,zach-collins
Zach Edey,22,MEM,C,13,9,267,61,98,.622,6,9,.667,55,89,.618,.653,21,31,.677,40,50,90,9,11,12,22,42,149,0,,zach-edey
Zach LaVine,29,CHI,SF,10,10,349,81,158,.513,29,71,.408,52,87,.598,.604,28,38,.737,3,49,52,43,8,5,34,17,219,0,,zach-lavine
Zeke Nnaji,24,DEN,PF,7,0,48,6,13,.462,0,5,.000,6,8,.750,.462,1,4,.250,2,4,6,3,1,2,0,4,13,0,,zeke-nnaji
Ziaire Williams,23,BRK,SF,13,2,282,48,105,.457,14,44,.318,34,61,.557,.524,17,21,.810,15,48,63,13,13,5,13,38,127,0,,ziaire-williams
Zion Williamson,24,NOP,PF,6,6,186,47,104,.452,2,6,.333,45,98,.459,.462,40,60,.667,16,32,48,32,4,7,22,18,136,0,,zion-williamson
